net/minecraft/client/gui/narration/NarrationSupplier	0	0
net/minecraft/client/searchtree/SuffixArray	229	218
	36	35
	37	36
	38	37
	40	38
	41	40
	42	41
	43	42
	44	43
	46	46
	47	47
	48	48
	49	49
	52	52
	54	53
	56	54
	57	55
	58	56
	60	57
	61	57
	62	57
	64	57
	67	58
	68	59
	69	60
	70	61
	71	62
	73	63
	74	64
	75	65
	77	66
	78	67
	79	68
	81	70
	83	72
	84	73
	87	76
	89	78
	90	78
	91	79
	92	80
	93	81
	94	79
	97	84
	99	86
	100	87
	101	88
	103	90
	107	78
	110	95
	111	96
	113	97
	114	98
	115	100
	116	101
	117	102
	118	103
	120	106
	121	107
	123	109
	126	112
	127	113
	129	116
	130	117
	133	120
	134	121
	136	122
	137	124
	138	125
	139	126
	141	129
	142	130
	145	134
	147	137
	152	141
	153	142
	155	144
	156	145
	157	146
	158	147
	161	150
	162	151
	163	152
	164	153
	165	156
	166	157
	170	161
	174	165
	178	166
	179	167
	181	169
	182	170
	183	171
	184	172
	185	173
	187	176
	188	177
	190	179
	194	183
	195	218
	198	184
	200	185
	201	187
	202	188
	203	189
	204	190
	205	191
	207	194
	208	195
	210	197
	214	201
	217	202
	218	204
	219	205
	222	208
	223	209
	225	210
	226	212
	227	213
	229	216
net/minecraft/client/model/WitherBossModel	106	95
	64	62
	67	64
	68	65
	69	65
	72	67
	73	67
	74	68
	75	69
	77	70
	82	75
	87	79
	88	80
	90	81
	91	82
	93	83
	94	84
	95	85
	32	31
	33	32
	34	33
	99	88
	36	34
	100	89
	37	35
	101	90
	38	36
	39	37
	104	93
	105	94
	42	40
	106	95
	43	41
	45	42
	46	43
	47	43
	51	45
	53	46
	54	48
	55	49
	56	51
	57	53
	58	55
	59	57
	61	59
	62	61
	63	61
net/minecraft/client/MouseHandler	365	346
	256	243
	258	246
	259	247
	262	251
	263	252
	264	253
	270	256
	271	257
	272	258
	274	261
	275	262
	276	263
	277	264
	278	265
	279	266
	280	267
	281	268
	283	269
	284	270
	286	272
	287	273
	289	274
	290	275
	293	278
	294	279
	295	280
	298	283
	299	284
	300	285
	302	287
	305	290
	52	45
	53	46
	309	294
	56	49
	57	121
	313	298
	60	50
	61	51
	317	302
	64	54
	321	306
	67	55
	68	56
	69	57
	325	310
	70	58
	326	311
	71	59
	73	61
	74	62
	75	63
	331	314
	79	67
	335	318
	80	68
	336	333
	81	69
	82	70
	338	319
	339	333
	84	73
	85	74
	341	320
	86	75
	342	321
	87	76
	88	77
	344	324
	345	325
	90	80
	346	326
	347	327
	92	83
	348	328
	349	329
	94	84
	350	330
	351	333
	96	85
	97	86
	98	87
	354	336
	355	342
	101	90
	357	337
	102	91
	358	338
	103	92
	359	339
	360	340
	105	93
	361	342
	106	94
	107	95
	364	345
	109	97
	365	346
	112	102
	113	103
	114	104
	115	105
	116	106
	117	107
	118	108
	121	111
	122	112
	123	113
	124	114
	126	116
	130	121
	133	124
	134	125
	135	126
	136	127
	137	128
	138	129
	140	130
	141	131
	142	132
	143	133
	144	134
	145	135
	146	136
	147	137
	149	140
	150	141
	152	144
	153	145
	155	146
	156	147
	157	148
	158	149
	161	152
	162	153
	164	154
	165	155
	166	156
	167	157
	169	159
	170	160
	177	163
	181	168
	184	171
	185	172
	188	175
	189	176
	191	178
	194	182
	195	183
	196	184
	197	185
	199	187
	200	188
	201	190
	202	191
	204	194
	205	195
	206	196
	207	197
	210	201
	211	202
	212	203
	214	205
	216	207
	219	210
	220	225
	222	211
	223	212
	224	213
	225	214
	226	225
	229	216
	230	217
	231	218
	234	221
	235	222
	236	225
	240	228
	241	229
	242	230
	243	231
	244	232
	245	233
	246	234
	247	235
	249	236
	251	237
	252	238
	253	239
	254	240
net/minecraft/client/renderer/entity/OminousItemSpawnerRenderer	49	46
	33	32
	34	46
	37	33
	38	34
	39	35
	40	36
	43	39
	44	40
	45	41
	46	42
	47	43
	48	44
	49	46
	20	22
	21	23
	22	24
	26	27
	31	31
com/mojang/realmsclient/client/RealmsClient	456	457
	256	228
	258	229
	259	230
	260	231
	264	235
	265	236
	266	237
	270	241
	271	242
	272	243
	273	244
	276	247
	277	248
	278	249
	279	250
	283	253
	284	254
	285	255
	289	259
	290	260
	291	261
	294	264
	295	267
	296	268
	300	272
	301	273
	302	274
	306	278
	307	279
	308	280
	55	446
	312	284
	56	447
	313	285
	57	448
	314	286
	60	453
	61	454
	318	290
	62	455
	319	291
	63	456
	320	292
	64	457
	324	296
	325	297
	70	48
	326	298
	330	303
	331	305
	332	306
	333	307
	337	311
	338	312
	339	313
	340	314
	344	318
	345	319
	346	320
	351	324
	355	328
	356	329
	357	330
	358	331
	359	332
	363	336
	367	340
	368	341
	369	342
	372	345
	373	346
	374	347
	379	352
	380	353
	128	101
	384	357
	129	102
	385	358
	386	359
	133	106
	389	362
	134	107
	390	363
	135	108
	391	364
	394	367
	139	112
	395	368
	140	113
	396	369
	141	114
	143	115
	144	116
	400	373
	401	374
	402	375
	147	119
	148	120
	149	121
	405	378
	406	379
	151	124
	407	380
	152	125
	411	384
	156	129
	412	385
	157	130
	413	386
	158	131
	416	389
	162	135
	163	136
	164	137
	421	394
	422	395
	423	396
	168	141
	169	142
	170	143
	428	401
	429	402
	174	147
	430	403
	175	149
	431	404
	176	150
	177	151
	434	407
	180	155
	436	408
	437	421
	438	422
	184	159
	185	160
	441	409
	186	161
	443	410
	444	412
	189	164
	445	413
	190	165
	446	414
	191	166
	447	415
	194	169
	450	417
	195	170
	451	418
	196	171
	454	411
	455	424
	200	175
	456	425
	201	176
	202	177
	206	181
	207	182
	208	183
	212	187
	213	188
	214	189
	218	193
	219	194
	220	195
	221	196
	222	197
	225	200
	226	201
	227	202
	231	206
	232	207
	236	210
	237	211
	238	212
	241	210
	245	217
	246	218
	247	219
	250	222
	251	223
	252	224
	255	227
com/mojang/realmsclient/exception/RealmsServiceException	14	16
	9	12
	10	13
	14	16
net/minecraft/client/gui/components/toasts/ToastComponent	162	158
	130	132
	131	133
	132	134
	133	134
	135	134
	140	138
	142	139
	143	140
	144	141
	147	144
	148	145
	151	148
	152	149
	153	150
	26	26
	154	151
	27	27
	156	152
	157	153
	30	30
	158	154
	31	54
	159	155
	34	31
	162	158
	35	32
	36	33
	37	34
	38	35
	40	37
	43	40
	44	41
	45	42
	46	43
	47	44
	48	45
	49	46
	50	47
	52	49
	55	54
	58	57
	59	58
	60	60
	61	61
	62	62
	63	63
	64	64
	68	69
	72	73
	78	78
	79	79
	80	80
	83	84
	84	85
	85	86
	88	90
	92	94
	93	95
	94	96
	95	97
	98	100
	99	101
	102	104
	106	108
	120	122
	121	123
	122	124
	123	125
	126	128
net/minecraft/client/renderer/texture/OverlayTexture	73	63
	64	54
	34	25
	35	26
	68	58
	40	31
	72	62
	41	32
	73	63
	42	33
	43	34
	44	35
	48	38
	49	39
	52	42
	53	43
	23	18
	56	46
	27	20
	28	21
	60	50
	29	22
	31	23
net/minecraft/client/renderer/entity/layers/EnderEyesLayer	18	21
	18	21
	13	16
	14	17
net/minecraft/client/gui/screens/BackupConfirmScreen	62	72
	21	23
	22	24
	23	25
	24	26
	25	27
	26	28
	30	32
	32	33
	34	34
	35	36
	36	41
	37	46
	38	48
	39	49
	40	50
	42	52
	46	56
	47	57
	48	58
	49	59
	53	63
	58	68
	59	69
	60	70
	62	72
net/minecraft/client/gui/components/MultiLineLabel	124	130
	69	66
	70	67
	74	71
	75	73
	76	74
	77	75
	79	77
	18	19
	83	81
	84	83
	85	84
	22	23
	86	85
	88	87
	26	27
	92	91
	93	93
	30	31
	94	94
	95	95
	97	98
	35	36
	101	102
	102	103
	103	104
	40	41
	105	106
	106	107
	107	109
	108	110
	45	46
	110	113
	111	115
	112	116
	49	50
	114	119
	53	54
	119	125
	57	58
	58	58
	124	130
net/minecraft/client/resources/metadata/texture/package-info	0	0
com/mojang/realmsclient/util/task/ResettingWorldTask	62	65
	19	20
	20	21
	21	22
	22	23
	28	28
	29	29
	31	33
	32	34
	35	37
	37	38
	38	39
	41	42
	43	43
	44	44
	45	45
	46	46
	48	49
	49	51
	50	52
	51	53
	53	56
	54	57
	55	58
	56	50
	58	61
	62	65
net/minecraft/client/renderer/entity/layers/SlimeOuterLayer	44	43
	34	32
	35	33
	37	35
	40	38
	41	39
	42	40
	43	41
	44	43
	20	23
	21	24
	22	25
	26	28
	27	29
	29	30
	30	43
net/minecraft/client/renderer/texture/SimpleTexture	124	142
	24	25
	25	26
	29	30
	32	31
	34	32
	35	35
	36	36
	37	37
	39	39
	40	40
	42	43
	43	44
	44	45
	45	45
	46	45
	48	47
	50	49
	53	52
	54	53
	55	54
	58	57
	70	70
	71	71
	72	72
	73	73
	76	76
	77	77
	78	78
	79	79
	83	83
	86	89
	87	88
	88	101
	89	105
	91	108
	92	109
	93	110
	95	113
	96	114
	97	115
	103	121
	107	125
	108	126
	110	128
	115	133
	116	134
	118	136
	121	139
	122	140
	124	142
net/minecraft/client/renderer/entity/RabbitRenderer	37	38
	32	33
	33	34
	34	35
	35	36
	36	37
	37	38
	20	23
	21	24
	25	27
	26	28
	27	29
	30	31
	31	32
net/minecraft/client/gui/screens/options/MouseSettingsScreen	35	35
	16	19
	17	19
	33	33
	18	19
	19	19
	35	35
	20	19
	25	24
	26	25
	30	29
	15	18
	31	30
net/minecraft/client/multiplayer/resolver/ResolvedServerAddress	33	36
	33	36
	18	21
	23	26
	28	31
	15	18
net/minecraft/client/particle/TrialSpawnerDetectionParticle	69	68
	64	64
	65	65
	69	68
	13	15
	14	16
	15	17
	16	18
	17	19
	19	20
	20	21
	21	22
	22	23
	23	24
	24	25
	26	26
	28	27
	29	28
	30	29
	31	30
	32	31
	36	35
	41	40
	46	45
	51	50
	52	51
	53	52
	57	56
net/minecraft/client/gui/font/FontOption	54	51
	33	31
	39	35
	40	36
	43	39
	44	40
	45	41
	48	45
	20	21
	52	49
	21	22
	53	50
	54	51
	25	25
com/mojang/blaze3d/shaders/package-info	0	0
net/minecraft/client/particle/SculkChargeParticle	46	48
	33	33
	34	34
	35	35
	40	42
	41	43
	10	13
	42	44
	11	14
	43	45
	44	46
	13	15
	45	47
	14	16
	46	48
	16	17
	18	18
	19	19
	23	23
	28	28
net/minecraft/client/renderer/GameRenderer	1501	1660
	1024	1208
	1026	1210
	1027	1211
	1028	1212
	1032	1217
	1036	1222
	1037	1223
	1038	1224
	1039	1225
	1042	1228
	1044	1229
	1045	1230
	1047	1231
	1048	1232
	1049	1233
	1051	1234
	1052	1235
	1054	1236
	1056	1237
	1057	1238
	1059	1239
	1060	1240
	1061	1241
	1062	1242
	1064	1245
	1066	1246
	1067	1247
	1068	1248
	1069	1249
	1071	1250
	1072	1251
	1074	1252
	1075	1253
	1076	1254
	1077	1255
	1078	1256
	1081	1259
	1083	1260
	1084	1261
	1086	1262
	1087	1265
	1111	1266
	1112	1267
	1113	1268
	1114	1269
	1116	1272
	1117	1273
	1120	1276
	1121	1277
	1122	1278
	1123	1279
	1124	1280
	1127	1283
	1131	1287
	1132	1288
	1133	1289
	1134	1290
	1135	1291
	1138	1294
	1139	1320
	1142	1295
	1143	1296
	1144	1297
	1145	1298
	1146	1299
	1147	1300
	1149	1301
	1150	1302
	1152	1303
	1153	1304
	1154	1305
	1155	1306
	1156	1307
	1157	1308
	1158	1309
	1159	1310
	1160	1311
	1161	1312
	1163	1318
	1164	1320
	1167	1323
	1168	1324
	1170	1325
	1171	1326
	1172	1327
	1173	1328
	1174	1329
	1176	1330
	1177	1331
	1178	1332
	1180	1333
	1181	1334
	1182	1335
	1183	1336
	1184	1337
	1185	1338
	1186	1339
	1187	1340
	1188	1341
	1189	1342
	1190	1343
	1192	1344
	1193	1345
	1196	1348
	1200	1352
	1204	1356
	1208	1360
	1212	1364
	1216	1368
	1221	1373
	1226	1378
	1231	1383
	1236	1388
	1241	1393
	1246	1398
	1251	1403
	1256	1408
	1261	1413
	1266	1418
	1271	1423
	1276	1428
	1281	1433
	1286	1438
	1291	1443
	1296	1448
	276	251
	277	252
	1301	1453
	278	253
	279	254
	280	255
	281	256
	1306	1458
	283	257
	284	258
	1311	1463
	288	261
	289	262
	290	263
	291	264
	292	265
	1316	1468
	293	266
	294	267
	296	270
	297	271
	1321	1473
	299	273
	302	276
	1326	1478
	303	277
	306	280
	307	281
	1331	1483
	310	284
	311	285
	1336	1488
	314	288
	1341	1493
	318	292
	319	293
	321	296
	322	297
	1346	1498
	325	300
	326	301
	1351	1503
	329	304
	330	305
	332	308
	1356	1508
	334	309
	335	310
	336	311
	337	312
	1361	1513
	338	313
	339	314
	341	316
	1366	1518
	344	319
	345	320
	1371	1523
	349	324
	350	325
	351	326
	352	327
	1376	1528
	353	328
	354	329
	355	330
	356	331
	357	332
	1381	1533
	359	334
	362	337
	1386	1538
	363	338
	367	342
	1391	1543
	368	343
	369	344
	370	345
	371	346
	372	347
	1396	1548
	374	349
	377	352
	1401	1553
	378	353
	379	354
	380	355
	382	357
	1406	1558
	1411	1563
	387	1659
	388	1660
	389	1660
	391	1660
	1416	1568
	396	360
	1421	1573
	400	362
	401	365
	402	366
	1426	1578
	404	372
	405	373
	406	380
	407	378
	1431	1583
	408	379
	409	395
	411	396
	1436	1588
	413	398
	414	399
	1441	1593
	419	403
	420	404
	421	405
	1446	1598
	423	408
	424	409
	425	410
	1451	1603
	429	413
	1456	1608
	435	419
	436	420
	1461	1613
	439	423
	440	424
	441	425
	1466	1618
	444	428
	445	429
	446	430
	447	431
	1471	1623
	448	432
	449	433
	452	434
	1476	1628
	453	436
	457	440
	1481	1633
	458	441
	459	442
	460	443
	461	444
	1486	1638
	466	449
	1491	1643
	470	450
	471	451
	472	452
	1496	1648
	473	453
	475	455
	1501	1653
	478	459
	479	460
	480	462
	481	467
	482	473
	483	477
	484	482
	486	486
	487	491
	488	495
	489	499
	490	505
	491	511
	492	517
	493	523
	494	529
	495	535
	496	541
	497	547
	498	553
	499	559
	500	565
	501	570
	502	576
	503	582
	504	588
	505	594
	506	598
	507	603
	508	609
	509	614
	510	620
	511	626
	512	632
	513	637
	514	643
	515	649
	516	655
	517	661
	518	667
	519	673
	520	679
	521	685
	522	691
	523	695
	524	699
	525	705
	526	711
	527	717
	528	722
	529	726
	530	731
	531	737
	532	743
	533	749
	534	752
	535	753
	536	754
	537	755
	540	758
	542	759
	543	760
	544	761
	545	762
	546	763
	547	764
	550	767
	551	768
	552	769
	553	770
	557	774
	558	774
	560	774
	564	778
	565	779
	567	780
	568	781
	570	784
	571	785
	572	786
	574	787
	575	806
	578	788
	580	789
	581	790
	582	791
	583	792
	584	793
	586	795
	587	796
	590	799
	591	800
	592	801
	593	802
	596	806
	600	810
	604	814
	605	815
	607	818
	608	819
	611	822
	612	823
	615	826
	616	827
	617	838
	619	828
	620	838
	623	829
	625	830
	626	831
	628	832
	629	833
	630	834
	632	835
	633	838
	637	841
	638	842
	640	843
	642	844
	643	845
	646	846
	647	847
	648	848
	651	851
	652	852
	654	853
	655	854
	656	855
	658	856
	659	857
	661	858
	666	862
	667	863
	668	864
	669	865
	670	866
	672	868
	676	873
	677	874
	679	875
	682	878
	683	879
	685	880
	686	881
	688	884
	689	885
	691	887
	694	890
	695	891
	698	893
	699	894
	700	895
	701	896
	703	899
	704	900
	706	901
	709	904
	710	905
	711	906
	714	909
	718	914
	720	915
	722	916
	723	917
	725	918
	728	921
	729	922
	731	925
	732	926
	734	927
	736	928
	737	929
	738	930
	739	931
	741	933
	744	936
	745	945
	747	937
	749	938
	750	939
	751	940
	752	941
	753	942
	754	943
	755	945
	758	948
	759	949
	760	950
	761	951
	762	952
	763	953
	764	954
	765	955
	768	958
	769	995
	772	959
	774	960
	775	961
	776	962
	777	963
	778	964
	779	965
	781	966
	782	967
	783	968
	786	971
	788	972
	789	976
	790	977
	791	985
	794	988
	795	989
	796	990
	797	991
	798	992
	800	995
	803	998
	804	999
	807	1002
	808	1003
	809	1004
	810	1005
	812	1008
	816	1014
	820	1018
	821	1019
	822	1019
	824	1019
	829	1023
	830	1030
	832	1026
	833	1027
	837	1033
	838	1146
	841	1034
	843	1035
	844	1036
	846	1037
	847	1038
	848	1039
	850	1040
	852	1041
	854	1042
	856	1043
	857	1044
	858	1045
	860	1046
	862	1047
	864	1050
	867	1053
	868	1054
	870	1056
	872	1057
	874	1058
	875	1059
	876	1060
	877	1061
	879	1062
	881	1063
	883	1064
	884	1065
	885	1066
	886	1068
	887	1070
	888	1071
	889	1072
	893	1076
	894	1077
	896	1080
	897	1081
	898	1082
	900	1085
	902	1087
	903	1088
	904	1089
	905	1090
	907	1091
	909	1092
	911	1094
	913	1096
	914	1097
	915	1098
	916	1099
	918	1100
	919	1103
	920	1108
	922	1117
	927	1121
	928	1122
	930	1124
	931	1125
	932	1126
	933	1127
	935	1128
	939	1132
	940	1133
	943	1136
	944	1137
	945	1138
	946	1139
	949	1142
	951	1143
	952	1144
	953	1146
	956	1149
	957	1165
	960	1150
	961	1151
	962	1165
	964	1152
	966	1153
	967	1154
	968	1165
	971	1155
	972	1156
	973	1157
	976	1159
	978	1161
	979	1165
	982	1168
	983	1169
	984	1170
	985	1171
	986	1172
	987	1173
	988	1174
	989	1175
	990	1176
	991	1177
	993	1179
	994	1180
	997	1183
	998	1184
	999	1185
	1000	1186
	1001	1187
	1003	1189
	1005	1191
	1007	1193
	1010	1196
	1011	1197
	1014	1199
	1015	1200
	1016	1201
	1018	1202
	1019	1203
	1020	1204
	1021	1205
	1022	1206
	1023	1207
net/minecraft/client/telemetry/events/GameLoadTimesEvent	76	89
	64	74
	65	76
	66	77
	68	79
	69	81
	72	84
	73	85
	76	89
	28	28
	29	29
	32	32
	33	33
	36	36
	37	37
	40	42
	41	43
	44	46
	45	47
	46	48
	47	54
	49	50
	50	51
	52	54
	55	57
	56	60
	57	61
	58	64
	59	65
	60	66
	62	68
net/minecraft/client/model/EntityModel	32	33
	16	18
	32	33
	19	21
	20	22
	25	27
	29	30
	30	31
	15	17
	31	32
net/minecraft/client/gui/screens/worldselection/OptimizeWorldScreen	127	153
	34	37
	35	38
	36	39
	37	40
	38	41
	46	51
	47	52
	48	61
	49	57
	50	58
	51	59
	52	77
	53	73
	54	78
	55	79
	56	80
	61	92
	62	93
	63	94
	64	95
	68	99
	70	100
	71	101
	72	102
	73	103
	74	104
	78	108
	79	109
	81	111
	85	115
	86	116
	90	120
	91	121
	95	125
	97	126
	99	127
	100	128
	101	129
	102	130
	104	131
	106	132
	107	133
	109	134
	110	135
	111	136
	113	139
	114	141
	115	142
	116	143
	117	144
	120	147
	122	148
	123	149
	124	150
	125	151
	127	153
net/minecraft/client/renderer/entity/ZombieVillagerRenderer	31	34
	16	18
	17	21
	18	22
	19	23
	21	26
	22	27
	26	30
	14	17
	31	34
net/minecraft/client/resources/server/ServerPackManager	412	389
	256	164
	257	165
	258	166
	260	169
	262	171
	264	174
	267	177
	269	178
	270	179
	271	180
	272	181
	274	183
	280	189
	281	190
	282	191
	283	192
	284	193
	286	194
	287	195
	291	200
	292	201
	299	204
	300	205
	301	207
	302	208
	306	209
	307	210
	310	213
	55	35
	311	214
	56	36
	312	215
	57	37
	58	38
	59	39
	60	40
	316	220
	317	221
	318	223
	63	43
	319	224
	64	44
	321	227
	323	230
	327	234
	328	235
	329	236
	331	238
	332	239
	334	240
	337	243
	338	244
	339	245
	340	246
	343	249
	344	250
	345	251
	346	252
	91	358
	92	359
	349	254
	354	259
	355	260
	356	261
	357	262
	361	266
	362	267
	365	270
	368	273
	369	274
	370	275
	371	276
	115	377
	116	378
	117	379
	374	280
	118	380
	375	281
	377	284
	121	383
	378	285
	122	384
	124	386
	382	289
	127	389
	384	290
	385	292
	386	293
	387	302
	133	47
	389	298
	134	48
	390	299
	135	49
	391	300
	392	295
	138	52
	395	306
	141	55
	142	56
	398	308
	143	60
	399	309
	400	310
	146	58
	147	60
	404	314
	150	63
	151	64
	152	78
	408	318
	412	322
	157	68
	158	69
	159	70
	162	73
	163	74
	164	75
	165	76
	166	78
	170	81
	172	82
	174	83
	175	84
	178	87
	179	88
	182	91
	183	92
	184	93
	188	97
	189	98
	190	99
	193	103
	197	107
	198	108
	199	109
	200	110
	202	112
	205	115
	206	116
	208	119
	209	120
	212	123
	214	125
	215	126
	216	127
	220	131
	221	132
	224	135
	225	137
	226	138
	227	139
	230	143
	231	144
	234	147
	236	148
	239	151
	240	152
	241	153
	244	156
	245	157
	248	160
	249	161
	252	162
	255	163
net/minecraft/client/renderer/texture/StitcherException	22	18
	18	14
	19	15
	22	18
	10	13
	13	13
	14	13
	15	13
net/minecraft/client/renderer/entity/layers/ArrowLayer	37	40
	32	35
	33	36
	34	37
	19	22
	35	38
	20	23
	36	39
	21	24
	37	40
	25	28
	30	33
	31	34
net/minecraft/client/renderer/entity/GlowSquidRenderer	28	25
	19	20
	24	24
	25	25
	26	25
	28	25
	14	16
	15	17
net/minecraft/client/renderer/debug/WaterDebugRenderer	54	58
	32	34
	33	34
	35	34
	36	35
	40	44
	41	45
	42	46
	43	47
	46	50
	47	51
	16	19
	48	52
	17	20
	49	53
	21	24
	22	25
	54	58
	24	27
	25	28
	26	29
	27	30
	29	31
	30	34
	31	34
net/minecraft/client/renderer/entity/PolarBearRenderer	25	26
	18	20
	23	24
	24	25
	25	26
	13	16
	14	17
net/minecraft/client/model/SkullModelBase	8	11
	7	10
	8	11
net/minecraft/client/tutorial/CompletedTutorialStepInstance	5	9
	5	9
net/minecraft/client/gui/screens/recipebook/RecipeCollection	121	124
	64	66
	65	67
	66	68
	67	69
	69	71
	71	74
	72	75
	74	77
	77	80
	80	83
	84	87
	88	91
	25	26
	26	27
	28	28
	92	95
	29	29
	31	31
	96	99
	33	33
	97	100
	99	102
	36	36
	100	103
	37	37
	101	104
	38	39
	39	40
	40	41
	41	42
	105	108
	44	46
	109	112
	111	114
	48	50
	112	115
	113	116
	52	54
	117	120
	56	58
	57	59
	121	124
	58	60
	61	63
net/minecraft/client/renderer/debug/ChunkDebugRenderer	111	134
	31	35
	32	36
	36	40
	37	41
	38	42
	40	43
	42	44
	43	45
	45	47
	49	51
	50	52
	51	53
	52	55
	53	56
	54	57
	55	58
	56	59
	58	62
	59	63
	60	65
	61	67
	62	79
	66	83
	73	91
	74	92
	75	93
	76	94
	78	95
	79	96
	80	98
	81	99
	82	100
	83	101
	84	102
	85	103
	86	104
	87	105
	89	107
	90	108
	92	111
	95	115
	96	116
	97	117
	98	118
	99	119
	101	121
	102	122
	103	124
	104	125
	105	126
	106	127
	109	131
	111	134
net/minecraft/client/gui/screens/package-info	0	0
com/mojang/blaze3d/audio/ListenerTransform	9	12
	9	12
net/minecraft/client/gui/components/spectator/package-info	0	0
net/minecraft/client/gui/narration/package-info	0	0
net/minecraft/client/color/block/BlockColors	141	135
	128	122
	131	125
	132	126
	134	128
	137	131
	138	132
	141	135
	35	36
	37	37
	38	38
	39	40
	41	39
	43	44
	45	45
	46	46
	47	48
	49	47
	52	54
	53	55
	54	56
	55	56
	57	56
	59	58
	63	61
	64	62
	66	63
	67	64
	68	66
	70	65
	73	74
	74	75
	75	77
	77	76
	80	83
	81	86
	83	87
	84	88
	85	90
	87	89
	90	93
	92	94
	93	95
	94	96
	96	98
	98	99
	99	99
	100	99
	102	99
	105	100
	109	104
	111	105
	112	106
	115	108
	116	109
	120	114
	121	115
	125	119
	126	120
net/minecraft/client/particle/FlyTowardsPositionParticle	156	150
	133	126
	134	127
	138	130
	139	131
	140	132
	18	19
	19	20
	148	141
	149	142
	22	25
	23	26
	24	27
	25	28
	153	146
	154	148
	27	29
	155	149
	28	30
	156	150
	29	31
	30	32
	31	33
	32	34
	33	35
	34	36
	35	37
	36	38
	37	39
	38	40
	40	41
	42	42
	43	43
	44	44
	45	45
	47	46
	49	47
	50	48
	54	52
	55	52
	57	52
	62	57
	63	58
	64	59
	68	63
	69	64
	71	66
	73	67
	74	68
	75	69
	77	70
	78	71
	79	72
	80	73
	81	74
	83	77
	88	83
	89	84
	90	85
	92	86
	93	87
	94	98
	97	89
	98	90
	100	91
	101	92
	102	93
	103	94
	104	95
	105	96
	106	98
	110	102
	111	103
	112	104
	118	111
	119	112
	123	115
	124	116
	125	117
net/minecraft/client/gui/screens/inventory/MerchantScreen	351	317
	256	227
	258	229
	261	232
	262	233
	263	234
	265	236
	266	237
	267	238
	268	239
	270	240
	271	241
	273	243
	276	246
	281	251
	282	252
	283	253
	284	254
	286	257
	291	262
	293	263
	294	264
	295	265
	296	266
	298	267
	299	268
	301	269
	303	270
	305	272
	310	278
	311	279
	312	280
	314	281
	61	58
	62	59
	318	282
	63	60
	64	61
	320	285
	67	64
	68	65
	69	66
	70	67
	327	293
	328	294
	329	295
	74	71
	330	296
	76	72
	77	73
	333	299
	79	74
	80	76
	81	77
	337	303
	82	78
	338	304
	83	79
	339	305
	84	80
	340	306
	341	307
	86	82
	342	308
	343	309
	88	83
	344	310
	90	85
	346	312
	347	313
	348	314
	94	89
	95	90
	351	317
	96	91
	97	92
	98	93
	99	94
	101	96
	103	99
	105	100
	106	101
	107	102
	111	106
	112	107
	114	108
	116	109
	117	110
	118	111
	119	112
	120	113
	123	116
	124	117
	125	118
	128	121
	131	124
	132	125
	134	126
	135	141
	139	127
	141	128
	142	129
	143	141
	146	130
	147	131
	148	132
	151	133
	152	134
	153	135
	154	136
	155	137
	157	141
	160	144
	161	145
	162	146
	163	147
	164	148
	165	149
	166	150
	168	151
	170	154
	173	156
	175	158
	179	162
	181	163
	182	164
	183	165
	184	166
	186	167
	187	168
	189	169
	191	170
	192	172
	193	173
	194	194
	198	174
	199	175
	200	176
	201	177
	203	178
	204	179
	206	180
	208	181
	210	182
	211	183
	212	184
	215	187
	217	188
	218	189
	219	190
	221	191
	222	192
	225	198
	226	199
	228	200
	229	201
	232	204
	233	205
	236	208
	237	209
	238	210
	240	213
	243	216
	246	219
	247	220
	250	223
	251	224
	253	225
net/minecraft/client/renderer/blockentity/BannerRenderer	140	143
	128	129
	130	131
	131	132
	132	133
	133	134
	135	136
	138	141
	139	142
	140	143
	42	45
	43	46
	44	47
	45	48
	46	49
	49	52
	50	53
	52	54
	53	54
	54	54
	57	55
	58	55
	59	55
	62	56
	63	56
	64	56
	67	57
	72	61
	73	62
	75	63
	78	65
	79	66
	80	67
	81	68
	83	70
	85	71
	86	72
	87	73
	89	74
	90	75
	92	76
	94	78
	95	79
	96	80
	97	81
	99	82
	102	86
	103	87
	104	88
	105	89
	106	90
	108	91
	110	92
	111	93
	113	94
	115	96
	117	98
	118	99
	119	100
	122	113
	123	114
	126	128
net/minecraft/client/telemetry/TelemetryEventSender	13	16
	10	13
	11	14
	12	15
	13	16
net/minecraft/client/resources/metadata/animation/VillagerMetadataSectionSerializer	15	16
	10	12
	15	16
net/minecraft/client/multiplayer/ClientCommonPacketListenerImpl	418	383
	259	221
	261	222
	262	223
	264	225
	266	227
	267	228
	268	229
	269	230
	273	234
	274	235
	279	238
	280	239
	282	240
	283	241
	286	243
	287	244
	288	245
	290	246
	291	248
	292	256
	296	259
	297	260
	300	263
	301	265
	302	266
	303	267
	304	268
	305	269
	306	270
	307	271
	310	274
	313	277
	314	278
	318	281
	319	282
	320	283
	321	284
	325	287
	326	288
	328	289
	329	290
	330	291
	332	293
	335	296
	336	297
	337	298
	339	299
	345	304
	349	308
	94	98
	350	309
	95	99
	96	100
	352	311
	97	101
	98	102
	354	313
	99	103
	100	104
	101	105
	102	106
	103	107
	104	108
	361	316
	362	317
	363	318
	108	111
	365	319
	113	112
	114	113
	116	114
	117	115
	118	115
	377	335
	123	117
	379	337
	380	338
	381	339
	382	340
	127	120
	383	341
	128	121
	385	344
	130	122
	387	346
	388	347
	389	348
	134	126
	390	349
	391	350
	136	127
	138	128
	139	129
	395	354
	140	130
	141	131
	397	355
	142	132
	143	132
	400	358
	145	132
	401	359
	403	361
	404	362
	405	364
	150	136
	406	369
	151	137
	407	370
	409	372
	154	138
	410	373
	411	374
	414	379
	159	142
	415	380
	160	143
	416	381
	417	382
	418	383
	164	146
	165	147
	166	148
	170	151
	171	152
	172	161
	175	153
	176	154
	177	155
	178	156
	180	158
	182	161
	188	166
	189	167
	190	168
	191	169
	192	170
	193	181
	196	172
	197	173
	199	174
	200	175
	201	178
	204	176
	206	181
	210	184
	211	185
	212	186
	213	186
	215	187
	218	190
	219	190
	221	190
	228	196
	229	197
	230	198
	231	198
	233	199
	234	200
	236	198
	241	205
	242	206
	243	208
	247	211
	248	212
	249	213
	253	216
	254	217
	255	218
net/minecraft/client/gui/screens/inventory/BrewingStandScreen	60	59
	32	32
	33	33
	34	34
	38	38
	39	39
	40	40
	42	41
	43	42
	44	43
	45	44
	48	47
	49	48
	50	49
	51	50
	52	51
	21	21
	22	22
	55	54
	56	55
	57	56
	26	26
	27	27
	28	28
	60	59
net/minecraft/client/sounds/package-info	0	0
net/minecraft/client/renderer/block/model/multipart/OrCondition	25	27
	18	19
	19	20
	23	25
	25	27
net/minecraft/client/renderer/entity/TippableArrowRenderer	16	18
	16	18
	11	14
	12	15
net/minecraft/client/model/CamelModel	171	176
	129	136
	130	137
	132	138
	133	139
	135	140
	136	141
	139	144
	140	145
	141	146
	144	149
	145	150
	147	152
	148	153
	151	156
	152	157
	154	159
	158	163
	159	164
	160	165
	33	33
	161	166
	34	34
	162	167
	35	35
	163	168
	36	36
	37	37
	165	170
	38	38
	167	172
	41	41
	42	42
	171	176
	44	43
	46	44
	47	45
	48	45
	50	47
	51	48
	52	48
	54	50
	55	51
	56	51
	58	53
	59	56
	60	58
	61	60
	62	62
	64	64
	65	65
	66	65
	68	67
	69	68
	70	68
	72	70
	73	71
	74	71
	76	73
	77	74
	78	74
	80	76
	81	77
	82	77
	84	79
	85	80
	86	80
	88	82
	89	85
	90	87
	91	89
	92	91
	94	93
	95	96
	96	98
	97	100
	98	102
	100	104
	101	107
	102	109
	103	111
	104	113
	105	115
	106	118
	108	120
	113	124
	116	125
	117	126
	119	127
	121	128
	122	129
	123	130
	124	131
	125	132
	126	133
net/minecraft/client/renderer/MultiBufferSource	101	105
	64	65
	68	70
	69	71
	70	72
	72	74
	75	77
	77	79
	78	80
	80	82
	17	19
	83	85
	84	86
	21	23
	85	87
	87	89
	90	92
	91	93
	92	94
	93	95
	94	96
	96	99
	98	102
	35	37
	99	103
	36	38
	37	39
	101	105
	41	43
	42	44
	43	45
	44	46
	47	49
	48	50
	51	52
	52	53
	53	54
	55	56
	56	57
	58	60
	59	61
	62	64
net/minecraft/client/ClientRecipeBook	128	138
	128	138
	33	35
	35	36
	36	37
	38	38
	39	41
	42	44
	43	49
	46	53
	47	54
	48	55
	51	58
	52	59
	54	61
	55	62
	56	63
	60	64
	61	65
	63	66
	65	67
	67	69
	68	70
	69	71
	70	72
	71	73
	73	76
	76	81
	80	85
	81	86
	82	87
	83	88
	84	89
	85	90
	86	91
	90	95
	91	96
	92	97
	93	98
	94	99
	95	100
	96	101
	97	102
	101	107
	102	108
	104	111
	105	112
	107	115
	108	116
	112	120
	113	121
	115	122
	116	123
	119	126
	120	128
	124	134
net/minecraft/client/model/AllayModel	117	138
	32	33
	33	34
	34	35
	35	36
	36	37
	37	38
	38	39
	39	40
	40	41
	44	45
	48	49
	49	50
	51	51
	52	52
	53	55
	54	60
	55	64
	56	69
	57	74
	58	79
	60	84
	65	88
	67	89
	68	90
	69	91
	70	92
	71	93
	72	94
	73	95
	75	96
	76	97
	77	98
	78	99
	79	100
	80	101
	81	102
	82	103
	83	104
	84	105
	86	107
	87	108
	90	111
	91	112
	92	113
	93	114
	94	115
	95	116
	96	117
	97	118
	98	119
	99	120
	100	121
	101	122
	102	123
	103	124
	104	125
	105	126
	109	130
	110	131
	111	132
	112	133
	113	134
	114	135
	115	136
	116	137
	117	138
net/minecraft/client/renderer/debug/ChunkBorderRenderer	112	102
	20	22
	21	23
	25	27
	27	28
	28	29
	30	30
	31	31
	32	32
	34	33
	36	34
	39	36
	40	37
	41	38
	42	39
	43	40
	44	41
	49	45
	50	46
	51	47
	52	48
	53	49
	54	50
	56	51
	57	52
	58	53
	59	54
	63	57
	64	58
	65	59
	66	60
	67	61
	68	62
	70	63
	71	64
	72	65
	73	66
	77	69
	78	70
	79	71
	80	72
	81	73
	82	74
	83	75
	84	76
	85	77
	86	78
	89	81
	92	83
	93	84
	94	85
	95	86
	96	87
	97	88
	102	92
	103	93
	104	94
	105	95
	106	96
	107	97
	108	98
	109	99
	110	100
	112	102
net/minecraft/client/renderer/texture/TextureAtlasSprite	124	119
	65	63
	66	64
	69	65
	73	69
	74	70
	78	74
	79	75
	83	79
	21	22
	22	23
	87	83
	24	24
	25	25
	27	26
	91	87
	28	27
	92	88
	29	28
	30	29
	31	30
	96	92
	97	93
	34	33
	101	97
	38	37
	42	41
	106	101
	46	45
	110	105
	111	106
	50	49
	114	109
	115	110
	116	111
	55	54
	56	55
	120	115
	60	58
	124	119
	61	59
net/minecraft/client/renderer/entity/layers/package-info	0	0
net/minecraft/client/server/LanServerDetection	105	106
	68	31
	69	32
	70	33
	71	34
	73	35
	74	36
	75	37
	76	38
	77	39
	82	42
	84	44
	85	45
	87	48
	88	49
	89	50
	90	51
	91	52
	92	53
	28	77
	29	78
	30	79
	95	56
	31	80
	96	57
	97	58
	33	82
	101	62
	37	87
	102	63
	38	88
	39	89
	104	66
	40	106
	105	67
	43	90
	45	91
	46	93
	47	94
	48	95
	49	96
	50	97
	54	101
	55	102
	56	103
	58	106
net/minecraft/client/gui/screens/options/VideoSettingsScreen	188	200
	128	140
	130	141
	131	142
	132	143
	133	144
	136	147
	137	148
	138	149
	139	150
	142	153
	143	154
	144	155
	145	156
	148	159
	150	162
	151	163
	153	164
	154	165
	155	166
	158	167
	159	168
	32	35
	160	169
	33	36
	34	38
	35	40
	163	173
	36	42
	37	44
	165	175
	38	46
	39	48
	40	50
	41	52
	42	54
	170	181
	43	56
	171	182
	44	58
	172	183
	173	184
	174	185
	175	186
	176	187
	177	188
	178	189
	179	190
	52	63
	180	191
	53	64
	181	192
	182	193
	55	65
	56	66
	58	67
	186	198
	188	200
	61	70
	62	71
	66	75
	68	76
	69	77
	71	79
	72	80
	74	82
	75	83
	78	87
	80	88
	82	90
	83	91
	85	92
	86	93
	89	95
	90	97
	92	107
	93	108
	95	110
	96	113
	98	111
	99	113
	102	115
	103	116
	104	117
	105	118
	109	122
	110	123
	111	124
	116	128
	117	129
	118	130
	120	133
	121	134
	125	138
	126	139
net/minecraft/client/renderer/entity/DolphinRenderer	20	21
	16	18
	20	21
	13	16
	15	17
net/minecraft/client/player/LocalPlayer	1261	1073
	1026	888
	1027	889
	1028	890
	1029	954
	1039	891
	1040	892
	1041	893
	1042	894
	1046	897
	1049	901
	1050	898
	1054	899
	1055	900
	1056	901
	1060	902
	1061	903
	1065	904
	1066	905
	1069	906
	1070	907
	1071	908
	1072	909
	1075	910
	1076	911
	1081	912
	1083	914
	1084	915
	1085	916
	1092	917
	1093	918
	1094	919
	1097	921
	1098	922
	1099	923
	1100	925
	1101	926
	1102	927
	1103	928
	1106	932
	1107	933
	1108	934
	1109	935
	1110	936
	1120	944
	1121	954
	1129	945
	1130	946
	1131	954
	1135	947
	1136	954
	1140	957
	1141	958
	1142	959
	1143	960
	1144	961
	1145	962
	1146	963
	1147	964
	1148	969
	1150	965
	1151	966
	1152	967
	1156	974
	1158	976
	1159	977
	1160	978
	1161	979
	1162	980
	1166	984
	1167	985
	1171	989
	1172	990
	1173	991
	1174	992
	1175	993
	1176	994
	1177	995
	157	157
	1181	999
	158	158
	159	159
	160	160
	161	161
	162	162
	163	163
	1187	1003
	164	164
	1188	1004
	165	165
	166	166
	167	167
	1192	1008
	171	170
	1196	1012
	1197	1013
	1199	1015
	1200	1016
	177	174
	1201	1017
	1202	1018
	1204	1020
	181	177
	1205	1021
	182	178
	1206	1022
	185	180
	1210	1028
	1212	1029
	189	181
	190	182
	1214	1031
	193	185
	1218	1034
	198	190
	199	191
	1223	1038
	200	192
	1224	1039
	1226	1040
	1227	1041
	204	195
	1230	1043
	1231	1044
	1232	1045
	209	199
	210	199
	1235	1048
	212	199
	1236	1049
	1239	1052
	217	204
	219	222
	1244	1057
	221	205
	1245	1058
	1246	1059
	223	206
	1247	1060
	224	207
	1248	1061
	225	208
	1249	1062
	226	209
	227	210
	1251	1064
	228	211
	229	212
	232	215
	1256	1069
	1257	1070
	235	218
	236	219
	1261	1073
	238	222
	241	225
	242	226
	243	227
	246	231
	250	235
	252	236
	253	237
	254	238
	255	239
	256	240
	259	243
	260	244
	261	245
	262	246
	264	247
	265	248
	267	249
	269	250
	270	251
	272	252
	273	253
	274	254
	275	255
	277	256
	278	257
	279	258
	280	259
	281	260
	282	261
	283	262
	284	263
	288	266
	289	267
	290	268
	291	269
	292	270
	294	273
	295	274
	296	275
	298	278
	300	279
	302	281
	305	284
	306	285
	307	286
	308	287
	309	288
	311	290
	314	293
	315	296
	316	297
	317	298
	322	302
	323	303
	324	304
	328	307
	329	308
	330	309
	334	312
	335	315
	337	313
	338	315
	342	318
	343	319
	344	320
	348	323
	349	324
	350	325
	353	328
	354	329
	355	330
	356	331
	357	332
	358	333
	361	336
	362	337
	363	338
	364	339
	365	340
	368	343
	369	344
	371	346
	375	349
	376	350
	380	353
	385	357
	390	361
	394	365
	395	366
	398	369
	399	370
	402	373
	406	377
	410	381
	411	382
	412	383
	414	385
	418	388
	422	392
	423	393
	427	396
	428	397
	431	400
	433	401
	434	426
	437	402
	438	403
	440	404
	441	405
	443	406
	444	408
	445	409
	446	410
	447	411
	448	412
	449	413
	453	417
	455	418
	456	419
	457	420
	459	422
	462	426
	466	429
	467	430
	468	431
	472	435
	473	436
	474	437
	475	438
	479	441
	480	442
	484	445
	485	446
	487	448
	489	450
	492	453
	493	454
	496	457
	500	461
	501	462
	504	465
	509	469
	510	470
	514	473
	515	474
	519	477
	524	481
	525	482
	526	487
	529	483
	531	484
	532	485
	533	487
	537	490
	542	494
	543	495
	544	496
	549	499
	554	503
	556	504
	557	505
	558	506
	560	507
	561	508
	562	509
	563	510
	566	514
	567	514
	568	515
	571	517
	575	521
	579	525
	584	529
	589	533
	590	534
	592	536
	594	538
	598	541
	599	542
	603	545
	604	546
	608	549
	609	550
	613	553
	614	554
	618	557
	619	558
	621	560
	625	563
	626	564
	630	567
	631	568
	635	571
	640	575
	644	579
	649	583
	651	584
	652	585
	653	586
	654	587
	655	588
	656	589
	657	590
	658	591
	660	593
	663	596
	667	600
	668	601
	669	602
	670	602
	671	603
	672	604
	675	602
	677	609
	678	610
	681	613
	682	614
	683	615
	687	618
	688	619
	691	622
	692	623
	693	624
	696	627
	697	628
	698	629
	700	630
	701	631
	703	636
	705	637
	706	638
	707	639
	708	640
	709	641
	710	642
	712	645
	713	646
	714	647
	715	648
	716	649
	719	652
	720	653
	721	654
	722	655
	723	656
	726	659
	727	660
	730	663
	731	664
	732	665
	734	666
	735	667
	736	670
	738	668
	741	674
	742	675
	744	678
	745	679
	746	680
	747	681
	748	682
	749	683
	751	685
	752	686
	756	690
	757	691
	758	692
	759	693
	760	694
	761	695
	762	696
	765	698
	766	699
	767	700
	768	701
	769	702
	771	703
	772	704
	774	707
	775	708
	776	709
	782	714
	783	715
	784	716
	785	716
	786	717
	790	721
	792	722
	793	723
	796	726
	797	727
	798	728
	799	729
	800	730
	801	731
	804	734
	806	735
	808	736
	809	737
	811	740
	812	741
	815	744
	816	745
	820	749
	821	750
	822	751
	823	752
	824	753
	826	754
	829	758
	831	759
	832	760
	833	761
	834	762
	836	763
	837	764
	838	765
	840	766
	841	767
	842	768
	844	770
	848	774
	851	777
	852	778
	853	779
	854	780
	856	782
	859	785
	865	789
	866	790
	867	791
	869	793
	872	796
	873	797
	875	798
	876	799
	877	803
	878	804
	880	807
	883	810
	884	811
	886	814
	887	815
	888	816
	889	817
	891	818
	892	819
	896	822
	897	823
	901	826
	902	827
	904	828
	905	829
	907	830
	909	832
	912	835
	918	840
	919	841
	920	842
	923	845
	928	849
	929	850
	930	851
	931	852
	932	853
	935	856
	939	860
	940	954
	974	861
	975	862
	976	863
	979	864
	980	865
	981	866
	986	867
	987	868
	988	869
	991	870
	992	871
	993	872
	995	873
	998	874
	999	875
	1004	879
	1005	880
	1009	881
	1010	882
	1011	883
	1012	954
	1015	884
	1020	885
	1021	886
	1022	887
	1023	954
net/minecraft/client/multiplayer/resolver/ServerNameResolver	37	34
	16	19
	32	28
	17	20
	18	21
	34	29
	19	22
	37	32
	23	25
	26	26
	27	26
	28	34
	31	27
net/minecraft/client/tutorial/TutorialStepInstance	33	36
	33	36
	18	21
	21	24
	24	27
	27	30
	12	15
	30	33
	15	18
net/minecraft/client/animation/package-info	0	0
net/minecraft/client/renderer/entity/layers/SheepFurLayer	69	62
	65	56
	68	59
	69	62
	26	27
	27	28
	28	29
	32	32
	33	62
	36	33
	37	34
	38	35
	39	36
	40	37
	41	38
	42	39
	44	40
	45	41
	48	62
	53	45
	55	46
	56	47
	57	48
	58	49
	59	50
	60	51
	61	52
	62	53
	63	54
com/mojang/blaze3d/platform/ClipboardManager	51	53
	32	34
	33	35
	34	36
	35	37
	38	40
	40	41
	41	42
	42	43
	44	45
	46	48
	48	50
	19	20
	51	53
	20	21
	21	22
	22	23
	23	24
	24	25
	26	28
	30	32
	31	33
net/minecraft/client/animation/definitions/ArmadilloAnimation	0	0
net/minecraft/client/resources/sounds/Sound	107	107
	64	64
	66	66
	69	69
	73	73
	77	77
	81	81
	25	26
	26	27
	27	28
	91	96
	28	29
	92	97
	29	30
	30	31
	31	32
	32	33
	96	101
	33	34
	97	102
	98	103
	36	37
	101	107
	40	41
	107	85
	44	45
	48	49
	53	54
	58	58
	63	63
net/minecraft/client/model/VillagerModel	128	114
	128	114
	24	26
	25	27
	26	28
	27	29
	28	30
	29	31
	30	32
	31	33
	34	36
	35	37
	37	38
	39	39
	40	40
	41	40
	44	42
	45	43
	46	43
	49	45
	50	46
	51	46
	52	46
	54	48
	55	49
	56	49
	57	49
	59	51
	60	52
	61	52
	64	54
	65	55
	66	55
	69	57
	70	59
	71	60
	72	62
	73	64
	74	66
	76	68
	77	69
	78	69
	79	69
	81	71
	82	72
	83	72
	84	72
	87	74
	92	79
	97	84
	98	85
	99	86
	102	89
	103	90
	105	91
	106	92
	107	93
	109	95
	112	98
	113	99
	114	100
	115	101
	116	102
	120	106
	125	111
	126	112
	127	113
net/minecraft/client/model/SnifferModel	99	127
	24	23
	25	24
	26	25
	27	25
	28	25
	29	25
	30	26
	33	29
	34	30
	36	31
	37	31
	39	32
	40	35
	41	37
	42	39
	44	43
	45	45
	46	48
	47	50
	48	53
	49	55
	50	58
	51	60
	52	63
	53	65
	54	68
	55	70
	57	73
	58	76
	59	78
	61	82
	62	84
	63	87
	64	89
	65	92
	66	94
	67	97
	68	99
	70	102
	75	106
	77	107
	78	108
	80	109
	81	110
	83	112
	86	115
	87	116
	88	117
	89	118
	90	119
	92	120
	93	121
	95	123
	99	127
net/minecraft/client/renderer/entity/IllagerRenderer	18	20
	16	18
	17	19
	18	20
	10	13
	11	14
	12	15
net/minecraft/client/model/LeashKnotModel	45	40
	33	28
	38	33
	43	38
	44	39
	45	40
	19	20
	20	21
	21	22
	24	25
	25	26
	27	27
	28	27
	29	27
net/minecraft/client/GameNarrator	115	121
	66	68
	68	69
	70	70
	71	71
	72	72
	73	73
	75	76
	78	81
	80	87
	83	90
	22	24
	23	25
	87	94
	88	97
	26	28
	90	95
	27	29
	91	97
	28	30
	29	31
	94	100
	31	33
	95	101
	34	36
	98	104
	35	37
	99	107
	36	38
	37	39
	39	41
	42	44
	43	45
	107	113
	46	48
	110	115
	47	49
	48	50
	49	51
	50	52
	114	120
	115	121
	53	55
	56	58
	60	62
	61	63
	63	65
com/mojang/blaze3d/shaders/Shader	0	0
net/minecraft/client/renderer/entity/layers/SkeletonClothingLayer	29	31
	21	24
	22	25
	23	26
	24	27
	28	30
	29	31
net/minecraft/client/resources/model/MultiPartBakedModel	115	120
	64	66
	65	67
	66	68
	69	72
	74	78
	79	83
	84	88
	89	93
	94	98
	33	34
	35	35
	99	103
	36	36
	37	37
	38	38
	39	39
	40	40
	104	108
	41	41
	42	42
	46	46
	47	47
	111	116
	112	117
	50	49
	51	50
	115	120
	52	51
	53	53
	54	54
	55	55
	56	56
	59	60
	62	63
	63	64
net/minecraft/client/renderer/blockentity/BellRenderer	75	69
	64	59
	65	60
	66	61
	70	65
	71	66
	73	67
	74	68
	75	69
	28	32
	29	33
	30	34
	33	37
	34	38
	36	39
	37	40
	38	40
	39	40
	41	42
	42	43
	43	43
	44	43
	47	45
	52	49
	54	50
	55	51
	57	52
	58	53
	59	54
	60	55
	61	56
	62	57
	63	58
com/mojang/blaze3d/vertex/ByteBufferBuilder	153	152
	132	132
	133	133
	134	134
	135	135
	138	138
	139	139
	141	141
	146	146
	147	152
	149	147
	150	148
	151	149
	153	152
	28	26
	29	27
	30	28
	31	29
	33	31
	36	34
	37	35
	38	36
	39	37
	40	38
	44	42
	45	43
	46	44
	47	45
	49	47
	52	50
	53	51
	54	52
	55	53
	57	55
	58	57
	62	61
	63	62
	64	63
	65	64
	66	65
	68	67
	69	68
	70	69
	74	74
	75	75
	77	78
	78	79
	81	82
	82	83
	83	84
	84	85
	86	87
	89	90
	93	94
	94	95
	96	97
	99	100
	101	101
	102	102
	104	105
	105	106
	106	107
	107	108
	111	111
	112	112
	113	113
	114	114
	116	116
	119	119
	120	120
	122	122
net/minecraft/client/model/RabbitModel	178	171
	39	39
	40	40
	41	41
	42	42
	43	43
	44	44
	45	45
	46	46
	47	47
	48	48
	49	49
	50	50
	51	51
	54	54
	55	55
	57	56
	58	57
	59	57
	60	57
	62	59
	63	60
	64	60
	65	60
	67	62
	68	64
	69	64
	70	65
	72	67
	73	69
	74	69
	75	70
	77	72
	78	74
	79	74
	80	75
	82	77
	83	79
	84	79
	85	80
	87	82
	88	84
	89	84
	90	85
	92	87
	93	88
	94	88
	95	88
	97	90
	98	92
	99	92
	100	93
	102	95
	103	97
	104	97
	105	98
	107	100
	108	102
	109	102
	110	103
	112	105
	113	106
	114	106
	115	106
	118	108
	125	113
	126	114
	127	115
	128	116
	129	117
	131	118
	132	119
	133	120
	134	121
	135	122
	136	124
	137	125
	139	127
	140	128
	141	129
	143	144
	145	145
	147	147
	151	150
	153	151
	154	152
	155	153
	156	154
	158	155
	159	156
	161	157
	162	158
	163	159
	165	160
	166	161
	167	162
	168	163
	169	164
	170	165
	171	166
	175	169
	177	170
	178	171
net/minecraft/client/renderer/culling/package-info	0	0
net/minecraft/client/resources/DefaultPlayerSkin	45	46
	33	34
	37	38
	41	42
	45	46
net/minecraft/client/multiplayer/DebugSampleSubscriber	34	36
	32	34
	17	19
	18	20
	34	36
	19	21
	20	22
	23	25
	24	26
	26	28
	29	31
	30	32
	31	33
net/minecraft/client/renderer/entity/layers/PandaHoldsItemLayer	39	40
	32	31
	33	32
	35	35
	36	36
	37	37
	38	38
	39	40
	18	21
	19	22
	20	23
	24	26
	25	27
	26	40
	29	28
	30	29
	31	30
net/minecraft/client/renderer/entity/EndermiteRenderer	22	23
	17	19
	22	23
	12	15
	13	16
net/minecraft/client/gui/screens/PauseScreen	212	197
	129	119
	130	120
	132	121
	133	122
	134	123
	136	125
	139	128
	140	129
	141	130
	142	131
	143	132
	145	134
	147	136
	151	140
	152	141
	156	145
	158	146
	159	147
	161	149
	165	153
	166	154
	168	156
	171	159
	175	163
	183	173
	184	174
	57	57
	185	175
	58	58
	59	59
	62	62
	191	179
	193	180
	194	181
	67	67
	195	182
	68	68
	196	183
	198	184
	71	71
	72	72
	200	185
	201	186
	202	187
	75	75
	76	76
	78	77
	206	191
	207	192
	80	78
	81	78
	82	79
	83	80
	211	196
	84	81
	212	197
	85	81
	88	82
	89	83
	91	84
	92	85
	93	86
	95	88
	96	89
	99	92
	101	93
	102	94
	104	96
	107	99
	108	100
	109	100
	111	101
	112	102
	113	103
	117	104
	118	105
	120	106
	121	107
	124	110
	125	113
	126	116
com/mojang/realmsclient/gui/RealmsNewsManager	45	46
	34	37
	35	38
	37	39
	38	40
	39	41
	40	42
	43	44
	44	45
	13	16
	45	46
	14	17
	15	18
	16	19
	17	20
	20	23
	24	27
	28	31
	29	32
	30	33
	31	34
net/minecraft/client/profiling/package-info	0	0
net/minecraft/client/renderer/entity/layers/SnowGolemHeadLayer	63	76
	26	31
	27	32
	28	33
	29	34
	33	37
	34	76
	37	38
	39	39
	40	76
	43	40
	44	41
	46	42
	47	43
	48	44
	49	45
	51	46
	52	47
	53	48
	54	49
	55	50
	57	51
	58	52
	60	58
	62	73
	63	76
net/minecraft/client/player/package-info	0	0
net/minecraft/client/renderer/entity/LeashKnotRenderer	40	35
	33	30
	18	20
	19	21
	35	31
	20	22
	36	32
	24	25
	40	35
	26	26
	28	27
	30	28
	31	29
net/minecraft/client/renderer/RunningTrimmedMean	38	38
	32	36
	35	38
	36	38
	38	38
	9	13
	10	14
	13	17
	14	18
	16	21
	17	22
	19	23
	20	24
	22	25
	23	27
	24	28
	25	29
	26	30
	27	31
	30	34
	31	35
com/mojang/realmsclient/dto/ServerActivityList	34	35
	32	32
	34	35
	18	18
	19	19
	21	22
	22	23
	23	24
	24	25
	25	26
	26	27
	27	27
	28	28
	29	29
net/minecraft/client/renderer/entity/ArmadilloRenderer	18	19
	18	19
	13	15
	14	16
net/minecraft/client/model/ChickenModel	107	90
	27	28
	28	29
	29	30
	30	31
	31	32
	32	33
	33	34
	34	35
	35	36
	38	39
	39	40
	41	41
	42	42
	43	43
	44	43
	45	43
	47	45
	48	46
	49	46
	50	46
	52	48
	53	49
	54	49
	55	49
	57	51
	58	53
	59	53
	60	54
	62	56
	63	56
	65	57
	66	58
	68	59
	69	60
	70	60
	71	60
	73	62
	74	63
	75	63
	76	63
	79	65
	84	70
	89	75
	94	80
	95	81
	97	82
	98	83
	100	84
	101	85
	103	86
	104	87
	105	88
	106	89
	107	90
net/minecraft/client/gui/screens/inventory/AbstractFurnaceScreen	137	132
	132	127
	133	128
	137	132
	24	36
	25	37
	27	38
	28	39
	29	40
	30	41
	34	45
	36	46
	37	47
	38	48
	40	49
	41	50
	42	51
	44	52
	45	53
	47	54
	48	55
	52	59
	54	60
	55	61
	59	65
	60	66
	61	67
	63	69
	64	70
	65	71
	68	74
	69	75
	70	76
	74	80
	75	81
	76	82
	77	83
	78	84
	79	85
	80	86
	83	89
	84	90
	85	91
	86	92
	90	96
	91	97
	94	99
	95	99
	98	99
	103	105
	105	106
	106	107
	110	111
	111	111
	113	111
	118	116
	119	117
	124	122
	125	122
	127	122
net/minecraft/client/gui/screens/advancements/package-info	0	0
net/minecraft/client/particle/Particle	256	256
	256	256
	57	54
	59	55
	60	56
	61	57
	62	58
	63	59
	65	60
	66	61
	69	64
	71	65
	72	66
	73	67
	74	68
	76	69
	77	70
	78	71
	79	72
	80	73
	83	76
	84	77
	85	78
	86	79
	90	83
	91	84
	92	85
	93	86
	96	89
	97	90
	101	94
	102	95
	103	96
	104	97
	107	100
	108	101
	111	104
	112	105
	115	108
	119	112
	120	113
	121	114
	123	115
	124	116
	125	133
	128	118
	129	119
	130	120
	131	121
	132	122
	134	125
	135	126
	136	127
	138	128
	139	129
	140	130
	142	133
	150	140
	154	160
	155	161
	158	164
	159	165
	160	166
	161	167
	162	168
	163	169
	164	170
	166	172
	169	175
	170	176
	171	177
	172	178
	173	179
	174	180
	175	181
	178	184
	179	213
	182	185
	183	186
	184	187
	186	188
	187	189
	188	190
	189	191
	190	192
	193	195
	194	196
	195	197
	198	200
	199	201
	202	204
	204	205
	205	206
	207	209
	208	210
	210	213
	213	216
	214	217
	215	218
	216	219
	217	220
	220	223
	221	224
	222	224
	224	224
	228	228
	232	232
	236	236
	237	237
	240	240
	247	248
	251	252
	252	253
	255	255
net/minecraft/client/renderer/block/model/BlockElementFace	48	43
	32	28
	48	43
	34	29
	38	33
	42	37
	27	24
	29	25
	30	26
	31	27
	47	42
net/minecraft/client/gui/screens/options/SkinCustomizationScreen	30	35
	17	19
	18	20
	22	24
	23	26
	24	27
	25	29
	28	33
	29	34
	30	35
com/mojang/blaze3d/audio/Listener	33	36
	33	36
	11	14
	12	15
	13	16
	14	17
	15	18
	16	19
	17	20
	20	23
	21	24
	22	25
	25	28
	29	32
	30	33
net/minecraft/client/CameraType	28	30
	16	18
	17	19
	20	22
	24	26
	28	30
	15	17
net/minecraft/client/resources/sounds/SoundInstance	60	51
	48	43
	52	47
	60	51
net/minecraft/client/resources/model/BuiltInModel	65	67
	65	67
	35	37
	40	42
	45	47
	50	52
	22	24
	23	25
	55	57
	24	26
	25	27
	26	28
	60	62
	30	32
net/minecraft/client/gui/screens/inventory/AbstractCommandBlockEditScreen	184	165
	129	124
	130	125
	133	126
	134	127
	137	128
	138	131
	139	132
	142	129
	147	138
	148	138
	151	138
	156	143
	157	143
	32	31
	160	143
	33	32
	37	36
	165	148
	38	37
	167	149
	40	39
	168	150
	169	151
	171	152
	172	153
	173	154
	174	155
	175	156
	48	48
	49	51
	50	53
	178	159
	51	54
	179	160
	52	56
	53	57
	54	58
	55	59
	183	164
	56	60
	184	165
	57	61
	58	62
	61	64
	64	67
	67	70
	68	71
	69	72
	71	73
	72	74
	73	75
	74	76
	75	77
	77	78
	78	79
	79	80
	81	81
	82	82
	86	86
	87	87
	91	91
	92	91
	94	91
	99	96
	100	97
	101	98
	103	99
	104	100
	107	103
	108	104
	111	107
	112	108
	114	109
	115	110
	117	113
	118	114
	123	119
	124	120
net/minecraft/client/gui/layouts/CommonLayouts	23	25
	16	18
	20	22
	21	23
	22	24
	23	25
	13	15
net/minecraft/client/gui/screens/options/controls/KeyBindsScreen	100	104
	64	66
	65	67
	67	69
	72	75
	73	76
	74	77
	76	79
	79	82
	80	83
	81	84
	82	85
	84	87
	89	93
	27	29
	91	94
	28	30
	92	96
	93	97
	94	98
	95	99
	32	34
	33	35
	99	103
	100	104
	38	39
	42	43
	43	44
	44	45
	46	48
	47	49
	48	50
	49	51
	50	52
	51	53
	55	57
	56	58
	57	59
	61	63
	62	64
	63	65
net/minecraft/client/renderer/blockentity/ChestRenderer	199	156
	128	101
	129	102
	130	102
	131	102
	133	104
	134	105
	135	105
	136	105
	139	107
	144	112
	145	113
	147	114
	148	115
	149	116
	150	116
	151	148
	153	116
	154	117
	156	118
	158	119
	159	120
	160	121
	161	122
	164	124
	165	125
	167	127
	170	130
	172	131
	173	132
	175	133
	176	134
	178	135
	179	136
	180	137
	53	52
	181	138
	54	53
	55	54
	183	140
	58	57
	186	143
	59	58
	60	59
	61	60
	189	146
	190	148
	63	61
	64	62
	65	63
	193	151
	66	64
	194	152
	68	65
	196	153
	69	66
	197	154
	70	67
	198	155
	71	68
	199	156
	72	69
	75	72
	76	73
	78	74
	79	74
	80	74
	83	75
	84	76
	85	76
	86	76
	88	78
	89	79
	90	79
	91	79
	94	81
	98	85
	99	86
	101	87
	102	87
	103	87
	106	88
	107	89
	108	89
	109	89
	111	91
	112	92
	113	92
	114	92
	116	94
	120	98
	121	99
	123	100
	124	100
	125	100
net/minecraft/client/AttackIndicatorStatus	35	34
	35	34
	20	21
	21	22
	22	23
	26	26
	31	30
com/mojang/blaze3d/platform/GLX	167	163
	128	118
	129	119
	131	122
	132	123
	133	124
	135	127
	136	128
	137	129
	139	132
	140	133
	141	134
	142	135
	143	136
	144	137
	146	140
	147	141
	148	142
	150	145
	151	146
	152	147
	154	150
	156	151
	157	152
	158	153
	159	155
	162	158
	36	38
	37	39
	38	40
	166	162
	167	163
	40	41
	44	45
	45	46
	46	47
	47	48
	49	51
	50	52
	54	56
	58	60
	59	61
	62	63
	64	64
	65	65
	66	66
	67	67
	70	68
	71	71
	73	73
	74	74
	77	69
	80	77
	81	78
	85	83
	86	84
	87	85
	89	87
	93	90
	101	95
	102	96
	103	98
	106	101
	107	102
	110	105
	114	109
	115	155
	118	110
	119	111
	120	112
	122	113
	124	114
	125	115
	126	116
	127	117
com/mojang/realmsclient/dto/RealmsServerList	35	39
	32	35
	33	36
	35	39
	20	21
	21	22
	23	25
	24	26
	25	27
	26	28
	27	29
	28	31
	29	32
net/minecraft/client/resources/metadata/animation/FrameSize	0	0
net/minecraft/client/resources/sounds/SimpleSoundInstance	67	103
	64	100
	65	101
	66	102
	67	103
	13	16
	14	17
	17	20
	21	24
	25	29
	29	35
	33	41
	37	47
	41	52
	45	56
	49	60
	50	61
	53	76
	54	77
	57	93
	58	94
	59	95
	60	96
	61	97
	62	98
	63	99
net/minecraft/client/renderer/block/model/BlockElement	176	192
	129	133
	130	134
	131	136
	132	137
	133	138
	135	141
	139	145
	140	146
	141	147
	143	149
	147	154
	148	155
	149	158
	151	163
	153	161
	157	168
	158	169
	159	172
	33	37
	161	177
	34	38
	35	39
	163	175
	36	40
	37	41
	39	42
	167	182
	40	43
	168	183
	169	184
	43	46
	44	47
	172	186
	45	48
	173	188
	174	189
	47	50
	176	192
	50	53
	52	55
	54	57
	57	60
	59	62
	61	64
	63	66
	72	75
	73	76
	74	77
	75	78
	76	79
	77	80
	78	81
	80	83
	82	84
	87	90
	88	91
	89	92
	90	93
	91	94
	92	95
	93	96
	94	97
	96	98
	98	101
	102	105
	103	106
	104	107
	106	109
	110	114
	111	115
	112	116
	113	117
	115	119
	119	124
	121	125
	122	126
	125	128
net/minecraft/client/gui/font/glyphs/EmptyGlyph	17	20
	17	20
	12	15
	13	16
net/minecraft/client/renderer/blockentity/TheEndGatewayRenderer	49	52
	34	37
	39	42
	44	47
	15	18
	16	19
	49	52
	20	22
	21	23
	22	24
	23	25
	24	26
	25	27
	26	28
	27	29
	29	32
	30	33
net/minecraft/client/gui/screens/recipebook/SmeltingRecipeBookComponent	19	21
	19	21
	14	16
net/minecraft/client/renderer/chunk/SectionRenderDispatcher	659	473
	75	81
	76	82
	77	83
	78	84
	79	85
	80	86
	81	87
	83	88
	84	89
	87	92
	88	93
	92	96
	93	121
	96	97
	97	98
	98	121
	100	99
	101	100
	103	101
	104	101
	105	102
	106	103
	107	104
	108	105
	109	118
	111	107
	112	108
	113	109
	115	111
	117	114
	118	115
	119	116
	120	118
	121	121
	125	125
	126	126
	127	127
	128	128
	129	129
	133	133
	134	134
	135	135
	647	262
	136	136
	138	138
	139	139
	651	266
	143	144
	655	270
	147	148
	659	274
	151	152
	155	156
	159	160
	160	161
	163	164
	168	169
	169	170
	171	172
	174	175
	175	176
	178	179
	180	180
	183	183
	184	197
	186	184
	187	185
	188	195
	190	186
	191	187
	193	189
	195	192
	196	193
	197	195
	198	197
	201	200
	202	200
	204	200
	205	201
	206	202
	207	208
	209	204
	210	205
	211	206
	212	208
	216	212
	217	212
	219	212
	220	213
	221	214
	222	220
	224	216
	225	217
	226	218
	227	220
	231	224
	232	225
	233	226
	234	227
	237	231
	238	232
	239	233
	240	234
	243	238
	244	239
	247	242
	251	246
	252	247
	254	248
	255	249
	269	291
	277	296
	278	297
	280	299
	285	303
	286	304
	287	305
	290	308
	294	314
	296	315
	297	317
	298	318
	299	319
	300	320
	302	316
	306	324
	310	328
	314	332
	315	333
	316	334
	318	336
	319	337
	321	339
	324	342
	325	343
	326	344
	327	345
	328	346
	332	350
	336	354
	337	355
	338	356
	339	357
	342	360
	343	361
	344	362
	347	365
	351	369
	352	370
	353	371
	354	372
	357	375
	358	376
	359	377
	362	380
	366	384
	370	388
	374	392
	375	393
	376	394
	378	397
	379	398
	381	400
	382	401
	383	402
	387	407
	388	408
	389	409
	390	410
	391	411
	393	414
	394	415
	395	416
	397	419
	401	423
	402	424
	403	425
	404	426
	405	427
	407	430
	408	431
	412	435
	413	436
	414	437
	417	440
	419	442
	420	443
	421	444
	422	445
	423	446
	424	447
	425	448
	426	450
	427	451
	430	454
	433	455
	434	456
	437	459
	438	460
	439	461
	440	462
	444	466
	445	467
	446	468
	447	469
	450	472
	451	473
	452	473
	453	473
	454	473
net/minecraft/client/gui/screens/DatapackLoadFailureScreen	38	45
	32	39
	33	40
	34	41
	38	45
	16	18
	17	19
	18	20
	19	21
	23	25
	25	26
	26	28
	27	33
	28	35
net/minecraft/client/resources/SkinManager	149	173
	128	145
	130	148
	134	152
	135	153
	136	154
	137	155
	138	161
	139	163
	140	164
	144	168
	145	169
	146	170
	147	171
	149	173
	41	44
	42	45
	43	46
	44	47
	45	48
	46	49
	47	50
	50	53
	51	54
	52	55
	53	56
	55	58
	56	59
	57	60
	59	63
	60	65
	61	66
	64	70
	67	73
	68	74
	69	75
	73	79
	74	80
	75	80
	77	80
	81	84
	82	85
	86	89
	89	92
	90	93
	91	94
	93	96
	94	97
	95	98
	97	101
	99	102
	100	103
	102	106
	103	107
	105	110
	106	113
	118	135
	119	136
	120	137
	121	138
	124	141
	125	142
	126	143
	127	144
net/minecraft/client/gui/font/FontManager	357	394
	257	194
	258	195
	261	198
	265	202
	267	203
	269	204
	271	205
	272	206
	274	207
	275	208
	277	209
	279	210
	280	211
	281	212
	282	213
	283	214
	284	215
	286	216
	288	217
	289	218
	291	219
	293	220
	295	222
	298	225
	299	227
	300	228
	302	230
	305	235
	307	237
	308	252
	309	242
	310	243
	311	246
	313	248
	314	249
	315	250
	317	267
	318	268
	65	70
	321	272
	66	71
	67	71
	68	71
	325	276
	70	72
	73	75
	329	280
	333	284
	79	307
	337	288
	338	289
	339	290
	341	292
	85	315
	86	317
	343	293
	344	294
	88	319
	89	320
	90	321
	91	323
	349	299
	93	325
	350	300
	351	301
	352	302
	355	339
	100	332
	356	341
	357	345
	110	358
	115	359
	118	362
	119	363
	120	364
	123	367
	124	368
	127	371
	131	375
	132	377
	133	378
	134	379
	135	383
	137	380
	140	386
	145	390
	146	391
	151	394
	159	86
	160	87
	162	88
	163	89
	164	90
	168	94
	170	96
	171	97
	172	98
	173	102
	175	104
	176	106
	177	107
	178	108
	179	109
	180	109
	181	110
	182	111
	183	112
	184	112
	186	115
	190	122
	191	125
	192	128
	193	129
	195	130
	196	133
	198	136
	199	138
	200	139
	201	140
	208	156
	210	151
	211	152
	212	153
	214	154
	219	160
	221	161
	222	162
	224	164
	225	166
	230	170
	232	171
	233	173
	234	174
	238	177
	239	178
	240	185
	242	179
	243	180
	247	185
	248	186
	251	189
	253	190
	254	191
net/minecraft/client/gui/components/tabs/TabNavigationBar	224	228
	128	106
	133	111
	134	111
	135	112
	136	113
	137	114
	138	115
	139	116
	140	117
	142	119
	145	122
	146	123
	147	124
	148	125
	151	128
	155	132
	156	133
	157	136
	158	137
	159	138
	160	140
	161	141
	163	143
	167	147
	172	151
	173	152
	46	45
	174	154
	47	46
	175	155
	48	47
	177	158
	50	48
	178	159
	179	160
	52	49
	180	161
	53	51
	54	52
	56	55
	184	164
	57	56
	185	165
	187	167
	189	169
	192	172
	193	173
	65	218
	194	174
	66	219
	195	175
	67	220
	196	176
	70	223
	199	180
	71	224
	203	184
	75	228
	204	185
	205	187
	206	188
	207	189
	80	59
	208	190
	209	191
	84	63
	212	195
	85	64
	216	200
	89	68
	217	201
	90	69
	218	202
	91	70
	93	72
	223	207
	224	208
	97	76
	98	77
	99	78
	101	80
	106	85
	107	86
	108	87
	109	88
	112	92
	113	92
	115	92
	120	97
	125	102
	126	104
	127	105
com/mojang/realmsclient/dto/RealmsDescriptionDto	15	17
	13	15
	14	16
	15	17
net/minecraft/client/model/ElytraModel	99	94
	22	23
	23	24
	24	25
	27	28
	28	29
	30	30
	31	31
	32	33
	33	33
	34	34
	36	36
	37	38
	38	38
	39	39
	42	41
	47	46
	52	51
	57	55
	58	56
	59	57
	60	58
	62	59
	64	60
	65	61
	66	62
	67	63
	68	64
	71	67
	72	68
	73	69
	74	70
	75	71
	76	72
	77	73
	80	76
	82	77
	83	78
	84	79
	85	80
	86	81
	87	82
	88	83
	90	85
	91	86
	92	87
	95	90
	96	91
	97	92
	98	93
	99	94
net/minecraft/client/model/AbstractZombieModel	15	17
	8	11
	9	12
	13	15
	14	16
	15	17
net/minecraft/client/renderer/entity/layers/PlayerItemInHandLayer	56	63
	32	42
	33	43
	35	45
	37	47
	40	52
	42	53
	43	54
	44	55
	45	56
	46	57
	48	58
	50	59
	51	60
	53	61
	55	62
	56	63
	26	28
	27	29
	28	30
net/minecraft/client/model/HorseModel	335	291
	256	229
	257	230
	258	231
	259	232
	260	233
	262	234
	263	235
	264	236
	266	237
	267	238
	269	239
	270	240
	271	241
	274	242
	275	243
	276	244
	278	245
	279	246
	281	247
	283	248
	284	249
	286	250
	287	251
	288	252
	289	253
	291	254
	292	255
	294	256
	295	257
	296	258
	297	259
	299	260
	300	261
	301	262
	303	263
	304	264
	306	266
	51	49
	52	50
	53	51
	309	269
	310	270
	55	52
	311	271
	56	53
	312	272
	57	54
	313	273
	58	55
	314	274
	315	275
	60	56
	316	276
	61	57
	317	277
	62	58
	318	278
	63	59
	319	279
	320	280
	65	60
	66	61
	322	281
	67	62
	68	63
	324	282
	69	64
	325	283
	70	65
	326	284
	71	66
	327	285
	72	67
	329	286
	74	68
	330	287
	75	69
	331	288
	76	70
	332	289
	334	290
	79	73
	335	291
	80	74
	82	75
	83	77
	84	77
	85	78
	89	80
	90	82
	91	82
	92	83
	95	85
	96	86
	97	86
	99	88
	100	89
	101	89
	104	91
	105	92
	106	92
	110	94
	111	96
	112	96
	113	97
	115	99
	116	101
	117	101
	118	102
	120	104
	121	106
	122	106
	123	107
	125	109
	126	111
	127	111
	128	112
	132	114
	133	115
	134	117
	135	117
	136	118
	138	120
	139	122
	140	122
	141	123
	143	125
	144	127
	145	127
	146	128
	148	130
	149	132
	150	132
	151	133
	154	135
	155	137
	156	137
	157	138
	159	140
	160	141
	161	141
	164	143
	165	144
	166	144
	169	146
	170	147
	171	147
	174	149
	175	151
	176	151
	177	152
	179	154
	180	156
	181	156
	182	157
	184	159
	185	160
	186	160
	189	162
	190	163
	191	163
	195	165
	196	166
	197	166
	200	168
	201	169
	202	169
	205	171
	210	175
	211	176
	213	178
	214	179
	217	182
	218	183
	220	186
	221	187
	225	191
	230	197
	235	210
	237	211
	238	212
	239	213
	240	214
	243	215
	244	216
	245	217
	247	220
	248	221
	251	224
	252	225
	255	228
net/minecraft/client/gui/components/toasts/Toast	46	48
	18	20
	22	24
	41	43
	26	28
	42	44
	45	47
	30	32
	46	48
net/minecraft/client/renderer/texture/SpriteContents	365	331
	257	277
	261	282
	266	286
	267	287
	269	289
	277	231
	278	232
	279	233
	288	193
	289	194
	290	195
	291	196
	299	199
	44	40
	45	41
	46	42
	47	43
	303	203
	49	44
	50	46
	51	47
	307	207
	52	48
	308	208
	53	49
	309	209
	310	210
	57	53
	313	213
	58	54
	59	55
	61	56
	317	217
	62	57
	318	218
	63	58
	65	59
	321	221
	66	60
	68	63
	70	64
	73	66
	74	67
	75	68
	76	69
	77	70
	334	301
	79	71
	335	302
	336	303
	81	73
	84	76
	340	307
	341	308
	342	309
	343	310
	344	311
	89	81
	345	312
	90	82
	91	83
	347	313
	348	314
	93	84
	349	315
	94	85
	351	317
	96	86
	352	318
	353	319
	98	87
	99	88
	355	321
	102	91
	358	324
	103	92
	105	94
	106	94
	362	328
	107	95
	363	329
	108	96
	109	97
	365	331
	110	98
	111	99
	113	102
	114	103
	115	104
	118	107
	119	108
	121	110
	123	94
	126	114
	127	115
	128	116
	132	120
	133	120
	136	120
	140	124
	141	125
	143	127
	147	131
	152	136
	157	141
	161	145
	166	150
	170	154
	175	158
	176	159
	178	161
	182	164
	186	168
	187	169
	188	170
	189	171
	190	172
	192	175
	196	179
	197	180
	199	182
	201	184
	209	241
	210	242
	211	243
	212	244
	214	246
	218	249
	219	250
	220	251
	221	252
	223	253
	224	254
	225	255
	226	256
	227	257
	228	258
	229	260
	230	261
	231	262
	232	263
	233	264
	234	265
	235	266
	237	267
	241	272
	254	274
net/minecraft/client/renderer/ViewArea	120	116
	22	24
	23	25
	25	26
	26	27
	27	28
	30	31
	31	32
	33	34
	34	35
	36	37
	37	38
	38	39
	39	40
	40	41
	44	46
	47	49
	48	50
	50	52
	53	55
	57	59
	58	60
	59	61
	60	62
	61	63
	62	64
	65	67
	69	71
	73	75
	74	76
	76	78
	77	79
	79	80
	80	81
	82	83
	83	84
	85	85
	86	86
	88	88
	89	89
	91	90
	93	91
	94	92
	95	93
	100	98
	103	101
	104	102
	105	103
	107	104
	108	105
	109	106
	113	110
	114	111
	115	116
	117	112
	118	113
	120	114
net/minecraft/realms/RealmsLabel	27	30
	16	19
	17	20
	18	21
	19	22
	23	26
	24	27
	27	30
	15	18
net/minecraft/client/model/CatModel	97	87
	13	15
	14	16
	18	19
	19	20
	20	21
	22	22
	24	23
	25	24
	26	25
	27	26
	28	27
	29	28
	30	29
	31	30
	32	31
	33	32
	34	33
	35	34
	38	37
	40	38
	41	39
	42	40
	43	41
	44	42
	45	43
	47	44
	48	45
	49	46
	50	47
	51	48
	52	49
	54	50
	55	51
	56	52
	58	53
	59	54
	60	55
	62	56
	63	57
	64	58
	66	59
	67	60
	68	61
	69	62
	71	64
	75	67
	77	68
	78	69
	79	70
	80	71
	81	72
	82	73
	83	74
	84	75
	85	76
	86	77
	87	78
	88	79
	90	80
	91	81
	94	84
	95	85
	97	87
net/minecraft/client/particle/ExplodeParticle	48	49
	35	36
	36	37
	37	38
	10	13
	11	14
	43	45
	12	15
	44	46
	13	16
	14	17
	15	18
	16	19
	48	49
	18	20
	19	21
	20	22
	21	23
	22	24
	24	25
	25	26
	26	27
	30	31
com/mojang/blaze3d/pipeline/RenderPipeline	104	97
	65	58
	69	62
	70	63
	72	64
	73	65
	74	66
	76	68
	80	73
	81	74
	83	76
	86	79
	87	80
	88	81
	89	82
	27	21
	91	84
	28	22
	31	25
	96	89
	35	29
	36	30
	100	93
	39	31
	40	32
	104	97
	41	33
	42	34
	44	36
	48	41
	49	42
	52	44
	53	45
	54	47
	57	50
	58	51
	60	53
net/minecraft/client/renderer/debug/CollisionBoxRenderer	39	42
	32	34
	35	37
	36	39
	37	40
	23	25
	39	42
	24	26
	28	30
	29	31
	30	32
	31	33
com/mojang/realmsclient/gui/screens/RealmsBackupInfoScreen	141	150
	131	150
	137	86
	138	92
	139	95
	141	97
	29	30
	30	31
	31	32
	32	33
	36	37
	37	38
	38	39
	40	40
	41	42
	42	44
	46	48
	47	49
	48	50
	52	54
	53	55
	56	58
	57	59
	58	60
	59	62
	60	62
	62	62
	67	68
	68	69
	69	70
	75	76
	76	77
	77	78
	98	117
	99	118
	100	119
	104	123
	105	124
	106	125
	109	128
	110	129
	111	130
	112	131
	113	132
	114	133
	115	134
	116	135
	117	136
	118	137
	119	138
	120	139
	126	145
net/minecraft/client/gui/narration/NarrationElementOutput	17	20
	16	19
	17	20
	8	11
	9	12
	12	15
	13	16
net/minecraft/client/renderer/entity/layers/BreezeWindLayer	36	36
	32	32
	33	33
	36	36
	22	24
	23	25
	24	26
	28	29
	30	30
	31	31
net/minecraft/client/renderer/entity/PiglinRenderer	55	66
	32	42
	34	45
	37	48
	38	49
	39	50
	41	53
	46	57
	47	58
	48	59
	50	61
	55	66
	27	36
	29	37
	30	40
	31	41
net/minecraft/client/gui/screens/worldselection/EditGameRulesScreen	286	265
	130	144
	273	239
	274	244
	275	253
	276	254
	277	256
	281	260
	154	160
	282	261
	155	161
	283	262
	156	162
	284	263
	286	265
	160	166
	165	171
	169	175
	170	176
	171	177
	172	178
	173	179
	175	181
	54	54
	182	106
	55	55
	183	107
	56	56
	184	108
	57	57
	185	109
	186	110
	187	111
	188	112
	61	61
	63	62
	192	116
	65	63
	193	117
	66	64
	194	118
	67	65
	195	119
	68	67
	196	120
	69	69
	70	70
	74	74
	75	75
	203	189
	76	76
	205	190
	78	78
	206	191
	207	192
	208	193
	209	194
	82	82
	210	195
	83	83
	212	197
	213	198
	86	86
	87	87
	215	200
	216	201
	89	89
	217	202
	92	92
	93	93
	221	206
	94	94
	222	207
	223	208
	224	209
	97	97
	225	210
	98	98
	99	99
	232	229
	106	219
	234	235
	107	220
	236	237
	114	128
	115	129
	116	130
	120	134
	121	135
	125	139
net/minecraft/client/gui/spectator/SpectatorMenuCategory	0	0
net/minecraft/client/particle/CherryParticle	101	68
	65	46
	66	68
	70	47
	71	48
	73	49
	74	50
	76	51
	77	52
	80	53
	82	54
	84	55
	85	56
	88	57
	91	58
	28	19
	92	59
	29	20
	94	62
	95	68
	32	21
	33	22
	34	23
	98	63
	99	64
	100	65
	37	24
	101	68
	39	25
	42	26
	43	27
	44	28
	47	29
	48	30
	52	34
	58	39
	59	40
	60	41
	62	42
	63	43
com/mojang/blaze3d/font/package-info	0	0
net/minecraft/client/renderer/entity/NoopRenderer	14	17
	9	12
	10	13
	14	17
net/minecraft/client/ComponentCollector	34	34
	33	33
	18	20
	34	34
	19	21
	21	23
	22	23
	24	23
	28	28
	13	15
	29	29
	14	16
net/minecraft/client/resources/metadata/gui/GuiSpriteScaling	123	95
	32	64
	33	66
	37	71
	42	23
	43	24
	44	25
	45	26
	46	28
	49	33
	113	86
	50	34
	114	87
	51	35
	115	88
	53	37
	54	38
	119	91
	56	39
	25	55
	123	95
	61	45
	30	62
	31	63
net/minecraft/client/model/OcelotModel	181	168
	129	118
	130	119
	131	120
	132	121
	134	122
	135	123
	137	125
	141	129
	145	133
	146	134
	147	135
	148	136
	149	137
	150	138
	151	139
	152	140
	153	141
	154	142
	155	143
	156	144
	157	145
	158	146
	159	147
	160	148
	161	149
	163	150
	164	151
	165	152
	166	153
	167	154
	168	155
	169	156
	170	157
	171	158
	172	159
	173	160
	174	161
	175	162
	176	163
	177	164
	179	166
	53	49
	181	168
	54	50
	55	51
	56	52
	57	53
	58	54
	59	55
	60	56
	61	57
	62	58
	65	61
	66	62
	67	63
	69	64
	70	66
	71	67
	72	68
	73	69
	74	70
	75	71
	77	73
	78	75
	79	75
	80	76
	82	78
	83	80
	84	80
	85	81
	87	83
	88	84
	89	84
	90	84
	92	86
	93	86
	94	87
	95	88
	97	89
	98	89
	99	90
	100	91
	102	92
	107	97
	112	102
	117	107
	118	108
	120	109
	121	110
	122	111
	123	112
	124	113
	125	114
	126	115
	127	116
net/minecraft/client/gui/components/AbstractOptionSliderButton	12	15
	10	13
	11	14
	12	15
com/mojang/realmsclient/gui/screens/package-info	0	0
net/minecraft/client/renderer/entity/VexRenderer	30	27
	16	18
	17	19
	18	20
	22	23
	27	27
	28	27
	30	27
net/minecraft/client/gui/screens/WinScreen	314	319
	257	259
	259	261
	260	262
	261	263
	262	264
	263	265
	266	269
	267	270
	268	271
	269	272
	271	274
	274	278
	276	281
	277	282
	280	285
	281	286
	282	287
	283	288
	284	289
	285	290
	289	294
	290	295
	292	297
	294	299
	298	303
	299	304
	300	305
	304	309
	309	314
	310	315
	314	319
	63	59
	64	60
	65	61
	66	62
	67	63
	69	65
	71	68
	73	69
	74	70
	77	73
	78	74
	80	75
	85	80
	86	81
	87	82
	88	83
	89	84
	91	86
	95	90
	96	91
	97	92
	98	93
	99	94
	100	95
	102	98
	104	99
	109	104
	110	105
	112	108
	113	109
	114	110
	115	111
	117	114
	119	115
	124	120
	125	121
	128	124
	129	125
	133	129
	134	143
	137	130
	138	131
	139	132
	140	133
	142	136
	143	137
	144	138
	147	141
	148	143
	156	151
	157	150
	158	166
	159	167
	161	169
	164	172
	165	173
	168	176
	169	177
	172	180
	173	181
	174	182
	175	183
	177	186
	178	187
	181	190
	182	191
	184	193
	187	196
	188	196
	189	197
	190	198
	191	199
	192	200
	193	201
	194	202
	195	203
	197	205
	198	205
	199	206
	200	207
	201	208
	202	209
	203	210
	204	211
	207	214
	208	214
	209	215
	210	216
	211	217
	212	218
	213	220
	214	221
	215	222
	217	225
	218	226
	222	230
	225	233
	226	234
	229	237
	230	238
	233	241
	234	242
	236	245
	237	246
	241	250
	243	251
	245	252
	247	253
	248	254
	250	255
	252	256
	253	257
	255	258
net/minecraft/client/renderer/entity/DisplayRenderer	222	238
	128	132
	129	133
	134	137
	140	141
	141	142
	142	153
	149	161
	150	162
	151	163
	154	166
	155	167
	157	168
	158	170
	31	43
	159	171
	32	44
	160	172
	33	45
	161	173
	164	176
	37	48
	42	52
	170	181
	43	53
	44	70
	46	54
	47	55
	175	185
	48	70
	177	186
	50	56
	178	187
	179	188
	52	57
	180	189
	53	58
	181	190
	55	59
	183	192
	56	60
	184	193
	57	61
	185	194
	59	62
	187	196
	60	63
	61	64
	62	65
	190	199
	63	66
	64	67
	192	200
	65	70
	194	201
	195	202
	68	73
	196	203
	70	75
	199	204
	72	76
	201	205
	74	77
	202	206
	203	207
	76	78
	205	208
	78	79
	206	209
	207	210
	208	211
	209	212
	210	213
	83	85
	213	216
	214	217
	87	89
	215	218
	216	219
	217	220
	91	93
	219	223
	220	236
	222	238
	95	97
	107	110
	108	111
	109	112
	114	116
	119	122
	120	123
	127	131
net/minecraft/client/resources/metadata/animation/package-info	0	0
net/minecraft/client/gui/components/AbstractContainerWidget	77	80
	34	35
	66	69
	39	40
	71	74
	40	41
	42	44
	43	45
	76	79
	45	48
	77	80
	46	49
	18	19
	19	20
	51	54
	23	24
	56	59
	28	29
	29	30
	61	64
net/minecraft/client/gui/navigation/ScreenDirection	66	48
	32	34
	33	35
	66	48
	12	14
	44	40
	45	40
	15	17
	47	40
	16	18
	17	19
	22	24
	23	25
	24	26
	25	27
	26	28
	58	44
	59	44
	61	44
	31	33
com/mojang/realmsclient/util/TextRenderingUtils	176	172
	134	23
	138	27
	139	28
	14	15
	143	32
	144	33
	145	35
	146	36
	147	38
	148	38
	20	82
	149	39
	21	83
	150	40
	152	42
	24	86
	25	87
	155	46
	157	49
	29	90
	161	53
	162	54
	164	56
	36	94
	165	57
	37	95
	166	60
	167	61
	39	96
	168	62
	40	100
	170	65
	42	97
	171	66
	43	98
	173	69
	174	70
	176	73
	48	105
	60	118
	61	119
	62	120
	63	121
	66	124
	67	125
	68	126
	69	127
	73	130
	74	131
	76	132
	77	138
	79	133
	80	134
	81	135
	82	136
	87	143
	92	147
	100	151
	104	155
	108	159
	109	160
	111	162
	115	167
	120	172
	126	19
net/minecraft/client/renderer/debug/GameTestDebugRenderer	70	68
	64	35
	65	36
	66	37
	34	60
	67	38
	68	39
	70	41
	38	64
	42	68
	47	18
	48	19
	52	23
	53	24
	24	50
	57	28
	25	51
	58	29
	26	52
	59	30
	27	53
	60	31
	30	56
	63	34
com/mojang/realmsclient/client/Request	292	295
	256	290
	257	291
	258	292
	259	293
	260	294
	261	295
	270	244
	271	245
	272	246
	277	250
	278	251
	281	254
	282	255
	283	256
	284	257
	285	258
	30	30
	286	259
	31	31
	287	260
	288	261
	33	32
	289	262
	34	33
	290	263
	291	264
	36	35
	292	265
	39	38
	40	39
	41	40
	42	41
	43	42
	44	43
	46	45
	49	48
	50	49
	53	52
	54	53
	55	54
	57	56
	59	58
	62	61
	63	62
	66	65
	70	69
	72	72
	73	73
	74	74
	80	80
	81	81
	82	82
	83	83
	89	89
	92	91
	93	92
	95	94
	98	97
	99	98
	100	99
	101	100
	106	105
	107	106
	109	108
	110	109
	111	111
	112	112
	115	115
	119	120
	121	123
	122	125
	125	128
	128	132
	129	133
	130	148
	133	134
	136	137
	140	144
	141	145
	144	129
	148	151
	149	152
	151	154
	152	155
	153	156
	160	163
	164	167
	168	171
	172	175
	176	179
	180	183
	184	187
	188	191
	193	196
	194	197
	195	198
	201	205
	202	206
	207	210
	208	211
	209	212
	210	213
	211	214
	212	215
	219	223
	220	224
	225	228
	226	229
	227	230
	228	231
	229	232
	230	233
	231	234
	240	275
	241	276
	242	277
	247	281
	248	282
	251	285
	252	286
	253	287
	254	288
	255	289
net/minecraft/client/Camera	257	252
	257	252
	49	51
	50	52
	51	53
	52	54
	53	55
	55	56
	56	57
	58	62
	59	63
	60	64
	63	67
	64	68
	65	69
	66	70
	67	71
	68	72
	70	74
	73	77
	74	78
	75	79
	77	81
	80	84
	81	86
	82	87
	83	88
	84	89
	85	90
	86	91
	87	92
	88	93
	89	94
	90	95
	91	96
	95	101
	99	105
	100	106
	101	107
	104	110
	105	111
	107	112
	113	113
	114	114
	115	115
	116	116
	119	119
	120	120
	123	123
	124	124
	125	125
	128	128
	132	132
	136	136
	140	140
	144	144
	148	148
	152	152
	156	156
	160	160
	161	161
	162	162
	163	163
	165	164
	166	165
	167	166
	169	167
	173	171
	174	172
	177	174
	178	175
	179	175
	180	176
	184	178
	187	180
	188	180
	189	181
	190	182
	191	183
	192	184
	193	185
	194	186
	197	189
	198	190
	199	191
	204	196
	208	202
	212	206
	216	210
	220	214
	221	215
	222	216
	223	217
	226	220
	235	230
	236	231
	237	232
	238	233
	241	236
	245	240
	249	244
	253	248
net/minecraft/client/renderer/item/ItemProperties	256	248
	256	76
	41	40
	42	42
	45	47
	46	48
	50	52
	51	53
	56	56
	57	57
	60	82
	61	83
	64	86
	65	87
	68	91
	69	92
	70	93
	71	93
	73	93
	75	95
	77	96
	78	97
	81	99
	82	100
	83	101
	85	103
	86	103
	89	103
	92	107
	93	109
	94	111
	97	110
	100	114
	101	116
	104	118
	106	119
	113	126
	115	127
	116	128
	119	130
	120	131
	123	134
	124	135
	128	138
	129	139
	131	141
	134	144
	136	145
	140	151
	141	152
	143	153
	144	154
	146	155
	147	156
	148	157
	151	160
	155	163
	156	164
	157	165
	158	165
	160	165
	164	168
	165	171
	166	171
	168	171
	171	175
	172	178
	173	179
	176	181
	177	182
	180	183
	183	188
	184	190
	187	198
	188	200
	191	202
	192	203
	193	204
	196	207
	197	207
	200	209
	201	210
	202	211
	205	213
	206	214
	207	215
	208	216
	210	219
	213	223
	214	225
	217	228
	218	230
	221	233
	222	236
	223	239
	224	240
	225	240
	227	240
	230	244
	231	246
	233	248
	237	61
	238	62
	239	63
	241	66
	242	67
	246	71
	247	72
	248	73
	251	75
	252	76
	253	76
net/minecraft/client/multiplayer/ClientLevel	1026	948
	1026	819
	116	120
	117	123
	118	126
	119	128
	130	137
	131	138
	134	141
	135	142
	137	144
	140	147
	141	148
	142	149
	145	150
	146	151
	147	152
	150	155
	153	158
	158	162
	159	163
	160	164
	161	165
	162	166
	164	169
	166	171
	172	187
	173	188
	174	189
	175	190
	176	191
	177	192
	178	193
	179	194
	181	195
	182	196
	183	197
	184	198
	187	201
	188	202
	191	205
	192	206
	193	208
	194	209
	195	210
	196	214
	201	216
	204	219
	208	223
	212	227
	213	228
	214	229
	217	232
	218	233
	221	236
	223	237
	225	238
	226	239
	229	242
	230	243
	231	244
	233	246
	236	249
	237	250
	240	253
	241	254
	242	255
	244	257
	246	260
	247	261
	250	264
	254	268
	255	269
	257	270
	258	271
	259	274
	261	272
	262	274
	263	275
	265	276
	266	277
	270	280
	274	284
	276	285
	277	286
	278	287
	279	288
	281	290
	282	291
	284	293
	287	296
	288	297
	289	307
	292	298
	293	307
	296	299
	298	300
	299	301
	301	303
	302	304
	304	307
	307	310
	308	311
	309	312
	310	313
	313	316
	314	317
	315	318
	316	319
	319	322
	320	323
	324	326
	328	330
	332	334
	333	335
	334	336
	337	339
	338	340
	339	341
	340	342
	342	344
	347	348
	352	352
	353	353
	356	356
	357	357
	359	358
	360	359
	361	361
	362	362
	363	363
	365	365
	369	369
	370	370
	371	371
	372	372
	373	373
	377	377
	381	381
	382	382
	383	383
	385	384
	386	385
	387	386
	389	387
	391	388
	392	389
	394	390
	395	391
	396	392
	397	393
	398	394
	402	398
	403	399
	406	402
	407	403
	408	407
	409	408
	411	418
	413	421
	416	424
	417	446
	420	425
	421	426
	422	427
	423	428
	424	429
	426	431
	427	432
	428	433
	429	434
	431	436
	432	437
	433	438
	434	439
	435	440
	436	441
	440	446
	443	449
	444	451
	445	452
	446	453
	449	457
	452	460
	453	461
	457	464
	459	465
	460	467
	461	469
	463	470
	468	476
	469	477
	471	479
	475	482
	476	483
	478	485
	482	488
	483	489
	487	492
	488	493
	491	496
	492	497
	494	498
	496	499
	497	500
	499	502
	501	504
	505	507
	507	508
	508	509
	511	512
	513	514
	517	517
	518	518
	522	521
	527	525
	532	529
	537	533
	542	537
	548	542
	552	546
	553	547
	558	550
	562	553
	567	557
	572	561
	573	562
	577	565
	578	566
	581	569
	582	570
	586	573
	587	574
	591	577
	592	578
	597	582
	598	583
	599	584
	600	585
	602	586
	603	587
	604	588
	605	589
	607	590
	609	592
	613	595
	614	596
	618	599
	619	600
	623	603
	624	604
	628	607
	629	608
	633	611
	638	615
	642	619
	644	620
	645	621
	647	622
	649	623
	650	624
	652	625
	656	629
	658	630
	659	631
	660	633
	662	635
	663	636
	665	637
	666	638
	667	639
	669	640
	670	641
	671	642
	673	643
	674	644
	675	645
	676	646
	678	649
	679	650
	680	651
	682	652
	683	653
	684	654
	685	655
	688	658
	689	659
	690	660
	691	661
	692	662
	694	665
	695	666
	696	667
	697	668
	700	671
	704	675
	706	676
	707	677
	709	678
	710	679
	711	680
	713	681
	714	682
	715	683
	717	684
	718	685
	719	686
	720	687
	723	690
	724	691
	725	692
	727	693
	728	694
	729	695
	731	696
	732	697
	733	698
	734	699
	737	702
	741	706
	743	707
	744	708
	746	709
	750	713
	755	717
	756	718
	760	721
	762	722
	763	723
	766	725
	768	727
	770	729
	773	732
	776	735
	778	737
	784	743
	785	744
	789	748
	790	749
	791	750
	794	752
	795	753
	796	754
	797	755
	799	756
	800	757
	801	759
	802	760
	803	761
	805	762
	806	763
	807	764
	810	767
	814	772
	815	773
	819	776
	824	780
	830	784
	833	787
	837	791
	838	792
	856	836
	857	837
	858	838
	859	839
	860	840
	863	843
	868	847
	873	851
	878	855
	882	859
	883	860
	886	863
	887	864
	891	867
	892	868
	893	869
	897	872
	902	876
	907	880
	908	881
	912	884
	917	888
	922	892
	927	896
	932	900
	933	901
	936	904
	937	905
	940	908
	941	909
	944	912
	945	912
	948	912
	952	916
	953	916
	955	916
	961	795
	967	923
	971	926
	975	929
	976	930
	980	933
	981	934
	985	937
	986	938
	988	940
	992	943
	993	944
	994	945
	998	948
	1003	799
	1008	803
	1009	804
	1012	807
	1013	808
	1016	811
	1021	815
net/minecraft/realms/RealmsScreen	42	40
	33	31
	37	35
	38	36
	42	40
	29	27
	30	28
net/minecraft/client/renderer/entity/BeeRenderer	28	25
	16	19
	20	22
	21	23
	22	23
	24	23
	25	25
	26	25
	28	25
	15	18
net/minecraft/client/gui/screens/recipebook/RecipeBookComponent	593	522
	512	445
	513	446
	514	447
	515	448
	516	449
	518	452
	519	453
	520	454
	521	455
	523	457
	526	460
	530	464
	532	465
	534	466
	536	468
	540	472
	541	473
	543	475
	546	478
	547	479
	548	480
	550	481
	551	484
	555	487
	556	488
	557	489
	559	491
	562	494
	563	495
	564	496
	565	497
	566	498
	568	500
	574	504
	579	509
	580	510
	581	511
	582	512
	584	514
	585	515
	586	516
	587	517
	589	518
	590	519
	591	520
	593	522
	93	82
	94	83
	95	84
	96	85
	97	86
	98	87
	99	88
	101	89
	103	90
	104	91
	105	92
	107	94
	110	97
	111	98
	112	99
	114	100
	115	101
	116	102
	118	103
	119	104
	120	105
	121	106
	122	107
	123	108
	124	109
	126	110
	127	111
	129	112
	130	113
	131	114
	133	115
	135	117
	136	118
	139	121
	140	124
	142	129
	143	130
	145	133
	147	134
	148	135
	149	136
	152	139
	153	140
	156	143
	157	144
	161	148
	162	149
	164	151
	167	154
	171	158
	172	159
	175	162
	179	166
	183	170
	184	171
	187	174
	188	175
	189	176
	190	177
	192	180
	193	181
	196	184
	197	185
	199	186
	200	187
	203	190
	206	193
	209	194
	211	195
	214	196
	217	197
	220	198
	221	199
	222	200
	223	201
	224	202
	225	203
	230	207
	231	208
	234	211
	235	212
	239	215
	240	216
	241	217
	243	218
	244	220
	245	221
	246	222
	247	223
	248	224
	252	225
	253	226
	254	227
	257	230
	261	233
	262	234
	263	235
	266	238
	267	244
	270	239
	271	240
	272	241
	274	244
	277	247
	278	248
	279	249
	281	250
	282	251
	286	255
	287	271
	290	256
	291	257
	293	258
	294	259
	295	260
	297	261
	299	263
	300	264
	303	267
	305	268
	307	269
	308	271
	311	274
	312	278
	315	275
	317	276
	318	278
	321	281
	325	285
	327	287
	328	288
	330	289
	331	290
	333	291
	334	292
	338	296
	339	297
	341	299
	344	302
	345	303
	349	307
	350	357
	354	308
	355	309
	356	310
	358	311
	359	312
	360	313
	363	316
	365	317
	367	318
	368	319
	372	323
	375	324
	376	325
	377	326
	379	328
	382	329
	383	330
	384	331
	385	332
	387	333
	389	334
	391	335
	394	337
	395	338
	396	339
	397	340
	398	341
	400	344
	401	345
	403	346
	406	349
	410	353
	414	362
	415	363
	416	364
	417	365
	421	369
	422	370
	425	372
	426	373
	428	374
	433	380
	434	381
	435	382
	438	383
	439	384
	440	385
	443	386
	444	387
	445	388
	447	389
	449	390
	452	391
	453	392
	454	393
	456	394
	459	396
	464	402
	465	403
	470	408
	471	409
	473	410
	474	411
	477	412
	478	413
	479	414
	482	416
	487	422
	493	427
	497	431
	501	435
	502	436
	504	437
	505	438
	506	439
	508	441
	511	444
net/minecraft/client/renderer/item/CompassItemPropertyFunction	129	117
	128	116
	129	117
	67	59
	68	60
	69	61
	71	64
	73	66
	76	69
	81	74
	82	74
	83	74
	22	24
	86	74
	23	25
	90	78
	27	29
	91	78
	29	30
	30	31
	95	82
	96	83
	33	33
	35	34
	36	34
	100	87
	39	34
	104	91
	43	39
	44	40
	46	41
	47	42
	50	43
	54	47
	118	107
	55	48
	57	51
	58	52
	122	111
	123	112
	124	113
	62	56
	126	114
	63	57
	127	115
net/minecraft/client/gui/screens/inventory/CraftingScreen	128	114
	128	114
	22	24
	23	25
	27	29
	29	30
	30	31
	31	32
	33	33
	34	34
	35	35
	37	36
	38	37
	39	38
	41	39
	42	40
	46	44
	48	45
	49	46
	53	50
	54	51
	55	52
	57	54
	58	55
	59	56
	62	59
	63	60
	64	61
	68	65
	69	66
	70	67
	71	68
	75	72
	76	72
	78	72
	83	77
	84	77
	86	77
	91	82
	96	87
	97	88
	98	89
	101	91
	102	91
	105	91
	110	97
	111	98
	116	103
	118	104
	119	105
	123	109
	124	110
net/minecraft/client/particle/HeartParticle	59	61
	36	55
	37	56
	9	12
	41	59
	10	13
	42	60
	11	14
	43	61
	12	15
	13	16
	14	17
	15	18
	17	19
	18	20
	19	21
	51	39
	20	22
	52	40
	24	26
	56	43
	57	44
	58	45
	59	46
	29	31
net/minecraft/client/renderer/entity/EvokerRenderer	29	33
	17	19
	20	24
	21	25
	23	27
	25	30
	29	33
	15	18
com/mojang/blaze3d/font/GlyphInfo	28	31
	16	18
	20	22
	12	14
	28	31
com/mojang/realmsclient/gui/screens/AddRealmPopupScreen	164	155
	131	125
	132	126
	133	127
	136	128
	138	129
	139	130
	140	131
	141	132
	143	134
	146	137
	150	141
	154	145
	158	149
	163	154
	164	155
	66	54
	67	55
	68	56
	69	57
	72	61
	73	64
	74	65
	78	69
	80	70
	81	71
	82	72
	83	72
	84	73
	88	78
	89	79
	90	80
	92	84
	93	86
	95	87
	96	89
	97	91
	98	92
	100	95
	101	96
	105	100
	106	101
	107	102
	108	103
	110	105
	114	109
	116	110
	117	111
	119	113
	122	116
	123	117
	124	118
	125	119
	126	120
	127	121
net/minecraft/client/gui/Gui	1454	1386
	1027	1376
	1028	1377
	1029	1378
	1030	1379
	1031	1380
	1032	1381
	1034	1383
	1036	1386
	1041	872
	1042	873
	1044	874
	1045	875
	1046	876
	1048	878
	1049	879
	1050	880
	1052	881
	1053	882
	1055	883
	1056	884
	1058	887
	1059	888
	1062	891
	1064	892
	1066	893
	1067	894
	1068	895
	1069	896
	1070	897
	1071	898
	1074	902
	1075	903
	1076	904
	1078	907
	1079	908
	1080	909
	1083	912
	1086	915
	1087	916
	1088	917
	1089	918
	1092	921
	1093	922
	1094	923
	1095	925
	1096	926
	1101	930
	1102	931
	1103	932
	1104	933
	1106	935
	1107	936
	1108	937
	1111	940
	1112	940
	1113	941
	1117	944
	1118	945
	1119	946
	1120	947
	1122	950
	1123	951
	1126	955
	1127	956
	1130	959
	1131	960
	1132	994
	1134	961
	1135	962
	1136	994
	1138	963
	1141	964
	1144	965
	1145	966
	1146	967
	1147	968
	1149	969
	1150	971
	1151	972
	1152	973
	1154	975
	1155	976
	1156	977
	1157	978
	1158	979
	1160	982
	1161	983
	1164	987
	1165	988
	1167	991
	1168	994
	1171	997
	1172	998
	1173	999
	1175	1000
	1176	1001
	1178	1002
	1179	1003
	1180	1004
	1181	1005
	1182	1006
	1185	1009
	1186	1010
	1187	1010
	1189	1011
	1190	1012
	1192	1013
	169	164
	1193	1014
	170	165
	1194	1015
	171	166
	1195	1016
	172	167
	173	168
	174	169
	1198	1017
	175	170
	1199	1018
	1200	1019
	177	171
	179	173
	1203	1020
	180	173
	181	174
	1205	1021
	182	175
	183	176
	1207	1022
	184	177
	185	178
	1209	1023
	1210	1024
	187	180
	188	180
	189	181
	1213	1027
	190	182
	1214	1028
	191	183
	1215	1029
	1216	1030
	193	185
	1217	1031
	194	186
	195	187
	196	188
	1220	1034
	197	189
	198	190
	1222	1035
	199	191
	1224	1036
	201	192
	1225	1037
	202	192
	1226	1038
	203	192
	1227	1039
	204	192
	1228	1040
	205	193
	1229	1041
	208	196
	209	197
	1233	1045
	210	198
	1234	1046
	211	199
	1235	1047
	1236	1049
	1239	1051
	1240	1052
	217	202
	1241	1053
	218	203
	219	204
	1243	1055
	220	205
	1244	1056
	1245	1057
	223	208
	224	209
	1248	1060
	1250	1061
	227	212
	1251	1062
	1252	1063
	229	213
	1253	1064
	1254	1065
	231	214
	1255	1066
	232	215
	233	216
	1258	1069
	235	218
	1259	1070
	1260	1071
	237	219
	1261	1072
	238	220
	239	221
	1264	1075
	1265	1076
	1266	1077
	1267	1078
	244	226
	245	227
	1269	1079
	1270	1080
	248	231
	1272	1081
	249	233
	1273	1082
	250	234
	1274	1083
	1275	1084
	252	236
	1276	1085
	255	239
	1279	1088
	256	251
	1280	1105
	259	240
	1283	1089
	1284	1090
	261	241
	1285	1091
	262	242
	263	243
	1287	1092
	1288	1093
	265	244
	1289	1094
	1290	1095
	268	247
	269	248
	1293	1098
	270	249
	271	251
	1295	1099
	1296	1100
	274	254
	275	255
	1299	1103
	276	280
	1300	1105
	278	256
	279	257
	1303	1108
	280	258
	1304	1109
	281	259
	1305	1110
	282	260
	1307	1112
	284	263
	285	264
	286	265
	1310	1115
	1311	1116
	289	267
	1313	1119
	290	268
	1314	1120
	1315	1121
	292	270
	1316	1122
	1317	1123
	294	273
	295	274
	1320	1127
	297	275
	1322	1128
	299	278
	1323	1129
	300	280
	1324	1130
	303	283
	1327	1133
	304	320
	1328	1134
	1330	1135
	307	284
	1331	1136
	308	285
	1332	1137
	309	286
	1333	1140
	310	287
	1334	1141
	311	288
	1335	1142
	312	289
	313	290
	1337	1145
	315	293
	316	294
	1340	1148
	1341	1149
	318	297
	319	298
	320	299
	1344	1152
	321	300
	1345	1153
	1346	1154
	323	301
	1347	1155
	324	302
	1348	1156
	326	303
	327	304
	1351	1159
	328	305
	1352	1160
	1353	1161
	330	306
	1354	1162
	332	307
	333	308
	1357	1165
	334	309
	1358	1166
	1359	1167
	336	310
	1360	1168
	337	311
	1361	1169
	338	312
	1364	1172
	341	315
	1365	1173
	343	318
	344	320
	1368	1176
	347	323
	348	324
	1372	1180
	349	325
	1373	1181
	350	326
	351	327
	1375	1184
	1376	1185
	353	329
	1378	1188
	1379	1189
	356	332
	357	333
	1381	1192
	358	334
	1382	1193
	359	335
	360	336
	1384	1195
	361	337
	362	338
	1387	1198
	1388	1199
	365	342
	366	343
	367	344
	1391	1202
	1392	1203
	369	346
	1393	1204
	372	349
	1396	1207
	373	350
	1397	1208
	374	351
	1398	1209
	375	355
	1399	1210
	376	356
	378	353
	1402	1213
	380	358
	1406	1217
	383	361
	385	362
	386	412
	1410	1221
	389	363
	390	363
	1414	1225
	391	412
	1418	1229
	395	364
	397	365
	398	366
	1422	1233
	1423	1234
	400	367
	1424	1235
	401	368
	402	369
	1426	1236
	403	370
	1427	1237
	404	371
	1428	1238
	405	372
	406	373
	407	374
	1431	1241
	409	375
	411	376
	1435	1245
	412	377
	414	380
	415	385
	1439	1249
	416	386
	1440	1250
	418	387
	419	388
	1443	1253
	420	389
	1444	1255
	421	390
	1445	1257
	422	391
	1446	1258
	423	392
	1447	1259
	1448	1260
	1449	1261
	426	395
	1450	1262
	427	396
	1451	1263
	429	397
	430	398
	1454	1266
	431	399
	432	400
	434	401
	435	402
	439	406
	442	409
	443	412
	446	415
	447	416
	450	417
	451	418
	452	419
	453	420
	454	421
	455	422
	458	424
	462	429
	464	430
	465	483
	468	432
	469	433
	470	434
	471	435
	474	436
	476	438
	477	439
	479	440
	480	441
	481	442
	482	443
	483	444
	486	447
	487	448
	488	449
	490	451
	491	452
	492	453
	495	456
	496	457
	497	458
	499	460
	501	461
	502	462
	503	463
	504	464
	508	468
	509	469
	510	470
	511	471
	512	472
	513	473
	514	474
	515	475
	516	476
	520	480
	522	481
	523	483
	526	486
	527	487
	529	489
	532	492
	533	493
	534	494
	535	495
	536	496
	537	497
	540	500
	541	501
	543	504
	545	505
	546	506
	547	507
	548	508
	550	510
	553	513
	554	514
	555	570
	558	515
	559	516
	560	517
	561	518
	562	519
	564	520
	566	521
	567	522
	569	523
	570	524
	572	525
	573	526
	574	527
	576	529
	580	533
	582	534
	584	535
	585	537
	586	538
	587	539
	588	540
	591	543
	592	544
	593	545
	594	546
	596	548
	600	552
	601	553
	602	554
	603	555
	604	556
	605	557
	606	558
	607	559
	610	562
	612	563
	613	564
	615	567
	617	570
	621	573
	622	574
	623	575
	625	576
	627	577
	629	578
	630	579
	631	580
	632	581
	633	582
	634	583
	636	586
	637	587
	638	588
	641	591
	642	592
	643	593
	644	594
	646	595
	648	596
	649	597
	650	598
	651	599
	652	600
	654	603
	656	606
	657	607
	660	610
	661	611
	662	612
	664	613
	665	614
	666	615
	668	616
	669	617
	670	618
	671	619
	672	620
	673	621
	675	623
	678	626
	682	630
	684	631
	685	632
	686	633
	687	634
	690	637
	691	638
	692	639
	693	640
	695	641
	698	644
	699	645
	700	646
	702	649
	703	650
	707	654
	708	655
	711	658
	712	676
	715	659
	718	661
	719	662
	721	665
	724	670
	725	671
	726	672
	727	673
	728	674
	729	676
	734	679
	735	680
	736	686
	737	688
	738	689
	739	690
	740	691
	741	692
	742	693
	743	694
	744	695
	745	696
	746	697
	748	699
	750	700
	751	701
	752	702
	754	703
	755	705
	756	706
	759	709
	760	710
	761	711
	762	712
	763	713
	764	714
	765	715
	766	716
	768	717
	769	718
	771	719
	773	720
	774	721
	776	722
	777	724
	778	725
	779	726
	781	727
	782	728
	784	730
	785	731
	789	735
	794	740
	795	741
	796	742
	797	743
	798	744
	800	747
	801	748
	804	752
	808	756
	809	765
	812	757
	813	758
	814	759
	815	760
	817	763
	821	770
	825	774
	826	775
	827	844
	829	776
	831	777
	832	778
	833	779
	834	780
	835	781
	836	782
	837	783
	838	784
	840	787
	841	788
	842	789
	843	790
	845	793
	846	794
	847	795
	849	796
	850	797
	852	798
	853	799
	854	800
	855	801
	856	802
	857	803
	858	804
	859	805
	860	806
	864	809
	865	810
	867	811
	868	812
	870	813
	871	814
	872	815
	873	816
	874	817
	875	818
	879	821
	881	822
	882	823
	883	824
	885	825
	886	826
	888	827
	889	828
	890	829
	891	831
	892	832
	893	833
	895	835
	898	839
	901	842
	902	844
	905	847
	906	848
	907	869
	909	849
	910	850
	911	852
	912	853
	913	854
	914	855
	916	858
	917	859
	919	862
	920	863
	923	867
	924	869
	999	1350
	1000	1351
	1001	1352
	1002	1353
	1003	1354
	1004	1355
	1005	1356
	1006	1357
	1007	1358
	1010	1361
	1011	1362
	1012	1363
	1014	1365
	1017	1367
	1018	1368
	1020	1370
com/mojang/realmsclient/dto/BackupList	33	36
	33	36
	18	19
	20	20
	21	21
	23	24
	24	25
	25	26
	26	28
	27	29
	30	32
	31	33
net/minecraft/client/tutorial/MovementTutorialStepInstance	119	120
	65	65
	68	68
	69	69
	70	70
	72	72
	76	76
	77	77
	80	80
	81	81
	84	84
	85	85
	86	86
	87	87
	88	88
	89	89
	90	90
	93	93
	97	97
	98	98
	35	34
	99	99
	36	35
	101	102
	102	103
	103	104
	40	39
	105	106
	42	40
	43	41
	44	42
	109	110
	110	111
	47	45
	48	46
	112	113
	49	47
	52	50
	116	117
	53	51
	117	118
	54	52
	55	53
	119	120
	57	56
	60	59
	61	60
	62	61
	63	62
net/minecraft/client/renderer/entity/layers/HorseMarkingLayer	41	41
	33	36
	35	37
	36	41
	39	38
	40	39
	41	41
	20	23
	21	24
	22	25
	23	26
	24	27
	25	28
	28	32
	29	33
net/minecraft/client/gui/components/AbstractSelectionList	582	553
	512	487
	516	491
	517	492
	520	495
	521	496
	522	497
	523	498
	524	499
	527	502
	536	511
	540	515
	546	521
	550	525
	559	534
	50	49
	51	50
	52	51
	564	538
	53	52
	57	55
	569	542
	58	56
	570	543
	571	544
	60	57
	61	58
	63	60
	576	548
	577	549
	66	63
	578	550
	582	553
	71	68
	75	72
	76	73
	79	76
	86	81
	91	86
	95	90
	97	91
	98	92
	101	95
	102	96
	103	97
	106	100
	110	104
	111	105
	115	109
	116	110
	117	111
	118	112
	121	115
	122	116
	123	117
	124	118
	128	122
	132	126
	137	131
	138	132
	140	133
	141	134
	143	135
	144	136
	145	137
	146	137
	148	137
	153	141
	154	142
	157	145
	158	146
	159	147
	160	148
	163	151
	167	155
	171	159
	174	162
	178	166
	180	167
	182	168
	183	169
	184	170
	185	171
	186	172
	188	175
	189	176
	191	177
	193	178
	194	179
	196	180
	197	181
	199	182
	200	183
	201	184
	204	187
	205	188
	206	189
	207	190
	210	193
	212	194
	213	195
	216	198
	220	202
	221	203
	222	204
	223	205
	224	206
	225	207
	226	208
	229	211
	230	212
	231	213
	232	216
	233	217
	236	220
	237	221
	241	224
	242	225
	248	228
	249	229
	250	230
	251	231
	254	234
	255	235
	256	236
	258	238
	261	241
	262	242
	265	245
	269	249
	270	250
	273	253
	274	254
	277	257
	278	258
	281	261
	285	265
	286	266
	289	269
	293	273
	297	277
	301	281
	306	286
	307	287
	309	289
	310	290
	311	291
	313	293
	314	294
	315	295
	316	296
	318	297
	319	298
	321	301
	322	302
	323	303
	325	305
	326	308
	328	311
	333	318
	334	318
	336	318
	341	323
	342	324
	345	325
	346	340
	348	326
	349	327
	350	328
	351	329
	353	331
	354	332
	355	333
	356	334
	357	335
	359	338
	364	346
	365	347
	370	352
	372	353
	373	354
	374	355
	375	356
	376	357
	377	358
	380	361
	384	365
	389	370
	394	375
	395	376
	396	377
	397	378
	399	380
	401	382
	402	383
	404	385
	407	388
	408	389
	409	390
	410	391
	414	396
	419	401
	423	405
	424	406
	425	407
	427	408
	428	410
	429	411
	430	412
	431	413
	432	414
	435	417
	438	420
	440	421
	442	422
	443	423
	444	424
	447	427
	448	428
	451	431
	452	432
	453	433
	454	434
	455	435
	458	438
	462	442
	466	446
	470	450
	474	454
	478	458
	483	463
	484	464
	486	466
	487	466
	489	466
	494	472
	495	473
	496	473
	498	473
	503	477
	504	478
	505	479
	507	482
net/minecraft/client/renderer/blockentity/package-info	0	0
net/minecraft/client/gui/MapRenderer	172	162
	128	125
	129	126
	130	127
	131	128
	133	129
	135	130
	137	131
	138	132
	139	133
	140	134
	141	135
	143	136
	144	137
	145	138
	146	139
	147	140
	148	141
	150	142
	151	143
	152	144
	153	145
	154	146
	156	147
	157	148
	158	149
	159	150
	161	151
	34	35
	162	152
	35	36
	36	37
	165	155
	39	40
	167	158
	40	41
	43	44
	171	161
	44	45
	172	162
	47	48
	48	49
	49	50
	52	52
	54	53
	59	59
	60	60
	63	63
	64	64
	68	67
	69	68
	78	78
	79	79
	80	80
	81	81
	82	82
	85	85
	86	86
	87	87
	88	88
	91	91
	92	92
	95	95
	96	96
	97	97
	98	98
	101	102
	102	103
	105	106
	106	107
	107	108
	110	111
	111	112
	113	113
	115	114
	116	115
	117	116
	118	117
	119	118
	120	119
	122	120
	123	122
	124	123
	127	124
net/minecraft/client/OptionInstance	467	444
	256	307
	261	312
	275	338
	276	339
	277	340
	278	341
	279	342
	280	343
	281	344
	282	345
	286	349
	287	350
	288	351
	292	355
	293	356
	38	42
	295	358
	297	360
	300	363
	301	364
	302	365
	303	366
	304	367
	306	369
	51	55
	310	373
	55	59
	312	374
	313	375
	314	376
	59	63
	316	378
	63	69
	328	283
	73	79
	329	284
	330	286
	331	286
	333	286
	78	79
	338	291
	339	292
	84	90
	85	91
	341	295
	345	299
	96	102
	97	103
	98	104
	99	105
	100	106
	101	107
	102	108
	103	109
	104	110
	107	113
	111	117
	115	121
	371	263
	372	264
	119	125
	376	267
	123	129
	381	272
	127	133
	131	137
	388	191
	135	141
	393	196
	140	145
	399	201
	144	149
	400	204
	145	150
	401	205
	146	151
	402	206
	148	153
	404	207
	150	154
	151	161
	153	156
	154	157
	410	214
	155	158
	157	161
	415	219
	160	164
	424	427
	429	431
	177	402
	434	435
	182	410
	438	439
	194	228
	199	235
	200	236
	201	237
	202	238
	203	239
	204	240
	205	241
	206	242
	207	243
	464	444
	465	444
	467	444
	216	389
	217	390
	219	391
	232	172
	237	177
	244	251
	249	256
net/minecraft/client/renderer/entity/ThrownTridentRenderer	41	39
	32	33
	34	34
	20	22
	36	35
	21	23
	37	36
	22	24
	41	39
	26	27
	28	28
	29	29
	31	31
net/minecraft/client/renderer/texture/SpriteTicker	0	0
com/mojang/blaze3d/audio/package-info	0	0
net/minecraft/client/gui/screens/telemetry/package-info	0	0
net/minecraft/client/animation/AnimationDefinition	38	37
	33	32
	34	33
	20	19
	38	37
	24	23
	25	24
	28	27
	29	28
net/minecraft/client/renderer/chunk/SectionCompiler	133	139
	132	138
	133	139
	36	40
	37	41
	38	42
	41	47
	43	48
	44	49
	46	50
	47	51
	49	52
	51	53
	53	54
	54	56
	55	57
	56	58
	57	59
	60	62
	61	63
	62	64
	63	65
	67	69
	68	70
	69	71
	70	72
	71	73
	74	76
	75	77
	76	78
	78	79
	79	80
	80	85
	81	86
	85	90
	86	91
	87	92
	88	93
	89	94
	90	95
	92	98
	96	102
	98	103
	100	104
	104	108
	105	109
	106	110
	107	111
	108	112
	110	115
	114	119
	115	120
	116	121
	117	122
	118	123
	121	126
net/minecraft/client/player/Input	25	26
	18	19
	21	22
	25	26
net/minecraft/client/multiplayer/ClientRegistryLayer	19	20
	19	20
net/minecraft/client/gui/screens/worldselection/WorldCreationContext	73	90
	34	35
	66	83
	37	44
	70	87
	39	46
	71	88
	41	48
	73	90
	45	52
	48	56
	55	62
	27	34
	28	34
	29	34
	62	73
net/minecraft/client/resources/FoliageColorReloadListener	26	26
	17	18
	18	19
	19	20
	25	25
	26	26
net/minecraft/client/gui/screens/packs/PackSelectionScreen	372	449
	256	265
	259	268
	260	269
	261	270
	264	273
	265	274
	266	276
	267	278
	268	279
	269	280
	271	283
	274	287
	275	288
	276	289
	277	290
	278	293
	281	296
	285	338
	286	307
	287	308
	288	361
	290	313
	291	315
	293	323
	294	320
	295	321
	296	354
	297	335
	298	362
	299	363
	301	364
	305	369
	313	378
	314	379
	317	382
	320	391
	321	386
	322	387
	323	388
	326	403
	327	406
	328	407
	329	408
	331	410
	336	415
	337	416
	338	417
	339	418
	86	82
	87	83
	88	84
	344	423
	89	85
	345	424
	90	86
	348	427
	94	90
	95	91
	96	92
	352	430
	353	431
	354	431
	99	95
	355	432
	356	433
	101	97
	357	434
	102	98
	358	435
	103	99
	359	436
	106	102
	363	441
	110	106
	366	444
	111	107
	112	108
	113	109
	115	110
	371	448
	372	449
	117	111
	119	112
	120	114
	121	114
	122	114
	124	116
	126	117
	127	119
	128	121
	129	122
	133	126
	134	127
	135	128
	136	129
	137	130
	138	131
	142	135
	144	137
	146	138
	148	140
	149	141
	150	142
	154	146
	155	146
	156	147
	159	149
	162	152
	163	153
	164	154
	165	155
	168	158
	169	159
	170	160
	171	161
	172	162
	173	163
	174	164
	175	165
	176	166
	178	168
	179	169
	182	172
	183	173
	184	174
	187	177
	188	178
	189	179
	192	182
	193	183
	194	184
	195	185
	196	186
	199	189
	200	190
	201	203
	202	195
	204	197
	205	198
	206	199
	207	200
	209	202
	210	218
	211	219
	212	220
	214	222
	215	223
	216	224
	218	226
	222	230
	223	232
	224	235
	225	236
	226	237
	227	238
	230	240
	235	244
	239	247
	240	249
	242	251
	243	252
	244	253
	246	255
	247	256
	249	258
	250	259
	254	263
	255	264
com/mojang/blaze3d/MethodsReturnNonnullByDefault	0	0
net/minecraft/client/renderer/entity/HoglinRenderer	22	23
	17	19
	22	23
	12	15
	13	16
net/minecraft/client/gui/components/PlayerSkinWidget	113	103
	64	56
	66	57
	67	58
	71	62
	72	63
	73	64
	77	68
	81	72
	85	76
	91	82
	96	88
	97	89
	98	90
	99	91
	100	92
	104	96
	105	97
	42	38
	106	98
	43	39
	44	40
	108	99
	45	41
	109	100
	110	101
	112	102
	49	45
	113	103
	50	46
	51	47
	52	48
	53	49
	55	50
	56	51
	58	52
	59	53
	61	54
	63	55
com/mojang/blaze3d/vertex/VertexFormatElement	143	135
	128	94
	129	95
	130	96
	67	72
	131	97
	134	100
	71	76
	138	104
	76	114
	143	108
	79	115
	82	116
	85	118
	86	119
	88	121
	26	40
	90	123
	27	41
	28	42
	92	124
	30	44
	31	45
	32	46
	35	31
	99	130
	36	26
	100	131
	37	27
	101	132
	39	28
	40	29
	105	135
	42	37
	45	51
	50	55
	54	59
	58	63
	62	67
	63	68
net/minecraft/client/model/CreeperModel	73	64
	66	58
	67	59
	69	60
	70	61
	71	62
	72	63
	73	64
	24	26
	25	27
	26	28
	27	29
	28	30
	29	31
	30	32
	33	35
	34	36
	36	37
	37	38
	38	38
	39	38
	43	40
	44	41
	45	41
	46	41
	49	43
	50	43
	51	44
	52	45
	53	46
	54	47
	56	48
	61	53
net/minecraft/client/telemetry/events/package-info	0	0
net/minecraft/client/renderer/entity/layers/BeeStingerLayer	63	66
	20	23
	21	24
	25	28
	30	33
	31	34
	32	35
	34	36
	35	37
	36	38
	38	39
	39	40
	40	41
	41	42
	43	43
	45	44
	46	45
	48	46
	50	47
	51	49
	52	50
	53	51
	54	52
	55	53
	56	54
	57	55
	59	57
	62	60
	63	66
net/minecraft/client/gui/components/StateSwitchingButton	45	46
	34	36
	35	37
	39	41
	40	46
	42	42
	43	43
	44	44
	45	46
	16	18
	17	19
	18	20
	21	23
	22	24
	25	27
	26	28
	29	31
net/minecraft/client/resources/server/PackDownloader	0	0
net/minecraft/client/renderer/entity/ChestedHorseRenderer	25	30
	20	26
	21	27
	25	30
net/minecraft/client/multiplayer/resolver/AddressCheck	33	34
	32	33
	17	19
	33	34
	18	20
	19	21
	20	22
	22	23
	25	26
	26	27
	27	28
net/minecraft/client/gui/screens/recipebook/package-info	0	0
net/minecraft/client/gui/screens/worldselection/CreateWorldScreen	728	812
	513	332
	515	334
	516	335
	517	336
	518	337
	519	338
	523	342
	527	346
	529	347
	530	349
	532	351
	535	354
	537	355
	538	360
	540	366
	543	369
	544	372
	545	375
	547	377
	549	378
	550	393
	553	380
	554	381
	555	382
	556	382
	558	383
	559	384
	561	386
	563	388
	566	390
	568	393
	572	396
	574	397
	576	398
	579	401
	580	402
	583	403
	584	404
	587	406
	588	407
	589	408
	591	410
	592	412
	594	413
	595	414
	596	414
	600	419
	601	421
	603	424
	606	427
	607	428
	608	429
	610	431
	611	432
	612	434
	613	435
	614	437
	615	440
	616	441
	105	111
	618	443
	620	445
	621	446
	623	448
	624	449
	627	453
	629	456
	631	460
	634	463
	635	464
	124	634
	126	635
	639	468
	127	635
	640	480
	128	635
	641	473
	129	636
	643	475
	131	637
	644	476
	132	638
	645	477
	133	639
	134	642
	647	479
	135	651
	648	495
	136	652
	649	496
	138	656
	651	499
	139	657
	140	658
	653	501
	141	660
	657	505
	145	664
	658	506
	146	665
	659	507
	147	666
	660	508
	148	667
	149	668
	662	510
	151	669
	152	670
	665	513
	153	671
	154	673
	668	516
	669	517
	157	677
	670	518
	158	678
	159	679
	672	530
	160	680
	673	526
	161	681
	674	527
	675	528
	163	682
	676	546
	164	684
	677	547
	165	685
	678	548
	679	549
	167	687
	168	688
	681	551
	169	689
	682	552
	170	690
	684	555
	172	691
	685	556
	173	695
	686	557
	175	701
	691	562
	692	583
	693	568
	695	569
	696	570
	698	572
	699	573
	700	574
	701	575
	703	578
	191	753
	705	581
	193	754
	706	582
	194	754
	707	598
	195	754
	708	599
	196	754
	709	600
	710	601
	198	755
	199	757
	712	604
	200	758
	201	765
	204	768
	717	609
	205	769
	718	610
	206	770
	719	611
	207	771
	720	612
	721	613
	209	772
	210	773
	724	616
	212	775
	725	617
	214	778
	215	779
	728	619
	217	780
	218	782
	220	783
	226	784
	227	785
	228	786
	229	787
	231	788
	232	789
	233	790
	234	791
	235	792
	236	793
	237	794
	238	795
	239	796
	242	799
	243	800
	244	801
	246	803
	249	806
	263	810
	264	811
	266	812
	276	711
	278	712
	279	712
	280	712
	282	713
	283	713
	284	713
	287	717
	288	719
	289	720
	291	724
	292	726
	293	727
	294	729
	297	732
	298	733
	299	734
	300	735
	301	736
	305	124
	307	125
	308	126
	310	127
	312	129
	315	131
	316	131
	318	132
	320	134
	323	137
	324	139
	326	142
	329	145
	332	146
	333	149
	336	155
	337	161
	339	162
	340	163
	341	164
	342	165
	344	166
	345	167
	346	168
	347	169
	348	170
	349	171
	351	174
	352	175
	356	185
	357	186
	358	187
	360	188
	361	189
	364	192
	369	197
	370	198
	371	199
	372	200
	374	201
	375	202
	376	203
	378	204
	379	205
	380	206
	381	207
	383	208
	386	209
	388	210
	389	211
	394	215
	398	219
	399	228
	401	220
	402	221
	404	222
	405	223
	406	224
	407	225
	408	226
	409	228
	412	231
	413	232
	416	235
	417	236
	419	237
	420	239
	421	240
	422	241
	425	242
	426	244
	427	246
	430	249
	432	250
	433	251
	434	261
	437	252
	439	253
	441	254
	442	255
	443	256
	444	257
	445	261
	448	264
	449	265
	450	266
	451	267
	452	268
	454	271
	459	284
	460	285
	463	286
	464	287
	467	288
	468	291
	469	292
	472	289
	477	298
	478	299
	481	302
	482	303
	483	304
	487	308
	488	309
	489	310
	490	311
	491	312
	495	316
	496	317
	497	318
	501	322
	506	327
com/mojang/realmsclient/util/RealmsUtil	55	51
	32	29
	33	30
	34	31
	37	32
	38	33
	39	34
	42	36
	43	37
	47	43
	51	47
	52	48
	53	49
	22	23
	54	50
	23	24
	55	51
	26	26
	28	27
	29	28
net/minecraft/client/gui/font/AllMissingGlyphProvider	21	22
	21	22
	15	17
net/minecraft/client/renderer/debug/BrainDebugRenderer	402	357
	260	232
	261	233
	262	234
	266	237
	267	237
	268	238
	269	239
	273	242
	274	243
	275	244
	276	245
	278	247
	280	250
	284	254
	285	255
	286	256
	287	257
	291	261
	292	262
	294	264
	297	269
	298	270
	301	273
	302	274
	304	275
	305	276
	306	277
	308	278
	309	279
	312	282
	313	283
	317	284
	319	285
	320	286
	321	287
	323	288
	324	289
	325	290
	328	293
	329	293
	330	293
	331	293
	336	297
	337	297
	338	297
	339	297
	344	301
	91	73
	92	74
	348	305
	349	306
	350	307
	351	308
	96	78
	97	79
	98	80
	99	81
	355	312
	356	314
	357	315
	102	84
	358	316
	103	85
	359	317
	106	88
	107	89
	364	321
	365	323
	110	92
	366	324
	111	93
	367	325
	112	94
	368	326
	113	98
	115	96
	116	98
	119	101
	120	102
	377	330
	378	332
	123	105
	379	333
	124	106
	380	334
	382	335
	128	110
	130	111
	386	340
	132	112
	133	113
	390	344
	135	115
	391	345
	138	118
	139	119
	140	120
	142	122
	399	354
	400	355
	145	125
	401	356
	402	357
	147	126
	148	127
	149	128
	151	130
	154	132
	155	133
	156	134
	160	138
	161	139
	162	140
	164	142
	166	143
	167	144
	168	145
	170	147
	172	148
	175	151
	176	152
	177	153
	180	156
	181	157
	182	158
	183	159
	184	160
	189	163
	190	164
	191	165
	192	166
	194	168
	197	171
	199	172
	200	173
	201	174
	203	176
	206	179
	207	179
	209	180
	210	180
	211	181
	214	184
	215	185
	217	187
	220	190
	221	191
	224	192
	225	193
	228	194
	229	195
	230	196
	233	199
	234	200
	235	202
	236	210
	239	213
	240	213
	241	214
	242	215
	246	218
	247	219
	248	220
	249	221
	252	225
	253	226
	254	227
	255	228
com/mojang/realmsclient/client/FileDownload	409	448
	256	269
	257	270
	260	274
	261	277
	263	278
	264	279
	266	281
	267	282
	268	283
	270	284
	271	285
	276	275
	279	291
	280	292
	282	295
	284	296
	286	298
	287	299
	288	302
	290	303
	291	304
	293	306
	295	307
	296	310
	297	321
	300	300
	302	324
	303	325
	304	326
	306	328
	307	329
	310	332
	311	333
	314	341
	315	340
	316	356
	317	357
	318	358
	319	359
	66	89
	322	362
	67	90
	324	364
	69	94
	70	95
	71	95
	72	95
	73	96
	74	97
	75	98
	76	99
	77	115
	333	398
	334	399
	79	102
	335	400
	80	103
	336	401
	337	402
	82	106
	84	108
	85	109
	341	405
	86	110
	343	406
	345	408
	346	409
	347	410
	348	411
	93	121
	349	412
	94	200
	352	415
	97	122
	98	124
	100	127
	102	128
	103	129
	104	129
	105	129
	361	425
	362	426
	107	130
	363	427
	108	131
	364	428
	110	132
	111	141
	112	142
	368	431
	113	195
	370	432
	116	133
	117	134
	373	434
	118	135
	119	136
	375	435
	376	436
	121	137
	377	437
	123	144
	379	439
	124	145
	380	440
	381	441
	126	148
	383	443
	128	149
	384	444
	129	150
	385	445
	132	153
	388	448
	133	154
	135	156
	137	157
	139	158
	140	159
	396	372
	397	373
	142	160
	143	161
	144	162
	400	376
	145	163
	401	377
	148	166
	149	168
	405	381
	150	170
	406	382
	151	171
	407	383
	153	172
	409	385
	154	173
	155	174
	156	175
	158	177
	160	178
	161	179
	165	183
	169	187
	171	189
	172	190
	173	191
	177	138
	178	197
	179	198
	180	200
	183	203
	184	204
	187	207
	188	208
	191	211
	192	212
	195	215
	199	219
	203	223
	212	227
	214	229
	215	230
	216	231
	220	235
	224	239
	227	240
	229	242
	230	243
	233	246
	234	247
	237	250
	240	253
	241	254
	242	255
	243	256
	244	257
	245	258
	246	259
	247	260
	250	263
	254	267
	255	268
net/minecraft/client/gui/components/FocusableTextWidget	60	61
	18	19
	19	20
	22	23
	23	24
	26	27
	27	28
	28	29
	29	30
	30	31
	31	32
	32	33
	35	36
	36	37
	40	41
	41	42
	45	46
	46	47
	47	48
	48	49
	49	50
	50	51
	51	52
	52	53
	55	56
	56	57
	60	61
net/minecraft/client/particle/CampfireSmokeParticle	77	77
	69	70
	70	71
	8	11
	9	12
	10	13
	74	74
	11	14
	75	75
	12	15
	76	76
	77	77
	14	17
	16	20
	17	21
	18	22
	19	23
	20	24
	24	28
	25	29
	26	30
	28	31
	29	40
	30	42
	33	32
	34	33
	35	34
	37	35
	39	36
	40	37
	42	42
	46	46
	53	54
	54	55
	58	58
	59	59
	60	60
	61	61
net/minecraft/client/resources/metadata/texture/TextureMetadataSectionSerializer	18	18
	18	18
	10	12
	11	13
	13	14
net/minecraft/client/resources/server/package-info	0	0
com/mojang/blaze3d/shaders/Program	106	105
	64	61
	65	62
	67	63
	68	64
	69	65
	71	67
	75	73
	24	24
	88	87
	25	25
	89	88
	26	26
	90	89
	27	27
	91	90
	30	30
	94	93
	31	31
	32	32
	98	97
	35	35
	37	41
	102	101
	39	36
	40	37
	41	38
	42	39
	106	105
	43	41
	46	44
	50	48
	51	49
	53	50
	54	51
	55	52
	59	56
	60	57
	61	58
	63	60
com/mojang/realmsclient/util/RealmsPersistence	56	57
	32	34
	33	35
	35	36
	36	37
	38	39
	39	40
	40	41
	43	44
	47	48
	50	51
	51	52
	21	23
	53	54
	56	57
	25	27
	26	28
	29	31
net/minecraft/client/model/WitchModel	84	74
	65	57
	67	58
	68	59
	69	60
	70	61
	72	62
	73	63
	74	64
	76	66
	79	69
	18	20
	19	21
	83	73
	84	74
	22	24
	23	25
	25	26
	26	27
	27	27
	30	29
	31	30
	32	30
	33	30
	35	32
	36	34
	37	34
	38	35
	40	37
	41	39
	42	39
	43	40
	45	42
	46	44
	47	44
	48	45
	51	47
	52	48
	53	49
	54	49
	55	49
	58	51
	63	56
net/minecraft/client/sounds/ChannelAccess	95	93
	64	34
	65	35
	67	37
	69	39
	70	40
	74	44
	75	45
	78	48
	79	49
	80	51
	81	52
	82	53
	83	54
	84	55
	85	56
	23	74
	88	59
	89	60
	27	78
	28	79
	93	63
	94	64
	95	65
	31	82
	33	83
	34	84
	36	86
	38	87
	41	90
	42	91
	43	92
	44	93
	54	24
	55	25
	56	26
	59	29
	60	30
	61	31
	62	32
	63	33
net/minecraft/client/telemetry/TelemetryLogManager	66	65
	64	63
	66	65
	27	28
	28	29
	31	32
	33	34
	34	35
	35	35
	36	35
	37	36
	38	37
	39	38
	40	39
	42	41
	46	45
	47	46
	49	48
	50	49
	51	50
	52	51
	53	52
	54	53
	56	55
	58	58
	63	62
net/minecraft/client/model/WolfModel	164	145
	128	116
	129	117
	130	118
	132	120
	133	121
	135	122
	136	123
	138	124
	140	125
	141	126
	142	127
	143	128
	145	129
	146	130
	147	131
	148	132
	151	135
	153	136
	154	137
	155	138
	156	139
	160	142
	33	33
	161	143
	34	34
	35	35
	163	144
	36	36
	164	145
	37	37
	38	38
	39	39
	40	40
	41	41
	42	42
	43	43
	46	46
	47	47
	49	48
	51	49
	52	49
	53	49
	55	50
	56	52
	57	53
	58	55
	59	57
	60	59
	63	63
	64	65
	65	65
	66	66
	68	68
	69	70
	70	70
	71	71
	74	73
	75	73
	76	74
	77	75
	78	76
	79	77
	81	78
	82	79
	83	79
	85	81
	86	82
	87	82
	91	84
	96	89
	101	94
	106	98
	107	99
	109	101
	112	104
	113	105
	114	106
	115	107
	117	108
	118	109
	120	110
	122	111
	123	112
	124	113
	125	114
	127	115
net/minecraft/client/gui/screens/recipebook/GhostRecipe	102	97
	66	66
	68	67
	70	68
	72	69
	73	70
	76	73
	84	82
	85	83
	86	84
	23	25
	87	85
	24	26
	25	27
	26	28
	90	88
	29	31
	30	32
	94	92
	33	35
	98	96
	99	97
	100	97
	37	39
	102	97
	42	44
	46	48
	47	49
	50	52
	51	53
	54	56
	55	57
	57	58
	58	59
	60	60
	61	61
	63	63
net/minecraft/client/gui/layouts/FrameLayout	131	118
	64	57
	65	58
	130	117
	67	60
	131	118
	68	61
	69	62
	72	65
	73	66
	74	67
	77	70
	78	71
	79	72
	82	75
	86	79
	87	80
	26	20
	27	21
	91	84
	30	24
	31	25
	96	89
	97	90
	34	28
	35	29
	36	30
	100	93
	101	94
	39	33
	104	97
	105	98
	43	37
	44	38
	108	101
	109	102
	48	42
	49	43
	53	47
	119	105
	120	106
	57	51
	121	107
	124	110
	125	111
	62	56
	126	112
net/minecraft/client/model/HierarchicalModel	61	62
	32	32
	33	33
	38	38
	39	39
	41	40
	45	44
	46	45
	49	48
	50	49
	51	50
	52	51
	23	23
	55	54
	24	24
	56	56
	57	58
	27	27
	28	28
	60	61
	61	62
com/mojang/blaze3d/DontObfuscate	0	0
net/minecraft/client/renderer/DimensionSpecialEffects	149	143
	65	60
	132	91
	69	65
	133	92
	73	69
	137	96
	143	101
	16	19
	17	20
	81	77
	19	21
	20	22
	21	23
	85	81
	149	107
	22	24
	89	85
	94	114
	95	115
	99	119
	38	34
	39	35
	40	36
	104	124
	41	37
	42	38
	43	39
	46	42
	113	133
	114	134
	51	47
	52	48
	53	49
	54	50
	118	138
	55	51
	56	52
	57	53
	58	54
	59	55
	60	56
	61	57
	62	58
	126	143
com/mojang/realmsclient/dto/RealmsText	60	59
	32	33
	33	34
	35	36
	36	36
	38	36
	43	41
	44	42
	46	44
	47	52
	49	45
	50	46
	51	48
	52	49
	22	23
	23	24
	55	55
	24	25
	27	28
	60	59
net/minecraft/client/particle/BubblePopParticle	51	51
	32	32
	34	33
	35	35
	39	39
	10	13
	11	14
	12	15
	13	16
	14	17
	46	47
	15	18
	47	48
	16	19
	17	20
	18	21
	51	51
	22	25
	23	26
	24	27
	26	28
	27	29
	28	35
	31	31
net/minecraft/client/gui/screens/telemetry/TelemetryEventWidget	174	172
	129	122
	130	123
	132	125
	135	128
	146	142
	148	143
	149	144
	151	145
	152	146
	155	149
	156	150
	159	153
	160	154
	161	155
	164	161
	165	163
	166	164
	39	39
	41	40
	169	167
	42	41
	170	168
	43	42
	173	171
	46	45
	174	172
	47	46
	48	47
	51	50
	52	51
	53	52
	56	55
	57	56
	58	57
	59	59
	60	60
	61	61
	63	62
	65	63
	66	64
	69	68
	73	72
	74	73
	78	77
	79	78
	80	79
	82	81
	86	85
	91	90
	96	95
	97	96
	99	97
	100	98
	101	99
	102	100
	103	101
	107	105
	108	106
	111	109
	112	109
	114	109
	118	113
	119	114
	120	115
	121	116
	123	117
	125	118
	126	119
net/minecraft/client/profiling/ClientMetricsSamplersProvider	51	53
	33	34
	34	35
	35	36
	37	37
	38	38
	39	40
	40	44
	42	46
	44	47
	46	49
	50	52
	51	53
	25	27
	26	28
	27	29
	28	30
	31	33
net/minecraft/client/renderer/texture/atlas/sources/SourceFilter	29	32
	19	22
	20	23
	24	27
	25	28
	12	16
	13	16
	29	32
	14	17
net/minecraft/client/gui/screens/recipebook/SmokingRecipeBookComponent	19	21
	19	21
	14	16
com/mojang/blaze3d/platform/DisplayData	18	21
	16	19
	17	20
	18	21
	13	16
	14	17
	15	18
com/mojang/realmsclient/exception/RetryCallException	18	19
	16	15
	18	19
	11	13
	13	14
	14	17
net/minecraft/client/renderer/entity/layers/IronGolemFlowerLayer	43	39
	32	29
	33	30
	35	31
	36	32
	37	33
	38	34
	39	35
	41	36
	42	37
	43	39
	18	21
	19	22
	20	23
	24	26
	25	39
	28	27
	29	28
net/minecraft/client/gui/screens/worldselection/WorldOpenFlows	434	462
	75	84
	76	85
	77	86
	83	91
	84	92
	85	93
	86	117
	89	94
	91	95
	93	98
	94	99
	96	102
	97	104
	98	105
	99	105
	104	110
	105	111
	106	112
	107	113
	108	114
	110	117
	115	122
	116	123
	117	124
	118	125
	119	126
	120	127
	121	128
	122	129
	123	130
	124	131
	130	141
	131	142
	132	145
	133	147
	136	150
	137	151
	139	154
	140	156
	141	158
	142	158
	143	158
	152	165
	154	166
	155	167
	156	173
	158	176
	159	178
	160	180
	162	182
	163	183
	164	184
	166	186
	170	190
	171	191
	173	194
	180	202
	181	203
	182	204
	183	205
	189	211
	190	212
	191	213
	193	215
	194	216
	197	219
	200	220
	201	221
	203	224
	204	225
	209	226
	212	229
	213	230
	214	231
	216	233
	218	235
	219	236
	220	237
	221	238
	222	239
	224	241
	225	241
	229	245
	231	247
	232	247
	235	251
	238	254
	239	255
	240	256
	241	259
	243	257
	244	259
	247	262
	251	267
	252	268
	253	269
	254	270
	255	271
	256	272
	258	274
	259	275
	261	277
	262	278
	263	279
	264	280
	265	281
	267	282
	268	283
	270	284
	271	285
	272	286
	273	287
	274	288
	276	289
	278	292
	279	293
	282	296
	283	297
	284	298
	285	331
	287	307
	288	308
	289	309
	290	310
	291	311
	292	312
	293	313
	295	316
	297	317
	299	318
	300	319
	301	320
	303	321
	304	322
	306	325
	307	326
	313	328
	315	331
	318	334
	319	335
	323	339
	324	341
	325	342
	327	344
	328	345
	329	346
	330	347
	331	348
	332	349
	333	350
	335	352
	336	353
	338	365
	341	368
	342	369
	345	372
	347	373
	348	374
	350	375
	351	378
	352	379
	353	380
	354	381
	355	382
	356	384
	359	376
	360	384
	363	387
	364	388
	365	388
	366	388
	367	389
	368	390
	370	391
	371	392
	372	393
	374	395
	375	396
	376	397
	377	398
	379	400
	380	400
	381	401
	382	402
	384	404
	387	409
	388	411
	390	414
	391	415
	393	417
	394	418
	395	419
	396	420
	398	422
	399	423
	400	424
	405	430
	407	432
	410	435
	411	436
	414	439
	415	440
	416	441
	417	442
	418	443
	419	444
	421	446
	426	451
	427	453
	428	456
	429	456
	430	457
	434	462
net/minecraft/client/gui/components/AbstractButton	61	59
	33	33
	34	34
	35	35
	37	36
	38	37
	39	38
	40	39
	43	42
	44	43
	48	47
	49	48
	53	52
	22	24
	54	53
	23	25
	56	54
	57	55
	58	56
	59	57
	29	31
	61	59
	31	32
net/minecraft/client/renderer/texture/HttpTexture	224	213
	43	41
	44	42
	45	43
	46	44
	47	45
	48	46
	51	49
	52	50
	54	53
	55	54
	57	55
	58	56
	59	56
	60	56
	62	58
	64	60
	65	61
	68	64
	69	65
	70	66
	75	70
	76	71
	78	73
	79	74
	80	75
	82	78
	84	80
	86	81
	87	131
	91	83
	92	84
	93	85
	94	86
	96	88
	98	91
	99	92
	100	131
	103	94
	104	95
	105	96
	107	99
	108	100
	109	101
	110	102
	112	103
	113	128
	117	105
	118	106
	119	107
	121	109
	124	112
	125	113
	126	114
	127	115
	129	117
	131	121
	133	124
	134	125
	137	118
	138	131
	142	135
	144	138
	145	139
	146	140
	148	142
	149	143
	151	146
	156	151
	157	152
	158	153
	159	184
	160	185
	161	186
	164	154
	165	155
	166	156
	167	157
	168	158
	169	159
	171	160
	174	161
	175	162
	176	163
	177	164
	178	165
	179	166
	182	167
	183	168
	184	169
	185	170
	186	171
	187	172
	190	175
	192	176
	193	177
	195	180
	196	181
	198	182
	202	191
	203	192
	204	193
	205	194
	206	195
	211	200
	212	201
	213	202
	216	205
	219	208
	220	209
	221	210
	224	213
net/minecraft/client/renderer/texture/DynamicTexture	80	82
	66	68
	67	69
	68	70
	69	71
	71	73
	75	77
	76	78
	77	79
	78	80
	80	82
	21	23
	22	24
	23	25
	24	26
	25	27
	26	28
	28	30
	29	31
	31	33
	34	36
	35	37
	36	38
	41	42
	44	45
	45	46
	46	47
	48	49
	50	51
	54	55
	58	59
	59	60
	61	63
	62	64
net/minecraft/client/gui/screens/options/controls/package-info	0	0
net/minecraft/client/gui/screens/achievement/package-info	0	0
net/minecraft/client/resources/sounds/SoundEventRegistrationSerializer	82	73
	64	58
	65	59
	67	60
	69	61
	71	62
	73	63
	77	67
	78	68
	79	69
	80	70
	82	73
	24	25
	26	26
	27	27
	28	28
	30	29
	34	33
	36	34
	37	35
	38	37
	39	38
	41	39
	42	40
	43	41
	45	43
	50	48
	54	52
	56	53
	58	54
	59	55
	61	56
	62	57
com/mojang/blaze3d/vertex/VertexConsumer	135	125
	129	119
	130	120
	134	124
	135	125
	28	29
	29	30
	30	31
	31	32
	32	33
	33	34
	34	35
	37	38
	41	42
	45	46
	49	50
	53	54
	57	58
	58	59
	64	62
	65	63
	67	64
	68	65
	70	66
	71	67
	73	68
	75	70
	76	71
	77	72
	79	74
	80	75
	81	76
	83	77
	84	78
	85	79
	90	83
	91	84
	92	85
	93	86
	95	87
	96	88
	97	89
	99	91
	100	92
	101	93
	104	96
	106	97
	107	98
	108	99
	110	100
	111	101
	114	104
	117	107
	121	111
	125	115
net/minecraft/client/renderer/entity/layers/EyesLayer	22	24
	16	18
	20	22
	21	23
	22	24
	15	17
net/minecraft/client/Options	1776	1598
	1027	1021
	1046	1025
	1064	1029
	1079	1033
	1094	1037
	1109	1041
	1116	648
	1117	649
	1118	650
	1120	651
	1121	652
	1123	654
	1124	654
	1126	654
	103	717
	1134	1045
	114	721
	1142	662
	1144	664
	1145	665
	1146	665
	1148	665
	125	725
	1151	668
	1155	1049
	132	108
	133	109
	135	111
	136	111
	138	111
	1168	1053
	146	729
	1175	681
	1176	682
	152	733
	1178	683
	158	737
	1183	686
	1187	1057
	167	121
	1195	693
	1196	694
	1198	696
	174	741
	1199	696
	1201	696
	1204	700
	1206	701
	183	130
	1207	703
	184	131
	1209	702
	186	132
	189	133
	1215	708
	192	136
	1216	709
	1217	710
	1218	711
	196	745
	1222	1061
	1228	1065
	1229	1066
	1230	1067
	207	143
	1235	1070
	212	147
	1236	1071
	213	148
	214	149
	1238	1072
	215	150
	1240	1073
	218	153
	1242	1075
	1243	1076
	222	749
	1246	1077
	1249	1078
	1250	1079
	1253	1081
	231	163
	1255	1083
	232	164
	1256	1084
	233	165
	234	166
	1259	1085
	237	170
	238	171
	1262	1086
	239	171
	241	171
	1268	1089
	246	175
	1270	1090
	247	176
	1271	1091
	249	178
	250	179
	1274	1094
	252	180
	253	181
	1278	1098
	256	186
	1282	1102
	259	183
	260	184
	261	186
	1286	1106
	1287	1107
	1288	1108
	271	753
	1296	1111
	1297	1112
	1298	1113
	1299	1114
	1300	1115
	277	193
	1301	1116
	1302	1117
	1303	1118
	1304	1119
	281	757
	1305	1120
	1306	1121
	1307	1122
	1308	1123
	1309	1124
	1310	1125
	1311	1126
	1312	1127
	1313	1128
	290	201
	1314	1129
	291	202
	1315	1130
	292	203
	1316	1131
	293	204
	1317	1132
	1318	1133
	1320	1134
	1321	1135
	1322	1136
	1323	1137
	1324	1138
	302	761
	1327	1141
	1329	1142
	1330	1143
	1331	1144
	1332	1145
	309	765
	1333	1146
	310	766
	1334	1147
	311	767
	1335	1148
	312	769
	1336	1149
	313	770
	1337	1150
	314	771
	1338	1151
	315	772
	1339	1152
	316	773
	1340	1153
	1341	1154
	1342	1155
	1343	1156
	320	778
	1344	1157
	321	779
	1345	1158
	322	780
	1346	1159
	323	781
	1347	1160
	1348	1161
	325	783
	1349	1162
	1350	1163
	1352	1164
	1353	1165
	1354	1166
	1355	1167
	1356	1168
	1357	1169
	1358	1170
	1359	1171
	1360	1172
	337	786
	1362	1173
	1363	1174
	1364	1175
	1365	1176
	1366	1177
	343	225
	1367	1178
	1368	1179
	1369	1180
	346	228
	1370	1181
	1371	1182
	1372	1183
	1373	1184
	350	790
	1374	1185
	1375	1186
	1376	1187
	1377	1188
	1378	1189
	1379	1190
	1380	1191
	1381	1192
	1382	1193
	1383	1194
	1384	1195
	1385	1196
	1386	1197
	363	794
	1387	1198
	1388	1199
	1389	1200
	1390	1201
	1391	1202
	1393	1204
	1394	1205
	1395	1206
	1396	1207
	1397	1208
	1401	1212
	1402	1213
	1405	1216
	1406	1217
	1407	1218
	384	798
	1408	1219
	1409	1220
	388	802
	1412	1223
	1416	1227
	1417	1228
	1420	1231
	397	249
	1421	1243
	1422	1235
	1424	1237
	401	806
	1425	1238
	1426	1239
	1427	1240
	1429	1242
	1430	1255
	1432	1259
	1434	1260
	1436	1261
	1437	1262
	414	810
	1439	1264
	1443	1268
	1446	1272
	423	257
	424	258
	425	259
	426	260
	427	261
	1451	1277
	1452	1278
	429	263
	430	263
	1454	1279
	431	264
	1456	1280
	1457	1281
	434	266
	1458	1283
	1459	1284
	1461	1286
	438	814
	1465	1290
	1466	1291
	1468	1293
	1469	1294
	1470	1295
	1473	1299
	452	818
	1478	1304
	1479	1305
	1484	1310
	1489	1315
	1490	1316
	467	289
	1492	1318
	1493	1319
	471	822
	1495	1320
	1496	1321
	1499	1324
	1501	1326
	1504	1317
	481	296
	482	296
	484	296
	1509	1334
	1510	1335
	488	299
	1514	1339
	1515	1340
	492	826
	1518	1343
	1519	1344
	498	304
	1522	1347
	1523	1348
	1524	1349
	501	307
	1526	1351
	505	830
	1529	1354
	1533	1358
	511	312
	1537	1362
	514	315
	1539	1365
	1540	1366
	518	834
	1543	1369
	1547	1374
	524	320
	1548	1377
	1550	1378
	527	323
	1552	1381
	1553	1382
	1554	1383
	531	838
	1558	1387
	1559	1389
	1560	1390
	1561	1391
	538	328
	1562	1392
	539	329
	1563	1393
	1564	1394
	541	330
	543	331
	1568	1398
	1569	1399
	546	334
	1570	1400
	550	842
	1575	1405
	1576	1406
	1577	1407
	556	340
	557	341
	1582	1412
	1583	1413
	1584	1414
	564	846
	1589	1419
	1590	1420
	1591	1421
	571	349
	572	349
	1596	1426
	1597	1427
	574	349
	1598	1428
	1602	1432
	1603	1433
	1605	1446
	582	850
	1606	1447
	1609	1450
	1610	1451
	1613	1454
	1614	1456
	1615	1457
	1618	1461
	596	854
	1622	1473
	1623	1474
	1625	1476
	1628	1479
	1629	1480
	606	368
	607	369
	1631	1482
	1633	1484
	611	370
	1636	1487
	615	858
	1640	1491
	1641	1492
	1642	1493
	619	862
	1645	1496
	1646	1496
	623	866
	1648	1496
	629	375
	1653	1500
	1657	1504
	1658	1505
	1659	1508
	1660	1509
	637	870
	1662	1510
	1664	1511
	1667	1514
	644	382
	1668	1515
	645	383
	1669	1516
	646	384
	1670	1517
	1671	1518
	648	386
	1672	1519
	1673	1520
	1674	1521
	1675	1522
	652	874
	1677	1524
	1680	1528
	1681	1529
	659	878
	1684	1532
	664	882
	1688	1536
	1689	1537
	1692	1540
	669	886
	1693	1541
	1697	1545
	674	890
	1701	1549
	679	894
	1703	1550
	1706	1553
	1707	1554
	684	898
	1711	1556
	688	395
	1712	1557
	689	396
	1713	1558
	1714	1559
	691	398
	1715	1560
	1716	1561
	693	902
	1717	1562
	1719	1563
	1720	1564
	1721	1565
	698	906
	1722	1566
	702	910
	1726	1570
	703	911
	1727	1571
	704	912
	1730	1574
	707	913
	709	915
	711	400
	713	918
	718	922
	724	405
	1750	1578
	727	926
	1754	1582
	732	930
	1758	1586
	737	934
	1762	1590
	1766	1594
	1767	1594
	1769	1594
	748	938
	1773	1598
	1774	1598
	1776	1598
	756	415
	760	942
	765	946
	769	420
	770	421
	772	423
	775	950
	779	954
	783	958
	785	960
	788	963
	789	964
	796	969
	803	430
	806	433
	807	434
	808	435
	809	436
	813	973
	819	441
	826	977
	831	981
	835	450
	836	451
	837	452
	838	453
	840	455
	842	985
	847	989
	856	462
	862	993
	868	470
	874	997
	888	1001
	893	1005
	905	1009
	974	561
	975	562
	976	563
	977	564
	980	568
	982	570
	986	1013
	998	580
	999	581
	1000	582
	1002	584
	1003	585
	1005	586
	1012	1017
net/minecraft/client/multiplayer/package-info	0	0
net/minecraft/client/gui/font/providers/ProviderReferenceDefinition	20	23
	20	23
	9	13
	10	13
	11	13
	15	18
net/minecraft/client/renderer/entity/layers/IronGolemCrackinessLayer	37	38
	32	33
	33	38
	35	34
	36	35
	37	38
	23	27
	24	28
	28	31
	29	38
	31	32
net/minecraft/client/model/WindChargeModel	53	57
	33	32
	35	33
	36	36
	37	38
	39	42
	40	44
	42	47
	47	51
	48	52
	49	53
	53	57
	23	23
	24	24
	25	25
	26	26
	27	27
	30	30
	31	31
com/mojang/realmsclient/util/task/CloseServerTask	57	60
	33	34
	34	35
	35	36
	36	37
	37	38
	40	41
	41	42
	42	43
	44	46
	45	47
	46	48
	47	49
	49	52
	50	53
	20	21
	21	22
	53	56
	22	23
	57	60
	26	26
	27	28
	28	29
	29	30
com/mojang/realmsclient/gui/screens/UploadResult	30	34
	20	24
	21	25
	25	29
	26	30
	11	14
	12	15
	13	16
	30	34
net/minecraft/client/model/HumanoidModel	498	458
	52	454
	53	455
	56	458
	74	48
	75	49
	78	52
	79	53
	80	54
	81	55
	82	56
	83	57
	84	58
	85	59
	86	60
	89	63
	90	64
	91	65
	92	66
	93	66
	94	66
	96	68
	97	70
	98	70
	99	71
	101	73
	102	74
	103	74
	104	74
	106	76
	107	78
	108	78
	109	79
	111	81
	112	83
	113	83
	114	84
	116	86
	117	87
	118	87
	119	87
	121	89
	122	91
	123	91
	124	92
	126	94
	131	99
	136	104
	141	108
	142	109
	143	110
	147	113
	148	114
	150	115
	151	116
	152	117
	153	118
	154	119
	155	120
	157	122
	160	125
	163	128
	164	129
	165	130
	166	131
	167	132
	169	133
	170	134
	171	135
	172	136
	173	137
	175	140
	176	141
	179	144
	180	145
	182	146
	183	147
	185	148
	186	149
	187	150
	188	151
	189	152
	190	153
	192	154
	193	155
	194	156
	196	157
	197	158
	198	159
	200	160
	201	161
	202	162
	205	165
	206	166
	209	167
	210	168
	211	169
	212	170
	213	171
	215	173
	219	176
	220	177
	221	178
	222	179
	224	181
	225	182
	229	186
	231	187
	232	188
	233	189
	234	190
	235	191
	236	192
	237	193
	238	194
	239	195
	240	196
	241	197
	242	198
	244	200
	245	201
	246	202
	247	203
	248	204
	249	205
	250	206
	251	207
	252	208
	255	211
	256	212
	258	215
	259	216
	262	219
	263	220
	266	221
	267	222
	268	223
	270	224
	271	225
	272	226
	273	227
	275	228
	276	229
	278	230
	279	231
	280	232
	281	233
	283	234
	284	235
	286	236
	287	237
	289	238
	290	239
	291	240
	292	241
	294	242
	295	243
	297	244
	298	245
	300	246
	301	247
	305	251
	306	252
	307	253
	308	254
	311	257
	312	258
	315	261
	317	263
	318	264
	320	270
	321	271
	323	266
	324	267
	325	268
	327	279
	328	280
	329	281
	331	273
	332	274
	333	275
	334	276
	335	277
	337	283
	338	284
	340	286
	341	287
	343	297
	344	298
	347	289
	348	290
	349	291
	351	293
	352	294
	355	300
	358	303
	360	305
	361	306
	363	312
	364	313
	366	308
	367	309
	368	310
	370	321
	371	322
	372	323
	374	315
	375	316
	376	317
	377	318
	378	319
	380	325
	381	326
	383	328
	384	329
	386	339
	387	340
	390	331
	391	332
	392	333
	394	335
	395	336
	398	342
	401	345
	402	346
	403	347
	406	350
	407	376
	410	351
	411	352
	413	353
	414	354
	415	355
	416	356
	418	359
	419	360
	420	361
	421	362
	422	363
	423	364
	424	365
	426	366
	427	367
	428	368
	429	369
	430	370
	431	371
	432	372
	433	373
	434	374
	435	376
	438	379
	439	380
	440	381
	442	384
	443	385
	445	388
	449	392
	453	396
	455	397
	456	398
	457	399
	459	400
	460	401
	461	402
	462	403
	463	404
	464	405
	465	406
	466	407
	469	410
	470	411
	471	412
	472	413
	473	414
	474	415
	475	416
	476	417
	480	421
	481	422
	484	425
	485	425
	487	425
	493	430
	497	434
	498	435
net/minecraft/client/CloudStatus	38	35
	33	31
	21	21
	22	22
	38	35
	23	23
	24	24
	28	27
net/minecraft/client/model/GuardianModel	170	163
	128	121
	129	122
	130	123
	132	125
	135	128
	136	129
	137	130
	138	131
	139	132
	141	135
	143	136
	144	137
	145	138
	146	139
	147	140
	150	143
	151	144
	152	145
	153	146
	155	148
	158	151
	162	155
	36	36
	37	37
	166	159
	39	38
	41	40
	42	41
	170	163
	45	44
	46	45
	47	46
	48	47
	49	48
	50	49
	53	52
	57	56
	58	57
	60	58
	61	60
	62	61
	63	63
	64	65
	65	67
	66	69
	70	73
	71	73
	72	75
	73	76
	74	77
	75	78
	76	79
	77	80
	78	81
	79	82
	82	85
	83	86
	84	86
	85	86
	87	88
	88	89
	89	89
	91	91
	92	92
	93	92
	94	92
	96	94
	97	96
	98	96
	99	96
	100	97
	103	99
	108	104
	113	108
	115	109
	116	110
	118	111
	119	112
	121	113
	122	114
	123	115
	125	118
	126	119
	127	120
net/minecraft/client/renderer/texture/atlas/sources/Unstitcher	123	123
	29	31
	30	32
	31	33
	32	34
	33	35
	34	37
	42	45
	43	46
	44	47
	45	48
	46	49
	50	53
	51	54
	52	55
	53	56
	54	58
	55	59
	58	62
	60	64
	64	68
	68	74
	69	75
	70	76
	71	77
	72	78
	73	79
	74	81
	84	93
	85	94
	86	95
	87	96
	88	97
	93	101
	95	102
	96	103
	98	104
	99	105
	101	106
	102	107
	104	108
	105	109
	111	110
	112	111
	113	112
	115	114
	116	117
	117	117
	122	122
	123	123
net/minecraft/client/gui/components/MultiLineTextWidget	79	78
	66	65
	67	66
	68	67
	69	68
	70	69
	71	70
	72	71
	74	73
	76	75
	79	78
	18	20
	19	21
	22	24
	23	25
	24	26
	25	27
	27	28
	30	30
	31	31
	35	34
	36	35
	40	39
	41	40
	45	44
	46	45
	50	49
	51	50
	56	55
	61	60
net/minecraft/client/renderer/entity/EnderDragonRenderer	539	467
	512	427
	513	428
	514	429
	515	430
	516	431
	517	432
	518	433
	519	434
	520	435
	521	436
	522	437
	524	440
	525	441
	528	458
	529	459
	530	460
	532	461
	533	462
	534	463
	536	464
	537	465
	538	466
	539	467
	45	42
	46	43
	48	44
	49	45
	53	48
	55	49
	56	50
	57	51
	58	52
	59	53
	63	54
	66	55
	68	56
	70	57
	72	58
	74	59
	75	60
	76	61
	77	62
	79	63
	80	64
	82	66
	83	67
	86	70
	87	71
	89	72
	90	73
	91	74
	92	75
	93	76
	94	77
	95	78
	98	81
	100	82
	101	83
	103	84
	104	85
	105	86
	107	87
	108	88
	111	91
	112	92
	115	95
	116	96
	117	97
	118	98
	119	99
	120	100
	121	101
	122	102
	123	103
	124	104
	126	105
	128	107
	129	108
	130	108
	131	109
	132	109
	133	109
	135	111
	136	112
	137	113
	138	114
	140	116
	142	117
	143	118
	145	119
	146	120
	147	121
	149	122
	150	123
	151	124
	152	125
	154	126
	155	127
	156	128
	158	129
	159	130
	160	131
	162	134
	163	135
	166	138
	167	139
	169	140
	170	141
	171	142
	172	143
	174	144
	176	145
	177	146
	179	147
	180	148
	181	149
	182	150
	184	151
	186	153
	187	154
	188	155
	189	156
	190	157
	191	157
	192	158
	193	159
	194	160
	195	161
	196	162
	198	163
	199	163
	200	163
	201	163
	202	163
	203	163
	204	163
	206	164
	207	164
	208	164
	209	164
	210	164
	211	164
	212	164
	214	165
	215	165
	216	166
	217	167
	218	168
	219	169
	220	170
	222	171
	223	172
	224	173
	227	176
	228	177
	232	180
	236	184
	237	185
	239	186
	240	187
	241	189
	242	190
	243	191
	244	192
	245	193
	246	194
	247	195
	248	196
	249	197
	252	200
	253	200
	254	200
	255	200
	257	201
	258	203
	259	203
	260	203
	263	206
	264	208
	265	209
	266	210
	267	211
	268	212
	269	213
	272	215
	273	217
	274	217
	275	217
	276	217
	277	218
	279	220
	280	222
	281	222
	282	222
	283	222
	284	223
	287	225
	288	226
	289	226
	290	226
	292	228
	293	229
	294	229
	295	229
	297	231
	298	232
	299	232
	300	232
	303	234
	304	235
	305	235
	306	235
	308	237
	309	238
	310	238
	311	238
	313	240
	314	241
	315	241
	316	241
	319	243
	320	245
	321	245
	322	245
	323	246
	325	248
	326	250
	327	250
	328	250
	329	251
	332	253
	333	254
	334	254
	335	254
	337	256
	338	257
	339	257
	340	257
	342	259
	343	260
	344	260
	345	260
	348	262
	349	263
	350	263
	351	263
	353	265
	354	266
	355	266
	356	266
	358	268
	359	269
	360	269
	361	269
	364	271
	401	301
	402	302
	403	303
	404	304
	405	305
	406	306
	407	307
	408	308
	409	309
	410	310
	411	311
	412	312
	413	313
	414	314
	415	315
	416	316
	417	317
	418	318
	419	319
	420	320
	421	321
	425	324
	426	325
	427	326
	431	329
	435	333
	436	334
	437	335
	439	336
	440	337
	442	338
	443	339
	445	340
	446	341
	447	342
	449	343
	451	344
	453	345
	454	346
	456	347
	457	349
	458	350
	459	351
	460	352
	461	353
	462	354
	464	355
	465	356
	466	357
	467	358
	468	359
	469	360
	470	361
	473	364
	474	365
	475	366
	476	367
	477	368
	478	369
	479	370
	480	371
	481	372
	482	373
	483	374
	484	375
	485	376
	486	377
	488	378
	489	379
	490	380
	491	381
	492	382
	494	383
	495	384
	496	385
	497	386
	499	387
	500	402
	502	417
	504	418
	505	419
	506	420
	507	421
	508	422
	509	423
	510	425
	511	426
net/minecraft/client/particle/SoulParticle	66	63
	64	46
	65	47
	66	48
	35	32
	36	33
	37	34
	11	14
	43	57
	44	58
	13	15
	14	16
	16	17
	48	61
	17	18
	49	62
	50	63
	21	22
	22	22
	25	22
	58	41
	59	42
	30	27
	63	45
net/minecraft/client/model/PolarBearModel	79	74
	64	60
	65	61
	67	62
	68	63
	69	64
	71	65
	72	66
	73	67
	75	69
	76	70
	78	73
	15	16
	79	74
	16	17
	19	20
	20	21
	22	22
	23	24
	24	25
	25	27
	26	29
	27	31
	28	34
	30	36
	31	38
	32	38
	33	38
	34	39
	37	41
	38	42
	39	42
	40	43
	41	44
	43	45
	44	45
	45	46
	46	47
	48	48
	53	52
	55	53
	56	54
	57	55
	58	56
	60	57
	61	58
	63	59
com/mojang/realmsclient/gui/task/package-info	0	0
com/mojang/realmsclient/dto/PendingInvite	35	35
	32	31
	33	32
	35	35
	25	23
	27	26
	28	27
	29	28
	30	29
	31	30
net/minecraft/client/telemetry/events/AggregatedTelemetryEvent	48	51
	33	36
	36	39
	40	43
	44	47
	45	48
	48	51
	18	20
	19	21
	20	22
	21	23
	24	26
	25	27
	26	28
	27	29
	29	32
	30	33
	31	34
net/minecraft/client/renderer/entity/MobRenderer	18	19
	18	19
	8	11
	9	12
	13	15
com/mojang/blaze3d/shaders/AbstractUniform	112	84
	64	58
	34	37
	98	73
	37	40
	70	61
	40	43
	10	13
	106	78
	43	46
	13	16
	77	64
	109	81
	46	49
	16	19
	112	84
	49	52
	19	22
	85	67
	22	25
	56	55
	25	28
	91	70
	28	31
	31	34
net/minecraft/client/gui/screens/inventory/EffectRenderingInventoryScreen	124	126
	27	29
	28	30
	32	34
	33	35
	34	36
	37	39
	38	40
	40	41
	44	45
	45	46
	47	47
	49	48
	50	80
	53	49
	54	50
	55	51
	56	52
	59	55
	61	56
	62	57
	64	58
	65	59
	66	60
	67	61
	68	62
	69	64
	70	65
	71	66
	73	69
	76	72
	77	74
	78	76
	81	80
	84	83
	85	85
	86	86
	87	87
	89	89
	91	92
	93	94
	96	97
	97	98
	98	100
	99	101
	100	102
	101	103
	102	104
	104	106
	107	109
	108	111
	109	112
	110	113
	112	114
	113	115
	115	116
	117	118
	120	121
	121	122
	122	123
	124	126
com/mojang/realmsclient/util/WorldGenerationInfo	0	0
net/minecraft/client/renderer/entity/TntMinecartRenderer	48	48
	35	34
	36	35
	41	41
	42	42
	44	44
	47	47
	16	19
	48	48
	17	20
	18	21
	22	24
	24	25
	25	25
	26	26
	27	27
	28	28
	29	29
	30	30
	31	31
net/minecraft/client/gui/components/LogoRenderer	50	46
	32	30
	35	33
	36	34
	39	37
	40	38
	41	39
	42	40
	44	41
	45	42
	46	43
	48	44
	49	45
	50	46
	31	29
net/minecraft/client/renderer/entity/BreezeRenderer	45	45
	33	32
	37	36
	38	37
	39	38
	40	39
	42	41
	43	42
	45	45
	18	20
	19	21
	20	22
	21	23
	25	26
	26	27
	28	28
	29	29
net/minecraft/client/model/geom/builders/UVPair	22	25
	17	21
	22	25
	8	12
	9	13
	10	14
	13	17
net/minecraft/client/gui/screens/options/controls/ControlsScreen	34	33
	16	18
	17	18
	33	32
	18	18
	34	33
	19	18
	24	22
	25	23
	29	28
	30	29
	15	18
	31	30
net/minecraft/client/model/QuadrupedModel	75	71
	68	65
	69	66
	71	67
	72	68
	73	69
	74	70
	75	71
	23	25
	24	26
	25	27
	26	28
	27	29
	28	30
	29	31
	30	32
	33	35
	34	36
	36	37
	37	38
	38	38
	39	38
	41	40
	42	42
	43	42
	44	43
	46	45
	47	45
	48	46
	49	47
	50	48
	51	49
	53	50
	58	55
	63	60
com/mojang/blaze3d/font/GlyphProvider	30	27
	18	18
	29	26
	14	14
	30	27
net/minecraft/client/resources/sounds/BubbleColumnAmbientSoundHandler	40	45
	35	39
	37	41
	39	44
	40	45
	17	19
	18	20
	22	24
	23	26
	24	29
	25	30
	26	30
	27	31
	28	32
	29	33
	31	35
net/minecraft/client/tutorial/Tutorial	153	151
	130	127
	134	131
	135	132
	143	141
	144	142
	145	143
	148	146
	149	147
	150	148
	151	149
	153	151
	29	31
	30	32
	31	33
	34	36
	35	37
	37	39
	40	42
	41	43
	43	45
	46	48
	47	49
	49	51
	52	54
	53	55
	55	57
	58	60
	59	61
	61	63
	64	66
	65	67
	67	69
	70	72
	71	76
	73	73
	74	74
	75	76
	78	79
	79	80
	81	83
	82	84
	85	87
	86	88
	87	89
	90	92
	91	93
	92	94
	95	97
	97	98
	98	99
	99	100
	101	102
	103	104
	104	105
	106	107
	109	110
	110	111
	111	112
	112	113
	113	114
	115	116
	118	119
	122	123
	123	123
	125	123
net/minecraft/client/model/PandaModel	138	127
	130	120
	131	121
	133	122
	134	123
	135	124
	136	125
	138	127
	19	21
	20	22
	23	25
	24	26
	26	27
	27	29
	28	30
	29	32
	30	34
	31	36
	32	38
	34	40
	35	42
	36	42
	37	43
	40	45
	41	46
	42	47
	43	47
	44	48
	45	49
	46	50
	47	51
	49	52
	54	56
	56	57
	57	58
	58	59
	59	60
	63	63
	65	64
	66	65
	67	66
	68	67
	69	68
	71	69
	72	70
	73	71
	75	72
	76	73
	78	75
	81	78
	82	79
	83	80
	84	81
	85	82
	86	83
	90	87
	91	88
	92	89
	95	90
	96	91
	99	92
	100	93
	102	94
	103	95
	105	96
	106	97
	109	100
	110	101
	111	102
	112	103
	115	106
	116	107
	117	108
	118	109
	121	112
	122	113
	123	114
	124	115
	125	116
	127	117
com/mojang/blaze3d/systems/TimerQuery	95	93
	65	61
	67	62
	68	63
	71	64
	72	65
	73	66
	74	67
	12	16
	76	69
	80	74
	18	20
	82	75
	83	76
	20	21
	84	77
	21	22
	87	80
	24	24
	25	25
	26	27
	91	89
	29	30
	94	93
	31	31
	95	93
	32	32
	35	34
	36	35
	37	36
	38	37
	49	49
	50	50
	53	53
	55	54
	56	58
	59	55
	61	56
	62	58
net/minecraft/client/gui/screens/ChatScreen	265	242
	257	233
	258	234
	260	236
	262	239
	265	242
	38	33
	39	34
	40	35
	44	39
	45	40
	48	43
	51	46
	52	47
	53	48
	54	49
	55	50
	56	51
	58	52
	59	53
	60	54
	61	55
	65	59
	66	60
	70	64
	71	65
	72	66
	74	67
	75	68
	79	72
	80	73
	83	76
	84	77
	85	78
	86	79
	91	83
	92	84
	95	85
	96	86
	99	87
	100	88
	101	89
	102	90
	103	91
	104	92
	105	93
	106	94
	107	95
	108	96
	109	97
	110	98
	111	99
	112	100
	113	101
	114	102
	115	103
	116	104
	117	105
	119	107
	124	113
	125	114
	126	115
	128	117
	129	118
	131	121
	132	122
	137	128
	138	129
	141	131
	142	132
	143	133
	144	134
	147	137
	148	138
	149	139
	150	140
	154	144
	155	144
	157	144
	162	150
	163	151
	165	153
	167	155
	170	158
	171	159
	173	160
	174	161
	175	175
	178	162
	179	163
	180	164
	181	175
	184	166
	185	167
	188	170
	189	171
	190	172
	191	175
	195	179
	197	180
	198	181
	200	182
	202	183
	203	184
	204	185
	205	186
	207	187
	208	188
	209	189
	211	191
	212	192
	213	193
	216	196
	221	200
	225	204
	229	208
	230	209
	234	213
	235	214
	236	215
	237	216
	238	217
	240	219
	244	223
	248	227
	249	228
	250	239
	253	229
	254	230
com/mojang/blaze3d/pipeline/TextureTarget	10	13
	7	10
	8	11
	9	12
	10	13
net/minecraft/client/gui/font/glyphs/SpecialGlyphs	76	72
	32	29
	33	30
	66	62
	36	34
	37	35
	71	67
	72	68
	43	39
	12	13
	44	40
	76	72
	14	15
	15	16
	48	44
	17	17
	18	18
	19	19
	53	49
	56	52
	61	57
	30	26
	31	28
net/minecraft/client/gui/screens/multiplayer/ServerSelectionList	522	534
	512	524
	516	528
	521	533
	522	534
	74	79
	75	80
	76	81
	79	84
	80	85
	81	86
	82	87
	83	88
	87	91
	88	92
	89	93
	93	97
	94	98
	98	102
	100	104
	101	105
	104	108
	105	109
	108	112
	109	113
	111	115
	112	116
	114	119
	119	121
	120	122
	121	123
	122	124
	123	125
	124	126
	125	127
	128	130
	132	134
	136	138
	141	143
	153	152
	154	153
	155	161
	156	162
	157	163
	161	167
	176	182
	177	183
	178	184
	179	185
	183	189
	184	190
	186	191
	187	192
	189	194
	191	196
	195	200
	196	201
	197	202
	199	205
	200	206
	204	210
	209	215
	213	219
	239	245
	240	246
	241	247
	242	248
	243	249
	244	250
	248	254
	249	255
	250	256
	251	257
	253	258
	255	262
	256	266
	258	268
	259	272
	260	273
	262	275
	263	276
	264	277
	265	278
	266	279
	267	280
	268	281
	269	282
	271	284
	274	288
	276	289
	277	291
	278	292
	281	295
	283	296
	284	297
	285	298
	286	299
	288	301
	289	306
	290	302
	291	303
	292	304
	293	305
	297	310
	298	311
	299	312
	302	315
	303	316
	304	317
	305	318
	307	320
	308	321
	312	325
	313	328
	314	329
	315	330
	317	331
	318	332
	319	333
	320	334
	323	337
	324	338
	325	339
	326	340
	328	341
	329	342
	330	343
	332	345
	335	349
	336	350
	337	351
	339	353
	342	357
	343	358
	344	359
	346	361
	350	365
	353	368
	355	369
	357	372
	358	373
	359	374
	361	376
	362	377
	363	378
	364	379
	366	381
	367	382
	368	383
	370	385
	371	386
	372	387
	373	388
	374	389
	375	390
	376	391
	377	392
	379	394
	381	397
	382	398
	385	400
	388	403
	389	404
	392	407
	393	408
	394	409
	395	410
	398	413
	402	417
	403	418
	406	421
	407	422
	408	423
	409	424
	412	428
	417	433
	419	434
	420	435
	422	436
	423	437
	426	440
	429	441
	430	442
	434	446
	438	450
	439	451
	441	452
	442	453
	443	454
	444	455
	448	459
	449	460
	451	461
	452	462
	454	463
	455	464
	456	465
	459	468
	461	469
	462	470
	463	471
	467	474
	468	475
	469	476
	473	480
	474	481
	475	482
	478	485
	480	486
	484	490
	489	495
	490	496
	491	497
	492	498
	494	503
	495	504
	496	505
	497	506
	498	507
	499	508
	500	510
	501	500
	503	513
	504	514
	505	515
	506	516
	507	517
	508	518
	509	519
	510	520
	511	523
net/minecraft/client/model/RaftModel	96	82
	65	57
	68	60
	69	61
	71	62
	73	63
	78	67
	79	68
	80	69
	84	72
	23	26
	24	27
	88	76
	25	28
	26	29
	90	77
	91	78
	29	32
	93	79
	30	33
	94	80
	31	33
	96	82
	35	34
	39	38
	40	40
	41	40
	42	40
	43	41
	46	43
	47	44
	48	45
	49	46
	51	47
	52	49
	53	49
	54	49
	55	49
	56	50
	58	52
	59	54
	60	54
	61	54
	62	54
	63	55
net/minecraft/client/tutorial/PunchTreeTutorialStepInstance	91	88
	64	61
	66	63
	70	67
	71	68
	72	69
	73	70
	75	73
	76	74
	78	76
	79	77
	80	78
	81	79
	83	81
	87	85
	88	86
	89	88
	26	26
	27	27
	91	88
	31	31
	33	32
	34	33
	35	55
	38	35
	39	36
	40	37
	41	38
	42	39
	43	40
	45	43
	46	44
	47	45
	52	50
	53	50
	54	51
	55	52
	58	55
	62	59
	63	60
net/minecraft/client/particle/BubbleColumnUpParticle	48	48
	34	34
	41	42
	10	13
	42	43
	11	14
	12	15
	13	16
	46	46
	15	17
	47	47
	48	48
	17	18
	18	19
	19	20
	21	21
	22	22
	26	26
	27	27
	28	28
	30	30
net/minecraft/client/resources/sounds/GuardianAttackSoundInstance	44	42
	32	32
	33	40
	34	42
	37	33
	38	34
	39	35
	41	36
	42	37
	43	38
	44	42
	16	18
	18	19
	20	20
	21	21
	22	22
	23	23
	27	27
net/minecraft/client/gui/navigation/ScreenPosition	23	27
	16	20
	5	9
	21	25
	6	10
	22	26
	7	11
	23	27
	12	16
	13	17
	14	18
	15	19
net/minecraft/client/gui/screens/inventory/tooltip/TooltipRenderUtil	97	53
	32	24
	64	40
	96	52
	33	25
	65	41
	97	53
	34	26
	35	27
	36	28
	39	29
	40	30
	75	44
	76	45
	51	33
	52	34
	53	35
	85	48
	54	36
	86	49
	55	37
	26	20
	27	21
	28	22
	29	23
net/minecraft/client/renderer/entity/WitherSkullRenderer	70	56
	33	33
	65	52
	34	34
	66	53
	36	35
	37	35
	38	35
	70	56
	42	36
	47	40
	52	44
	54	45
	56	46
	57	47
	59	48
	28	28
	60	49
	29	29
	61	50
	30	30
	63	51
net/minecraft/client/renderer/block/BlockModelShaper	69	72
	32	35
	64	68
	36	39
	69	72
	40	43
	41	44
	44	47
	48	51
	19	22
	20	23
	52	55
	53	57
	54	58
	23	26
	55	59
	58	62
	27	30
	59	63
	28	31
	60	64
	29	32
	61	65
net/minecraft/client/resources/metadata/language/LanguageMetadataSection	0	0
com/mojang/realmsclient/util/task/CreateSnapshotRealmTask	81	85
	65	68
	69	72
	74	77
	75	78
	76	79
	78	82
	79	83
	81	85
	32	32
	33	33
	34	34
	35	35
	36	36
	37	37
	41	40
	43	43
	46	44
	47	45
	48	49
	50	51
	51	52
	53	55
	54	56
	55	57
	57	60
	58	61
	59	62
	60	63
	61	64
	62	65
	63	66
net/minecraft/client/gui/font/TextFieldHelper	264	283
	258	277
	259	278
	260	279
	261	280
	264	283
	29	29
	30	30
	31	31
	32	32
	33	33
	35	34
	36	35
	39	38
	43	42
	47	46
	51	50
	52	51
	55	54
	56	55
	58	58
	62	62
	63	63
	64	64
	65	65
	66	66
	67	67
	68	68
	69	69
	70	70
	71	71
	72	72
	73	73
	76	75
	77	76
	78	77
	79	78
	80	80
	81	81
	82	83
	83	84
	84	85
	85	88
	86	89
	87	90
	88	93
	89	94
	90	95
	91	98
	92	99
	93	100
	95	104
	99	110
	103	114
	104	115
	107	118
	108	119
	109	120
	110	121
	111	122
	113	124
	116	127
	117	128
	120	131
	121	132
	123	134
	126	137
	127	139
	128	142
	130	144
	133	147
	134	148
	137	151
	138	152
	139	153
	142	156
	143	157
	146	160
	147	161
	148	162
	151	165
	152	167
	153	170
	155	172
	158	175
	159	176
	160	177
	163	180
	164	181
	166	183
	167	184
	169	186
	170	187
	171	188
	172	189
	173	190
	174	191
	177	195
	179	197
	182	200
	183	201
	184	202
	185	203
	188	206
	189	207
	190	208
	193	211
	194	212
	197	215
	198	216
	199	217
	202	220
	203	221
	204	222
	208	226
	209	227
	211	229
	212	230
	213	231
	214	232
	215	233
	219	238
	220	239
	223	242
	224	243
	225	244
	228	247
	229	248
	232	251
	233	252
	234	253
	237	256
	241	260
	242	261
	245	264
	246	265
	247	266
	250	269
	254	273
	255	274
net/minecraft/client/gui/screens/inventory/PageButton	41	45
	33	37
	34	38
	20	23
	21	24
	22	25
	38	42
	23	26
	39	43
	41	45
	28	31
	29	32
	31	34
net/minecraft/client/particle/WakeParticle	64	61
	64	61
	10	13
	11	14
	12	15
	13	16
	14	17
	16	18
	18	19
	19	20
	20	21
	21	22
	22	23
	23	24
	24	25
	28	29
	33	34
	34	35
	35	36
	37	37
	38	38
	39	39
	40	50
	43	41
	44	42
	45	43
	46	44
	47	45
	49	46
	50	47
	52	48
	53	50
	59	57
	60	58
net/minecraft/client/resources/model/ModelBakery	286	268
	256	198
	257	199
	258	200
	260	201
	261	202
	262	203
	263	204
	266	206
	267	207
	268	208
	269	209
	271	212
	272	213
	273	214
	274	215
	276	217
	277	218
	282	224
	286	228
	50	51
	53	54
	93	74
	94	77
	111	95
	113	96
	115	99
	116	100
	117	101
	118	102
	119	103
	122	107
	129	109
	130	110
	132	111
	133	113
	134	114
	137	117
	138	118
	139	119
	141	120
	142	121
	143	122
	146	125
	147	126
	149	129
	150	130
	151	131
	154	134
	155	135
	157	137
	158	138
	161	141
	162	142
	164	143
	165	144
	167	146
	169	148
	170	149
	172	152
	173	153
	174	154
	175	155
	177	157
	178	158
	179	159
	181	161
	185	165
	189	170
	190	171
	191	172
	192	173
	193	174
	196	177
	197	178
	198	179
	199	180
	202	183
	203	184
	205	187
	206	188
	209	191
	210	192
	216	240
	217	241
	221	245
	226	250
	227	251
	228	252
	229	253
	233	255
	234	256
	236	257
	237	258
	242	264
	243	264
	244	265
	247	268
	252	195
	254	196
	255	197
net/minecraft/client/renderer/entity/layers/LlamaDecorLayer	61	63
	41	42
	42	43
	43	44
	47	47
	49	49
	50	50
	51	52
	52	56
	54	53
	57	59
	58	60
	59	61
	60	62
	61	63
net/minecraft/client/searchtree/FullTextSearchTree	31	32
	16	18
	17	19
	21	23
	26	28
	27	29
	28	30
	30	31
	15	17
	31	32
net/minecraft/client/multiplayer/chat/report/ReportReason	42	41
	34	33
	38	37
	42	41
	27	26
	28	27
	29	28
	30	29
	31	30
net/minecraft/client/renderer/entity/layers/MushroomCowMushroomLayer	76	76
	64	56
	65	57
	66	58
	67	59
	68	62
	71	67
	72	68
	74	74
	76	76
	21	24
	22	25
	23	26
	27	29
	28	62
	31	30
	32	31
	34	32
	35	62
	38	33
	39	34
	40	35
	42	36
	43	37
	44	38
	45	39
	46	40
	47	41
	48	42
	50	43
	51	44
	52	45
	53	46
	54	47
	55	48
	56	49
	57	50
	58	51
	60	52
	61	53
	62	54
	63	55
net/minecraft/client/renderer/entity/TropicalFishRenderer	62	58
	32	31
	33	32
	34	33
	40	39
	41	40
	42	41
	44	44
	46	45
	47	46
	48	47
	49	48
	53	51
	55	52
	24	25
	56	53
	26	26
	58	54
	27	27
	59	55
	28	28
	60	56
	62	58
com/mojang/realmsclient/gui/screens/RealmsSettingsScreen	82	87
	64	70
	68	74
	69	75
	73	79
	75	80
	76	81
	77	82
	78	83
	81	86
	82	87
	25	25
	26	26
	27	27
	28	28
	32	32
	34	33
	35	35
	36	37
	37	38
	38	41
	40	45
	42	47
	43	51
	45	52
	46	53
	47	54
	48	55
	50	56
	51	57
	52	58
	53	59
	55	61
	56	63
	58	64
	59	65
	63	69
com/mojang/realmsclient/gui/screens/RealmsInviteScreen	125	118
	44	42
	45	43
	46	44
	47	45
	48	46
	52	50
	54	51
	56	52
	57	53
	58	54
	60	55
	62	57
	63	59
	64	60
	68	64
	69	65
	73	69
	74	70
	77	73
	78	74
	79	100
	82	76
	83	77
	84	78
	85	79
	86	80
	88	81
	90	83
	91	84
	92	85
	93	86
	95	88
	96	88
	97	89
	98	90
	99	91
	101	93
	103	96
	104	97
	105	98
	106	100
	109	103
	110	104
	111	105
	115	109
	116	110
	120	114
	122	115
	123	116
	125	118
net/minecraft/client/resources/model/ModelBaker	0	0
net/minecraft/client/gui/screens/recipebook/BlastingRecipeBookComponent	19	21
	19	21
	14	16
net/minecraft/client/renderer/LightTexture	226	192
	34	32
	35	33
	37	34
	38	35
	39	36
	40	38
	41	39
	42	40
	45	44
	46	45
	50	48
	51	49
	54	52
	55	53
	56	54
	57	55
	60	58
	61	59
	64	62
	66	63
	67	64
	68	65
	69	66
	72	69
	73	70
	74	70
	76	70
	80	74
	81	75
	85	79
	86	166
	88	80
	89	81
	90	82
	91	83
	92	166
	95	84
	97	86
	98	87
	100	89
	103	92
	104	93
	105	94
	109	95
	110	97
	111	98
	112	99
	113	100
	115	102
	119	105
	122	106
	124	107
	126	109
	127	110
	128	111
	129	112
	132	115
	133	113
	134	114
	136	115
	138	116
	139	117
	140	118
	141	119
	143	121
	144	122
	146	123
	148	124
	149	125
	151	126
	152	127
	156	131
	158	132
	159	133
	160	134
	162	135
	163	136
	167	140
	168	141
	169	142
	171	145
	174	148
	176	149
	177	150
	179	151
	180	152
	181	153
	183	154
	184	155
	185	156
	186	157
	188	158
	191	162
	192	163
	193	166
	196	169
	197	169
	198	169
	199	169
	201	170
	204	173
	205	174
	211	178
	213	179
	214	180
	218	184
	222	188
	226	192
net/minecraft/client/model/geom/ModelLayers	238	240
	194	195
	226	228
	195	196
	196	197
	198	199
	230	232
	202	204
	234	236
	206	208
	238	240
	210	212
	214	216
	218	220
	190	191
	222	224
net/minecraft/client/gui/font/providers/TrueTypeGlyphProviderDefinition	95	114
	66	53
	67	54
	68	78
	69	61
	70	62
	72	63
	73	64
	74	65
	75	66
	76	67
	79	70
	80	71
	81	72
	84	75
	86	94
	88	95
	89	96
	90	97
	91	98
	94	102
	95	103
	35	113
	36	114
	44	28
	47	30
	48	31
	49	32
	50	33
	51	35
	52	37
	53	39
	57	44
	62	49
net/minecraft/client/renderer/entity/HorseRenderer	35	37
	35	37
	17	20
	18	21
	19	22
	20	23
	21	24
	22	25
	23	26
	24	27
	27	31
	29	32
	30	33
	31	34
net/minecraft/client/renderer/debug/BeeDebugRenderer	373	313
	256	221
	258	223
	263	226
	264	227
	266	229
	271	232
	272	233
	276	236
	277	237
	281	240
	282	241
	283	242
	286	244
	289	247
	290	248
	293	251
	294	252
	296	253
	297	254
	298	255
	300	256
	301	257
	304	260
	305	261
	309	262
	311	263
	312	264
	313	265
	315	266
	316	267
	317	268
	320	271
	324	275
	325	275
	326	275
	327	275
	332	279
	333	280
	334	281
	79	64
	80	65
	338	285
	84	69
	85	70
	86	71
	342	289
	87	72
	343	290
	344	291
	345	292
	90	75
	91	76
	349	296
	94	79
	350	296
	95	80
	351	296
	352	296
	353	296
	98	83
	99	84
	103	88
	104	89
	361	300
	106	90
	362	302
	363	303
	108	91
	109	92
	365	304
	111	94
	368	308
	114	97
	115	98
	372	312
	373	313
	118	101
	119	102
	120	103
	123	106
	125	107
	126	108
	127	109
	129	111
	132	112
	136	114
	137	115
	138	116
	142	120
	144	121
	145	122
	146	123
	147	124
	149	126
	151	127
	152	128
	153	129
	155	131
	157	132
	163	135
	165	136
	166	138
	168	139
	172	143
	174	144
	175	145
	176	146
	178	148
	180	149
	181	150
	183	151
	184	152
	185	153
	187	154
	188	155
	189	156
	190	157
	193	160
	194	161
	195	163
	196	164
	198	165
	203	170
	204	171
	205	172
	208	175
	209	176
	210	177
	211	178
	212	179
	217	182
	219	183
	220	184
	223	187
	225	188
	226	189
	227	190
	228	191
	230	193
	233	196
	235	197
	236	198
	239	201
	240	203
	242	214
	245	217
	248	218
	251	219
	255	220
net/minecraft/client/model/geom/package-info	0	0
net/minecraft/client/renderer/block/model/MultiVariant	97	98
	67	67
	68	68
	71	70
	72	72
	73	73
	75	74
	78	77
	84	84
	85	85
	86	86
	87	87
	88	88
	91	91
	92	92
	29	31
	30	32
	95	95
	33	35
	97	98
	38	39
	39	40
	42	42
	43	42
	46	42
	51	47
	56	52
	61	61
	62	62
net/minecraft/client/gui/layouts/HeaderAndFooterLayout	144	137
	128	121
	129	122
	132	125
	136	129
	140	133
	144	137
	24	23
	25	24
	28	27
	29	28
	32	31
	33	32
	34	33
	35	34
	36	35
	37	36
	42	40
	47	44
	51	48
	56	53
	61	58
	66	63
	70	67
	74	71
	75	72
	78	75
	79	76
	82	79
	86	83
	91	88
	92	89
	93	90
	94	91
	98	95
	99	96
	101	97
	102	98
	103	99
	104	100
	106	101
	107	102
	108	103
	109	104
	111	105
	112	106
	114	107
	115	108
	116	109
	117	110
	120	113
	124	117
net/minecraft/client/renderer/blockentity/ShulkerBoxRenderer	64	58
	64	58
	23	25
	24	26
	29	29
	30	30
	31	31
	32	32
	33	33
	39	37
	40	39
	41	40
	43	42
	46	45
	48	46
	49	47
	50	48
	52	49
	54	50
	55	51
	57	52
	58	53
	59	54
	61	55
	62	56
	63	57
net/minecraft/client/gui/screens/inventory/HorseInventoryScreen	61	61
	32	34
	33	35
	35	36
	36	37
	39	40
	40	41
	43	44
	44	45
	45	46
	47	48
	51	52
	52	53
	24	26
	56	57
	25	27
	57	58
	26	28
	27	29
	59	59
	60	60
	61	61
	31	33
net/minecraft/client/resources/metadata/language/package-info	0	0
net/minecraft/client/multiplayer/chat/LoggedChatMessage	104	114
	67	73
	68	74
	73	79
	77	83
	82	88
	21	23
	87	95
	88	96
	25	27
	89	97
	90	99
	94	104
	31	33
	99	109
	37	41
	38	42
	39	43
	40	44
	104	114
	41	46
	47	52
	48	53
	49	54
	51	56
	56	62
	57	63
	58	64
	62	68
	63	69
com/mojang/blaze3d/shaders/Uniform	544	504
	513	474
	514	475
	516	477
	517	478
	519	480
	520	481
	522	483
	525	485
	528	488
	532	492
	536	496
	540	500
	544	504
	48	42
	49	43
	50	44
	51	45
	52	46
	53	47
	54	48
	56	50
	57	51
	59	54
	60	55
	61	56
	64	59
	68	63
	69	64
	72	67
	76	71
	77	72
	81	75
	82	76
	84	79
	85	80
	87	82
	90	85
	91	86
	92	87
	94	89
	97	92
	99	93
	100	94
	101	95
	102	96
	103	97
	104	98
	105	99
	106	100
	107	101
	108	102
	109	103
	113	107
	117	111
	118	112
	121	115
	126	120
	127	121
	128	122
	129	123
	133	127
	134	128
	135	129
	136	130
	137	131
	147	134
	148	135
	149	136
	150	137
	154	141
	155	142
	156	143
	157	144
	158	145
	159	146
	163	150
	164	151
	165	152
	166	153
	170	157
	171	158
	172	159
	173	160
	174	161
	175	162
	176	163
	177	164
	181	168
	182	169
	183	170
	184	171
	188	175
	189	176
	190	177
	192	180
	193	181
	195	184
	196	185
	198	188
	199	189
	201	192
	202	193
	206	197
	207	198
	208	199
	210	202
	211	203
	213	206
	214	207
	216	210
	217	211
	219	214
	220	215
	224	219
	225	220
	226	221
	227	222
	231	226
	232	227
	233	228
	234	229
	235	230
	239	234
	240	235
	241	236
	242	237
	243	238
	244	239
	248	243
	249	244
	250	245
	251	246
	252	247
	253	248
	254	249
	258	253
	259	254
	260	261
	263	256
	264	257
	265	258
	266	259
	267	261
	271	265
	272	266
	273	267
	274	268
	275	269
	276	270
	277	271
	285	275
	286	276
	287	277
	288	278
	289	279
	290	280
	291	281
	292	282
	293	283
	302	287
	303	288
	304	289
	305	290
	306	291
	307	292
	308	293
	309	294
	310	295
	311	296
	312	297
	319	301
	320	302
	321	303
	322	304
	323	305
	324	306
	325	307
	326	308
	327	309
	335	313
	336	314
	337	315
	338	316
	339	317
	340	318
	341	319
	342	320
	343	321
	344	322
	345	323
	346	324
	355	328
	356	329
	357	330
	358	331
	359	332
	360	333
	361	334
	362	335
	363	336
	364	337
	365	338
	366	339
	367	340
	368	341
	369	342
	376	346
	377	347
	378	348
	379	349
	380	350
	381	351
	382	352
	383	353
	384	354
	385	355
	386	356
	394	360
	395	361
	396	362
	397	363
	398	364
	399	365
	400	366
	401	367
	402	368
	403	369
	404	370
	405	371
	406	372
	407	373
	408	374
	417	380
	418	381
	419	382
	420	383
	421	384
	422	385
	423	386
	424	387
	425	388
	426	389
	427	390
	428	391
	429	392
	430	393
	431	394
	432	395
	433	396
	434	397
	435	398
	439	402
	440	403
	441	404
	442	405
	446	409
	447	410
	448	411
	449	412
	452	415
	456	418
	458	419
	459	420
	460	421
	461	422
	462	424
	463	429
	465	425
	466	426
	468	431
	471	434
	472	435
	474	437
	475	438
	477	440
	478	441
	480	443
	481	444
	483	446
	484	447
	486	449
	489	451
	492	454
	493	455
	495	457
	496	458
	498	460
	499	461
	501	463
	502	464
	504	466
	505	467
	507	469
	510	471
net/minecraft/client/resources/model/package-info	0	0
net/minecraft/client/resources/model/ModelResourceLocation	32	35
	32	35
	19	23
	23	27
	10	14
	11	13
	27	31
	12	16
	15	19
net/minecraft/client/animation/Keyframe	0	0
net/minecraft/client/renderer/PanoramaRenderer	37	36
	32	31
	33	32
	34	33
	37	36
	18	19
	19	20
	20	21
	23	24
	24	25
	25	26
	27	27
	29	28
	30	29
	31	30
net/minecraft/client/renderer/entity/FireworkEntityRenderer	42	48
	33	32
	35	43
	37	44
	38	45
	42	48
	17	19
	18	20
	19	21
	23	24
	25	25
	27	26
	28	27
	29	28
	30	29
com/mojang/blaze3d/platform/InputConstants	505	483
	33	228
	34	229
	36	230
	37	231
	40	234
	41	235
	42	236
	43	237
	44	238
	45	239
	48	242
	49	243
	190	244
	194	310
	195	311
	197	313
	198	314
	201	318
	202	319
	204	323
	207	332
	208	333
	209	334
	214	354
	216	355
	217	356
	218	357
	219	358
	220	359
	221	360
	222	361
	223	362
	225	363
	226	364
	227	365
	228	366
	229	367
	230	368
	231	369
	232	370
	233	371
	234	372
	236	373
	237	374
	238	375
	239	376
	240	377
	241	378
	242	379
	243	380
	244	381
	245	382
	246	383
	247	384
	248	385
	249	386
	250	387
	251	388
	252	389
	253	390
	254	391
	255	392
	256	393
	257	394
	258	395
	259	396
	260	397
	261	398
	263	399
	264	400
	265	401
	266	402
	267	403
	268	404
	269	405
	270	406
	271	407
	272	408
	273	409
	274	410
	275	411
	276	412
	277	413
	278	414
	279	415
	280	416
	281	417
	282	418
	283	419
	284	420
	285	421
	286	422
	287	423
	289	424
	290	425
	291	426
	292	427
	293	428
	294	429
	295	430
	296	431
	297	432
	298	433
	299	434
	300	435
	301	436
	302	437
	303	438
	304	439
	305	440
	306	441
	308	442
	309	443
	310	444
	311	445
	313	446
	314	447
	315	448
	316	449
	317	450
	318	451
	319	452
	320	453
	321	454
	322	455
	323	456
	324	457
	325	458
	327	459
	328	460
	329	461
	330	462
	331	463
	332	464
	333	465
	334	466
	336	467
	337	468
	339	469
	340	470
	341	471
	342	472
	343	473
	344	474
	345	475
	347	476
	348	477
	349	478
	351	479
	352	480
	353	481
	354	482
	355	483
	364	337
	365	338
	366	339
	369	342
	370	343
	371	344
	372	345
	375	348
	376	349
	390	256
	391	257
	392	258
	394	259
	395	260
	396	261
	399	264
	403	268
	407	272
	411	276
	415	280
	416	281
	418	283
	419	283
	421	283
	426	288
	427	289
	429	290
	430	294
	432	291
	433	292
	438	299
	443	303
	448	163
	449	163
	451	163
	455	167
	456	168
	459	170
	460	171
	461	172
	462	173
	463	174
	464	175
	466	178
	469	182
	473	187
	477	191
	478	192
	479	193
	482	202
	483	203
	484	204
	485	205
	486	206
	489	209
	490	210
	491	211
	495	215
	496	216
	497	217
	502	222
	503	223
	505	225
net/minecraft/client/renderer/block/model/ItemModelGenerator	277	265
	257	211
	258	212
	259	213
	260	214
	262	216
	265	219
	269	223
	273	227
	277	231
	24	24
	26	25
	27	27
	28	28
	29	29
	33	33
	34	34
	36	35
	37	36
	40	39
	42	40
	43	41
	44	42
	48	46
	49	47
	50	48
	52	49
	53	50
	55	51
	57	52
	61	56
	62	57
	63	58
	65	60
	66	61
	67	62
	68	63
	69	64
	70	65
	71	66
	72	67
	73	68
	74	69
	75	70
	77	71
	78	72
	79	73
	81	74
	82	75
	84	77
	85	79
	86	80
	87	82
	88	83
	89	84
	91	86
	92	87
	93	88
	94	90
	95	91
	96	92
	97	93
	99	95
	100	97
	101	98
	102	99
	103	101
	104	102
	106	104
	107	105
	108	106
	109	107
	110	108
	111	110
	115	113
	116	114
	117	115
	118	116
	120	117
	121	118
	123	119
	124	120
	125	121
	126	122
	128	123
	129	124
	131	125
	133	127
	134	128
	136	130
	137	131
	139	133
	140	134
	142	136
	147	140
	151	144
	152	145
	154	146
	155	147
	156	148
	157	149
	158	150
	160	151
	161	152
	162	153
	163	154
	166	157
	167	158
	171	164
	172	165
	173	166
	175	168
	178	171
	179	173
	180	174
	184	175
	186	176
	187	177
	188	178
	192	183
	193	184
	194	185
	195	186
	197	188
	199	190
	202	193
	203	193
	205	193
	220	247
	221	248
	222	249
	223	250
	226	253
	230	257
	234	261
	238	265
	250	204
	251	205
	252	206
	253	207
	254	208
net/minecraft/client/model/geom/LayerDefinitions	339	339
	118	120
	120	121
	121	122
	122	123
	123	124
	124	125
	125	126
	126	127
	127	128
	128	129
	129	130
	130	131
	131	132
	132	133
	133	134
	134	135
	135	136
	136	137
	137	138
	138	139
	140	140
	141	141
	142	142
	143	143
	144	144
	145	145
	146	146
	147	147
	148	148
	149	149
	150	150
	151	151
	152	152
	153	153
	154	154
	155	155
	156	156
	157	157
	158	158
	159	159
	160	160
	161	161
	162	162
	163	163
	164	164
	165	165
	166	166
	167	167
	168	168
	169	169
	170	170
	171	171
	172	172
	173	173
	174	174
	175	175
	176	176
	177	177
	178	178
	179	179
	180	180
	181	181
	182	182
	183	183
	184	184
	185	185
	186	186
	187	187
	188	188
	189	189
	190	190
	191	191
	192	192
	193	193
	194	194
	195	195
	196	196
	197	197
	198	198
	199	199
	200	200
	201	201
	202	202
	203	203
	204	204
	205	205
	206	206
	207	207
	208	208
	209	209
	210	210
	211	211
	212	212
	213	213
	214	214
	215	215
	216	216
	217	217
	218	218
	219	219
	220	220
	221	221
	222	222
	223	223
	224	224
	225	225
	226	226
	227	227
	228	228
	229	229
	230	230
	231	231
	232	232
	233	233
	234	234
	235	235
	236	236
	237	237
	238	238
	239	239
	240	240
	241	241
	242	242
	243	243
	244	244
	245	245
	246	246
	247	247
	248	248
	249	249
	250	250
	251	251
	252	252
	253	253
	254	254
	255	255
	256	256
	257	257
	258	258
	259	259
	260	260
	261	261
	262	262
	263	263
	264	264
	265	265
	266	266
	267	267
	268	268
	269	269
	270	270
	271	271
	272	272
	273	273
	274	274
	275	275
	276	276
	277	277
	278	278
	279	279
	280	280
	281	281
	282	282
	283	283
	284	284
	285	285
	286	286
	287	287
	288	288
	289	289
	290	290
	291	291
	292	292
	293	293
	294	294
	295	295
	296	296
	297	297
	298	298
	299	299
	300	300
	301	301
	302	302
	303	303
	304	304
	305	305
	306	306
	307	307
	308	308
	309	309
	310	310
	311	311
	312	312
	314	313
	315	314
	316	315
	317	316
	318	318
	319	319
	320	320
	321	321
	323	323
	324	324
	328	328
	329	329
	331	330
	332	331
	334	332
	335	334
	336	336
	337	337
	339	339
net/minecraft/client/gui/screens/inventory/MinecartCommandBlockEditScreen	35	40
	16	19
	32	35
	33	36
	35	40
	21	24
	26	29
	11	14
	27	30
	12	15
	28	31
com/mojang/realmsclient/exception/RealmsHttpException	6	10
	5	9
	6	10
net/minecraft/client/resources/sounds/AbstractTickableSoundInstance	23	25
	16	19
	20	23
	22	24
	23	25
	11	14
	12	15
net/minecraft/client/gui/screens/inventory/BeaconScreen	317	323
	259	311
	264	316
	265	317
	266	318
	267	319
	269	321
	271	323
	278	293
	279	294
	280	295
	284	299
	285	300
	290	172
	291	173
	295	177
	296	180
	297	181
	301	185
	302	186
	48	49
	50	50
	51	51
	307	156
	308	157
	53	52
	56	54
	312	161
	313	162
	60	57
	61	58
	317	166
	62	59
	64	61
	67	64
	68	65
	69	66
	73	70
	75	71
	76	72
	77	73
	79	75
	80	76
	81	77
	83	79
	84	80
	85	82
	86	84
	87	85
	90	89
	92	90
	93	91
	95	93
	96	94
	97	96
	98	98
	99	99
	103	102
	104	104
	105	106
	106	107
	107	108
	111	112
	112	113
	113	114
	116	117
	117	118
	118	119
	122	123
	123	124
	124	125
	128	129
	129	130
	130	131
	132	132
	133	133
	134	134
	135	135
	136	136
	137	137
	138	138
	139	139
	140	140
	144	144
	145	145
	146	146
	156	248
	157	249
	160	252
	161	253
	167	258
	168	259
	169	260
	170	261
	171	262
	172	263
	174	265
	177	268
	179	269
	180	270
	185	275
	189	279
	190	280
	194	284
	195	285
	205	197
	206	198
	207	199
	208	200
	209	201
	212	204
	213	205
	214	206
	215	207
	218	210
	223	215
	224	224
	227	216
	228	217
	230	219
	232	222
	233	224
	237	228
	238	229
	242	233
	243	234
	244	235
	248	239
	254	306
	255	307
net/minecraft/client/resources/LegacyStuffWrapper	18	36
	17	36
	18	32
	13	21
	14	15
	15	18
net/minecraft/client/model/SheepFurModel	59	50
	18	19
	19	20
	22	23
	23	24
	25	25
	26	26
	27	26
	28	26
	30	28
	31	30
	32	30
	33	31
	36	33
	37	33
	38	34
	39	35
	40	36
	41	37
	43	38
	48	42
	50	43
	51	44
	52	45
	56	48
	58	49
	59	50
net/minecraft/client/gui/screens/AccessibilityOnboardingScreen	134	129
	128	124
	130	125
	131	126
	134	129
	44	39
	45	40
	46	41
	47	42
	48	43
	49	44
	53	48
	54	49
	56	50
	58	51
	59	52
	60	53
	61	54
	63	57
	64	60
	66	63
	68	64
	69	65
	70	66
	74	70
	75	71
	77	74
	78	75
	82	79
	83	80
	85	82
	87	84
	90	87
	95	92
	96	93
	99	96
	100	97
	103	100
	104	101
	106	104
	107	105
	108	106
	112	110
	114	111
	116	112
	117	113
	121	117
	122	118
	125	121
	126	122
	127	123
net/minecraft/client/multiplayer/RegistryDataCollector	73	70
	33	36
	34	37
	66	51
	37	40
	69	54
	38	41
	70	55
	73	58
	45	66
	46	67
	49	70
	56	44
	25	28
	57	46
	26	29
	58	47
	59	48
	29	32
	61	49
	30	33
	62	49
	63	49
com/mojang/realmsclient/util/task/RealmCreationTask	41	41
	32	32
	33	33
	34	34
	35	35
	37	37
	41	41
	19	20
	20	21
	21	22
	22	23
	26	26
	29	29
	30	30
	31	31
net/minecraft/client/renderer/entity/layers/SaddleLayer	36	36
	32	31
	33	32
	34	33
	35	34
	20	22
	36	36
	21	23
	22	24
	23	25
	27	29
	28	36
	31	30
net/minecraft/client/animation/KeyframeAnimations	65	55
	32	29
	33	30
	65	55
	35	32
	38	35
	39	36
	40	37
	42	39
	45	42
	14	16
	46	43
	16	18
	17	19
	18	20
	50	47
	20	21
	21	22
	54	51
	24	23
	25	24
	27	25
	28	26
	30	27
net/minecraft/client/telemetry/package-info	0	0
com/mojang/blaze3d/package-info	0	0
net/minecraft/client/model/SlimeModel	66	44
	66	44
	16	18
	17	19
	20	22
	21	23
	23	24
	24	24
	25	24
	29	25
	33	29
	34	30
	36	31
	37	31
	38	31
	41	32
	42	32
	43	32
	46	33
	47	33
	48	33
	51	34
	52	34
	53	34
	57	35
	62	40
com/mojang/realmsclient/util/task/SwitchMinigameTask	56	59
	32	33
	35	36
	36	37
	39	40
	40	41
	41	42
	43	45
	44	46
	45	47
	46	48
	48	51
	49	52
	52	55
	21	22
	22	23
	23	24
	24	25
	56	59
	28	28
	29	30
	31	32
net/minecraft/client/model/CowModel	48	48
	32	36
	33	36
	34	37
	37	39
	38	39
	39	40
	40	41
	41	42
	42	43
	44	44
	15	16
	16	17
	48	48
	19	20
	20	21
	22	22
	23	23
	24	25
	25	26
	26	28
	27	30
	28	32
	30	34
	31	36
net/minecraft/client/renderer/entity/ChickenRenderer	26	26
	18	20
	23	24
	24	25
	26	26
	13	16
	14	17
net/minecraft/client/renderer/texture/atlas/SpriteSourceType	0	0
com/mojang/realmsclient/dto/RealmsNotification	194	202
	139	111
	140	112
	141	113
	142	114
	143	115
	144	116
	147	119
	148	120
	149	121
	150	122
	151	123
	156	128
	157	129
	158	130
	159	131
	161	133
	162	134
	163	135
	164	136
	165	137
	166	138
	167	139
	168	140
	169	141
	170	142
	44	42
	172	144
	45	43
	46	44
	174	146
	47	45
	175	147
	48	46
	176	148
	178	151
	51	49
	179	152
	180	153
	181	154
	182	155
	55	53
	183	156
	59	57
	63	61
	192	167
	65	64
	193	168
	66	64
	194	169
	67	65
	69	67
	70	68
	72	71
	76	75
	77	76
	78	77
	80	79
	81	80
	82	81
	84	82
	85	84
	86	85
	87	86
	88	87
	102	183
	103	184
	104	185
	105	186
	106	187
	109	190
	110	191
	111	192
	112	193
	116	197
	120	201
	121	202
net/minecraft/client/particle/SpellParticle	125	125
	65	63
	66	64
	67	65
	74	105
	75	106
	79	109
	18	20
	19	21
	20	22
	21	23
	22	24
	23	25
	87	89
	24	26
	88	90
	25	27
	26	28
	92	93
	29	31
	94	94
	31	32
	95	95
	96	96
	33	33
	34	34
	36	35
	37	36
	39	38
	104	118
	105	119
	43	42
	109	122
	110	123
	111	124
	48	47
	112	125
	49	48
	51	49
	52	50
	54	52
	56	54
	120	76
	121	77
	60	58
	61	59
	125	80
	62	60
net/minecraft/client/renderer/entity/layers/WitherArmorLayer	34	36
	18	20
	34	36
	19	21
	20	22
	24	26
	29	31
net/minecraft/client/gui/components/LockIconButton	56	64
	32	40
	33	41
	34	42
	35	43
	37	45
	40	48
	41	49
	13	16
	14	17
	18	24
	22	30
	55	63
	56	64
	26	34
	27	35
net/minecraft/client/renderer/entity/PigRenderer	20	23
	16	20
	20	23
	13	16
	15	17
net/minecraft/client/gui/screens/recipebook/AbstractFurnaceRecipeBookComponent	71	70
	32	32
	65	64
	66	65
	67	66
	36	36
	68	67
	38	37
	39	38
	71	70
	41	40
	45	44
	46	45
	47	46
	49	47
	51	48
	52	49
	53	50
	54	51
	56	54
	59	57
	60	59
	61	60
	62	61
	31	31
net/minecraft/client/model/geom/EntityModelSet	25	26
	16	17
	17	18
	19	20
	24	25
	25	26
	15	16
net/minecraft/client/multiplayer/PlayerInfo	118	114
	66	62
	70	66
	74	70
	75	71
	76	72
	79	75
	80	76
	81	77
	84	80
	88	84
	92	88
	93	89
	32	34
	96	92
	33	35
	35	36
	36	37
	100	96
	37	38
	101	97
	40	41
	104	100
	41	42
	42	43
	45	44
	109	105
	46	45
	47	46
	48	47
	49	48
	113	109
	50	48
	114	110
	52	48
	118	114
	57	53
	62	58
com/mojang/blaze3d/shaders/FogShape	14	18
	10	14
	11	15
	14	18
com/mojang/blaze3d/vertex/package-info	0	0
net/minecraft/client/resources/sounds/SnifferSoundInstance	42	39
	32	37
	33	39
	36	31
	37	32
	38	33
	40	34
	41	35
	42	39
	15	16
	17	17
	19	18
	20	19
	21	20
	22	21
	26	25
	31	30
net/minecraft/client/gui/components/events/AbstractContainerEventHandler	42	40
	19	15
	35	31
	36	32
	38	35
	39	36
	24	20
	25	21
	41	39
	42	40
	30	26
net/minecraft/client/model/EvokerFangsModel	64	61
	64	61
	23	25
	24	26
	25	27
	26	28
	27	29
	30	32
	31	33
	33	34
	34	35
	35	35
	36	35
	38	37
	39	37
	40	38
	41	39
	43	40
	48	45
	49	46
	50	47
	52	50
	53	51
	54	52
	56	53
	57	54
	58	55
	59	56
	60	57
com/mojang/realmsclient/gui/screens/RealmsSlotOptionsScreen	273	329
	259	321
	260	329
	264	255
	265	256
	267	257
	268	279
	270	260
	271	261
	273	297
	69	53
	70	54
	71	55
	72	56
	74	57
	75	58
	77	59
	78	60
	80	61
	81	62
	82	63
	83	64
	85	65
	86	66
	87	67
	88	68
	90	70
	91	71
	92	72
	94	73
	95	74
	96	75
	97	76
	99	78
	103	82
	104	83
	108	87
	109	88
	110	89
	115	94
	116	95
	121	100
	122	101
	123	102
	125	103
	127	105
	128	106
	129	107
	130	108
	132	110
	134	113
	137	116
	138	119
	139	120
	140	121
	142	124
	144	126
	145	128
	146	129
	147	130
	150	132
	151	141
	152	151
	154	153
	155	155
	156	156
	157	157
	158	158
	160	159
	161	160
	162	161
	163	162
	165	164
	167	166
	168	167
	169	178
	170	189
	171	195
	173	198
	174	199
	175	200
	176	201
	177	202
	178	203
	179	204
	180	205
	183	208
	184	209
	187	213
	188	217
	189	218
	192	221
	193	222
	195	223
	198	225
	199	225
	201	226
	202	227
	203	228
	207	230
	212	235
	217	240
	219	241
	220	242
	222	243
	223	244
	226	247
	227	248
	229	250
	231	252
	238	305
	240	306
	241	307
	243	308
	245	309
	246	310
	250	314
	251	317
	254	315
	255	317
net/minecraft/client/gui/components/toasts/RecipeToast	66	64
	64	62
	66	64
	23	24
	24	25
	28	29
	29	30
	30	31
	33	34
	34	35
	37	37
	39	38
	40	39
	42	40
	43	42
	45	43
	46	44
	47	45
	48	46
	50	47
	51	48
	55	53
	56	54
	57	55
	60	58
	61	59
	62	60
net/minecraft/client/gui/screens/inventory/tooltip/ClientActivePlayersTooltip	48	50
	32	33
	33	34
	34	35
	37	39
	42	44
	43	45
	44	46
	45	47
	46	48
	48	50
	20	20
	21	21
	25	25
	30	30
	31	32
net/minecraft/client/renderer/entity/layers/HumanoidArmorLayer	136	128
	128	120
	129	121
	132	124
	136	128
	39	41
	40	42
	41	43
	42	44
	43	45
	47	48
	48	49
	49	50
	50	51
	51	52
	54	55
	55	56
	56	79
	59	57
	60	79
	63	58
	65	59
	67	60
	69	61
	70	62
	71	64
	72	65
	73	66
	76	69
	77	70
	78	71
	81	74
	82	75
	84	79
	87	82
	90	83
	92	85
	93	86
	95	87
	97	89
	98	90
	99	91
	101	92
	103	94
	104	95
	105	96
	107	97
	109	99
	110	100
	114	102
	117	105
	118	106
	119	107
	122	112
	123	113
	124	116
	125	117
com/mojang/blaze3d/shaders/Effect	0	0
net/minecraft/client/renderer/entity/layers/WolfArmorLayer	82	82
	65	65
	66	66
	67	67
	69	70
	71	73
	74	76
	75	77
	76	82
	78	78
	80	79
	81	80
	82	82
	33	39
	34	40
	35	41
	39	44
	40	56
	42	45
	43	46
	44	56
	47	47
	48	48
	49	49
	51	50
	52	51
	54	52
	56	53
	57	56
	60	59
	61	60
	62	61
	63	62
net/minecraft/client/renderer/entity/layers/VillagerProfessionLayer	94	94
	65	59
	66	60
	67	61
	68	62
	70	63
	71	64
	72	65
	73	66
	74	67
	75	70
	78	74
	81	77
	85	83
	88	86
	90	89
	91	90
	92	91
	94	94
	31	33
	32	34
	33	35
	34	36
	35	37
	36	38
	45	46
	46	47
	47	48
	48	49
	52	52
	53	74
	56	53
	57	54
	58	55
	60	56
	61	57
	63	58
net/minecraft/client/renderer/texture/AbstractTexture	81	77
	66	65
	67	66
	68	66
	69	66
	71	68
	73	70
	76	73
	77	74
	81	77
	20	21
	21	22
	22	23
	26	26
	27	27
	28	28
	30	30
	31	31
	33	34
	34	35
	35	36
	36	37
	39	40
	40	41
	41	42
	44	45
	48	49
	49	50
	50	51
	51	52
	52	53
	54	55
	56	56
	57	57
	58	58
	61	60
net/minecraft/client/particle/LargeSmokeParticle	20	23
	16	20
	20	23
	8	11
	9	12
	15	19
net/minecraft/client/model/ZombieVillagerModel	118	93
	18	19
	20	20
	23	23
	24	24
	26	25
	28	27
	29	27
	32	30
	33	31
	34	31
	37	33
	38	34
	39	34
	40	34
	42	36
	43	38
	44	39
	45	41
	48	45
	49	46
	50	46
	51	46
	53	48
	54	49
	55	49
	56	49
	58	51
	59	52
	60	52
	61	52
	63	54
	64	55
	65	55
	66	55
	69	57
	73	61
	74	62
	76	63
	77	64
	78	64
	81	66
	82	67
	83	67
	86	69
	87	71
	88	71
	89	72
	91	74
	92	76
	93	76
	94	77
	98	79
	99	79
	103	80
	108	84
	110	85
	111	86
	115	90
	116	91
	117	92
	118	93
net/minecraft/client/renderer/VirtualScreen	27	28
	16	18
	17	19
	18	20
	21	23
	26	27
	27	28
net/minecraft/client/gui/font/GlyphRenderTypes	32	25
	16	13
	32	25
	21	18
	22	18
	23	18
	24	18
	13	12
	29	22
	14	13
	30	23
	15	13
	31	24
net/minecraft/client/multiplayer/ServerStatusPinger	219	198
	47	49
	48	50
	49	50
	50	50
	51	51
	52	52
	53	136
	56	54
	57	55
	59	56
	61	57
	62	58
	64	59
	71	65
	72	66
	73	107
	75	68
	76	69
	77	70
	79	71
	80	72
	81	73
	82	74
	83	75
	84	76
	85	77
	87	78
	88	79
	89	80
	91	81
	92	82
	93	84
	94	85
	96	88
	97	89
	99	92
	101	94
	103	96
	104	96
	105	96
	107	97
	108	98
	109	99
	110	100
	112	102
	114	103
	115	104
	116	105
	117	107
	121	110
	122	111
	123	112
	125	113
	127	114
	128	115
	132	118
	133	119
	134	120
	136	122
	140	125
	145	130
	146	131
	147	132
	148	133
	150	136
	153	139
	154	140
	155	141
	156	142
	159	145
	160	145
	161	145
	166	149
	167	150
	170	153
	172	154
	173	155
	174	156
	175	157
	176	158
	177	159
	179	160
	181	161
	182	161
	183	162
	186	165
	187	166
	188	167
	192	171
	193	172
	194	174
	195	175
	197	176
	198	177
	200	179
	201	180
	205	184
	208	187
	209	188
	210	190
	211	191
	213	192
	214	193
	215	194
	219	198
net/minecraft/client/model/IllagerModel	214	184
	28	30
	29	31
	30	32
	31	33
	32	34
	33	35
	34	36
	35	37
	36	38
	37	39
	40	42
	41	43
	43	44
	44	45
	45	45
	46	45
	48	47
	49	48
	50	48
	54	50
	55	51
	56	51
	57	51
	59	53
	60	55
	61	56
	62	58
	63	60
	65	62
	66	64
	67	64
	68	64
	69	65
	71	67
	72	68
	73	68
	76	70
	77	71
	78	71
	79	71
	81	73
	82	74
	83	74
	84	74
	86	76
	87	77
	88	77
	89	77
	91	79
	92	80
	93	80
	94	80
	97	82
	102	87
	107	91
	108	92
	110	93
	111	94
	112	95
	113	96
	115	97
	116	98
	117	99
	119	100
	120	101
	121	102
	123	103
	124	104
	125	105
	127	107
	128	108
	129	109
	131	110
	132	111
	133	112
	135	113
	136	114
	137	115
	139	116
	140	117
	141	118
	144	121
	146	122
	147	123
	148	124
	150	126
	152	128
	153	129
	154	130
	155	131
	156	132
	157	133
	158	134
	159	135
	160	136
	162	137
	163	138
	164	139
	165	140
	166	141
	167	142
	168	143
	169	144
	170	145
	171	146
	172	147
	173	148
	174	149
	175	150
	176	151
	177	152
	178	153
	179	154
	181	155
	182	156
	183	157
	184	158
	185	159
	188	162
	189	163
	190	164
	191	165
	192	166
	195	169
	196	169
	198	169
	203	173
	208	178
	213	183
	214	184
net/minecraft/client/gui/screens/reporting/ChatReportScreen	86	87
	65	72
	68	75
	69	76
	70	77
	72	79
	74	82
	75	83
	83	87
	84	87
	86	87
	24	26
	25	27
	28	30
	29	31
	32	34
	33	35
	37	40
	38	42
	39	43
	40	44
	41	45
	42	47
	44	50
	45	51
	46	52
	47	53
	48	54
	49	56
	50	58
	52	59
	53	60
	54	61
	55	62
	56	63
	57	64
	61	68
	62	69
	63	70
net/minecraft/client/gui/navigation/CommonInputs	7	9
	7	9
com/mojang/realmsclient/dto/RealmsWorldOptions	173	174
	128	129
	129	130
	132	133
	133	134
	136	137
	137	138
	140	141
	141	142
	144	145
	145	146
	148	149
	149	150
	152	153
	153	154
	156	157
	157	158
	160	161
	161	162
	164	165
	165	166
	168	169
	173	174
	51	59
	52	60
	53	61
	54	62
	55	63
	56	64
	57	65
	58	66
	59	67
	60	68
	61	69
	62	70
	63	71
	66	74
	70	78
	71	79
	72	80
	76	84
	77	85
	80	89
	81	89
	82	90
	83	91
	84	92
	85	93
	86	94
	87	95
	88	96
	89	97
	90	98
	91	99
	92	100
	95	102
	96	103
	98	104
	102	108
	103	109
	104	109
	107	109
	109	111
	114	116
	118	120
	120	121
	121	122
	124	125
	125	126
net/minecraft/client/player/KeyboardInput	38	37
	32	33
	35	34
	36	35
	38	37
	9	12
	10	13
	13	16
	14	17
	17	19
	22	25
	23	26
	24	27
	25	28
	27	29
	28	30
	30	31
	31	32
net/minecraft/client/gui/screens/inventory/BlastFurnaceScreen	16	19
	16	19
	15	18
net/minecraft/client/particle/BubbleParticle	60	57
	10	13
	11	14
	13	15
	15	16
	16	17
	17	18
	19	19
	20	20
	24	24
	25	25
	26	26
	28	27
	29	28
	30	39
	33	30
	34	31
	35	32
	36	33
	37	34
	39	35
	40	36
	42	39
	46	43
	53	51
	54	52
	58	55
	59	56
	60	57
com/mojang/realmsclient/dto/ReflectionBasedSerialization	0	0
net/minecraft/client/gui/screens/inventory/BookViewScreen	277	262
	256	221
	259	223
	260	224
	262	225
	263	239
	265	226
	267	227
	268	228
	269	229
	270	230
	271	231
	274	233
	277	236
	34	247
	38	251
	39	251
	41	251
	46	256
	47	257
	48	258
	49	259
	51	261
	52	262
	53	262
	55	262
	81	48
	82	49
	85	52
	86	53
	89	56
	90	57
	91	58
	92	59
	95	62
	96	63
	97	64
	98	65
	99	66
	102	69
	103	70
	104	71
	105	72
	106	73
	107	74
	109	76
	113	81
	118	86
	119	87
	120	88
	123	91
	124	92
	127	95
	128	96
	130	97
	131	98
	133	99
	134	100
	137	103
	141	107
	142	108
	144	111
	145	112
	148	115
	149	116
	151	119
	152	120
	155	123
	156	124
	157	125
	161	129
	162	130
	165	132
	167	134
	168	135
	170	137
	171	138
	173	140
	179	147
	181	148
	182	149
	184	150
	185	151
	186	152
	187	153
	189	156
	191	157
	192	158
	194	159
	195	161
	196	162
	197	163
	200	166
	201	167
	202	168
	204	170
	208	174
	209	175
	210	176
	214	180
	215	181
	216	182
	217	183
	221	187
	226	192
	227	193
	228	194
	231	195
	232	196
	234	199
	235	200
	236	201
	239	202
	242	205
	243	206
	244	207
	246	210
	250	215
	251	216
	255	220
net/minecraft/client/particle/SingleQuadParticle	90	89
	65	50
	66	51
	67	52
	68	53
	70	54
	72	55
	73	56
	74	57
	75	58
	76	59
	79	64
	80	65
	16	88
	81	66
	84	69
	20	89
	89	74
	90	75
	28	18
	30	19
	33	22
	35	23
	38	26
	43	31
	44	32
	45	33
	46	34
	49	37
	50	38
	53	41
	55	42
	56	43
	57	44
	59	45
	60	46
	63	49
com/mojang/blaze3d/preprocessor/package-info	0	0
net/minecraft/client/GuiMessage	15	14
	15	14
net/minecraft/client/quickplay/package-info	0	0
net/minecraft/client/gui/narration/ScreenNarrationCollector	85	92
	66	51
	67	52
	68	53
	11	14
	77	63
	78	64
	79	65
	80	66
	81	67
	17	80
	18	81
	84	70
	85	71
	22	86
	23	88
	27	92
	32	18
	34	19
	35	20
	38	23
	39	24
	44	28
	45	29
	47	32
	48	33
	49	34
	52	36
	53	37
	54	38
	55	39
	57	41
	58	42
net/minecraft/client/gui/components/SubtitleOverlay	206	187
	32	32
	33	33
	36	36
	37	37
	38	38
	39	39
	40	40
	41	41
	42	42
	45	45
	46	112
	49	46
	50	47
	51	48
	52	49
	54	50
	55	52
	56	53
	57	54
	61	58
	62	112
	65	59
	66	60
	68	61
	70	62
	71	65
	72	66
	73	67
	74	68
	76	70
	80	74
	82	76
	83	77
	84	78
	86	79
	88	80
	92	81
	93	82
	94	83
	95	84
	97	85
	98	86
	99	87
	100	88
	101	89
	102	90
	103	91
	105	92
	106	93
	107	94
	109	95
	111	96
	112	97
	113	98
	114	99
	115	100
	116	101
	120	105
	122	106
	123	107
	125	112
	129	116
	130	129
	132	117
	133	118
	134	119
	135	120
	136	121
	137	122
	142	127
	143	129
	153	142
	154	143
	155	144
	156	145
	159	148
	164	153
	165	154
	168	156
	169	157
	172	158
	173	160
	174	161
	178	166
	179	167
	180	168
	183	171
	184	172
	187	173
	188	174
	191	176
	193	177
	194	177
	197	177
	201	182
	202	183
	203	184
	206	187
net/minecraft/client/renderer/BiomeColors	26	29
	18	21
	22	25
	10	13
	26	29
	11	14
	14	17
net/minecraft/client/gui/screens/inventory/CrafterScreen	115	120
	25	28
	26	29
	27	30
	31	34
	32	35
	33	36
	37	40
	38	41
	40	43
	41	44
	42	45
	43	46
	47	50
	48	51
	49	52
	55	57
	56	58
	59	61
	60	62
	63	65
	64	66
	67	69
	68	70
	69	71
	70	72
	71	73
	75	77
	76	78
	78	80
	80	82
	83	85
	84	86
	88	90
	89	91
	90	92
	92	93
	93	95
	94	98
	96	100
	99	103
	100	104
	102	106
	103	107
	105	109
	107	112
	108	113
	112	117
	113	118
	114	119
	115	120
net/minecraft/client/renderer/entity/FallingBlockRenderer	54	58
	33	32
	34	33
	35	55
	38	34
	41	35
	43	36
	45	37
	47	51
	49	52
	50	55
	21	24
	22	25
	54	58
	23	26
	24	27
	28	30
	29	31
	30	55
net/minecraft/client/NarratorStatus	42	43
	34	35
	21	22
	22	23
	38	39
	23	24
	26	27
	42	43
	30	31
net/minecraft/client/renderer/entity/player/package-info	0	0
net/minecraft/client/model/dragon/package-info	0	0
net/minecraft/client/gui/screens/inventory/tooltip/MenuTooltipPositioner	45	44
	32	32
	33	33
	35	34
	38	36
	40	39
	44	43
	45	44
	16	19
	17	20
	21	24
	23	25
	24	26
	27	29
	29	30
	31	31
net/minecraft/client/model/PufferfishBigModel	107	97
	19	21
	20	22
	21	23
	22	24
	25	27
	26	28
	28	29
	29	30
	30	31
	31	31
	32	31
	34	33
	35	34
	36	34
	37	34
	39	36
	40	37
	41	37
	42	37
	44	39
	45	41
	46	41
	47	42
	49	44
	50	45
	51	45
	52	45
	54	47
	55	49
	56	49
	57	50
	59	52
	60	54
	61	54
	62	55
	64	57
	65	59
	66	59
	67	60
	69	62
	70	64
	71	64
	72	65
	74	67
	75	68
	76	68
	77	68
	79	70
	80	72
	81	72
	82	73
	84	75
	85	77
	86	77
	87	78
	89	80
	90	82
	91	82
	92	83
	95	85
	100	90
	105	95
	106	96
	107	97
net/minecraft/client/model/geom/builders/MeshDefinition	10	13
	10	13
net/minecraft/client/gui/ComponentPath	49	53
	36	46
	37	47
	39	49
	41	52
	10	12
	42	53
	15	17
	16	17
	48	38
	49	39
	18	17
	22	21
	23	23
	24	24
	26	27
com/mojang/realmsclient/gui/package-info	0	0
net/minecraft/client/searchtree/ResourceLocationSearchTree	49	51
	32	34
	33	35
	34	36
	35	37
	36	38
	38	41
	39	42
	41	43
	12	14
	44	46
	15	17
	49	51
	20	22
	26	28
	27	29
	30	31
	31	32
net/minecraft/client/gui/screens/RecoverWorldDataScreen	177	163
	128	111
	129	112
	130	113
	131	114
	132	115
	133	116
	134	117
	136	119
	138	122
	144	129
	145	130
	147	132
	149	136
	150	137
	152	135
	157	143
	158	144
	159	145
	163	149
	164	150
	165	151
	166	152
	167	153
	171	157
	176	162
	177	163
	52	51
	53	52
	54	53
	55	56
	56	57
	57	58
	58	59
	59	60
	60	61
	61	62
	62	63
	63	64
	64	65
	66	66
	68	67
	69	68
	70	69
	72	70
	73	71
	74	71
	76	71
	78	71
	79	71
	81	72
	82	73
	84	73
	86	73
	87	73
	88	73
	90	76
	91	77
	92	77
	94	77
	96	77
	97	77
	100	78
	101	79
	105	82
	106	83
	107	84
	108	93
	109	98
	110	100
	112	85
	113	86
	114	87
	115	88
	117	90
	119	100
	122	103
	123	104
	125	106
	126	107
	127	108
com/mojang/realmsclient/gui/screens/RealmsBrokenWorldScreen	241	264
	57	51
	58	52
	59	53
	60	54
	64	58
	66	59
	68	60
	69	61
	71	63
	73	65
	77	70
	81	75
	82	76
	83	77
	86	79
	87	81
	88	82
	89	85
	90	87
	92	90
	93	92
	94	93
	95	93
	98	95
	101	100
	102	101
	103	102
	106	105
	108	107
	112	111
	113	112
	117	116
	119	117
	121	119
	122	120
	125	123
	126	156
	129	124
	130	125
	131	126
	133	140
	136	156
	139	159
	144	164
	146	167
	148	168
	149	169
	150	170
	151	171
	153	173
	154	174
	158	179
	160	180
	161	182
	164	185
	165	186
	166	187
	167	188
	168	189
	171	194
	172	195
	175	198
	178	201
	179	203
	180	204
	181	205
	183	206
	184	207
	186	209
	188	211
	189	213
	190	214
	191	215
	192	216
	194	218
	198	222
	199	223
	202	226
	208	233
	209	234
	210	235
	211	236
	212	237
	213	238
	214	239
	215	240
	216	241
	217	242
	219	244
	222	247
	223	248
	224	249
	225	250
	226	251
	229	254
	231	255
	232	256
	234	258
	237	261
	239	262
	240	263
	241	264
net/minecraft/client/gui/screens/inventory/tooltip/package-info	0	0
net/minecraft/client/particle/GustSeedParticle	48	50
	32	35
	41	44
	42	45
	43	46
	44	47
	13	15
	14	16
	15	17
	16	18
	48	50
	17	19
	21	23
	22	24
	23	25
	24	26
	25	27
	26	28
	29	32
	30	33
net/minecraft/client/model/ChestedHorseModel	53	50
	32	29
	34	30
	35	31
	36	31
	37	32
	38	35
	40	38
	45	42
	46	43
	47	44
	48	45
	50	47
	19	20
	51	48
	53	50
	22	21
	25	24
	26	25
	28	26
	29	27
	30	27
	31	28
net/minecraft/client/gui/components/debugchart/BandwidthDebugChart	71	70
	33	34
	34	35
	67	66
	37	38
	38	39
	39	40
	71	70
	43	44
	47	48
	48	49
	50	51
	51	51
	21	22
	53	51
	22	23
	26	27
	58	57
	27	28
	28	29
	29	30
	30	31
	62	61
net/minecraft/client/renderer/entity/layers/CapeLayer	75	77
	64	63
	65	64
	66	65
	69	68
	70	69
	71	70
	72	71
	73	72
	74	73
	75	77
	21	24
	22	25
	26	39
	27	77
	30	40
	31	41
	32	77
	35	42
	36	43
	37	77
	40	44
	41	45
	43	46
	44	47
	45	48
	47	49
	49	50
	50	51
	52	52
	53	53
	54	54
	55	55
	56	56
	57	57
	58	58
	59	59
	62	62
net/minecraft/client/resources/sounds/TickableSoundInstance	0	0
net/minecraft/client/renderer/block/model/BlockFaceUV	94	92
	65	65
	69	69
	71	70
	72	73
	75	71
	80	79
	81	80
	19	21
	20	22
	84	82
	21	23
	85	83
	86	84
	25	26
	89	86
	26	27
	90	88
	91	89
	28	29
	29	30
	94	92
	34	35
	35	36
	37	38
	38	39
	42	44
	46	48
	50	52
	51	53
	53	55
	60	62
	62	63
	63	64
net/minecraft/client/model/geom/ModelLayerLocation	42	41
	35	36
	36	37
	37	37
	10	13
	42	41
	11	14
	12	15
	15	18
	19	22
	24	26
	25	27
	27	29
	28	31
	30	30
net/minecraft/client/gui/components/PlainTextButton	26	29
	16	19
	17	20
	18	21
	19	22
	20	23
	24	27
	25	28
	26	29
net/minecraft/client/renderer/ItemBlockRenderTypes	430	398
	23	23
	24	24
	26	25
	27	26
	28	27
	29	28
	30	29
	31	30
	32	31
	34	32
	35	33
	36	34
	37	35
	38	36
	39	37
	40	38
	41	39
	42	40
	43	41
	44	42
	46	43
	47	44
	48	45
	49	46
	50	47
	51	48
	52	49
	53	50
	54	51
	55	52
	56	53
	57	54
	58	55
	59	56
	60	57
	61	58
	62	59
	63	60
	64	61
	65	62
	66	63
	67	64
	68	65
	69	66
	70	67
	71	68
	72	69
	73	70
	74	71
	75	72
	76	73
	77	74
	78	75
	79	76
	80	77
	81	78
	82	79
	83	80
	84	81
	85	82
	86	83
	87	84
	88	85
	89	86
	90	87
	91	88
	92	89
	93	90
	94	91
	95	92
	96	93
	97	94
	98	95
	99	96
	100	97
	101	98
	102	99
	103	100
	104	101
	105	102
	106	103
	107	104
	108	105
	109	106
	110	107
	111	108
	112	109
	113	110
	114	111
	115	112
	116	113
	117	114
	118	115
	119	116
	120	117
	121	118
	122	119
	123	120
	124	121
	125	122
	126	123
	127	124
	128	125
	129	126
	130	127
	131	128
	132	129
	133	130
	134	131
	135	132
	136	133
	137	134
	138	135
	139	136
	140	137
	141	138
	142	139
	143	140
	144	141
	145	142
	146	143
	147	144
	148	145
	149	146
	150	147
	151	148
	152	149
	153	150
	154	151
	155	152
	156	153
	157	154
	158	155
	159	156
	160	157
	161	158
	162	159
	163	160
	164	161
	165	162
	166	163
	167	164
	168	165
	169	166
	170	167
	171	168
	172	169
	173	170
	174	171
	175	172
	176	173
	177	174
	178	175
	179	176
	180	177
	181	178
	182	179
	183	180
	184	181
	185	182
	186	183
	187	184
	188	185
	189	186
	190	187
	191	188
	192	189
	193	190
	194	191
	195	192
	196	193
	197	194
	198	195
	199	196
	200	197
	201	198
	202	199
	203	200
	204	201
	205	202
	206	203
	207	204
	208	205
	209	206
	210	207
	211	208
	212	209
	213	210
	214	211
	215	212
	216	213
	217	214
	218	215
	219	216
	220	217
	221	218
	222	219
	223	220
	224	221
	225	222
	226	223
	227	224
	228	225
	229	226
	230	227
	231	228
	232	229
	233	230
	234	231
	235	232
	236	233
	237	234
	238	235
	239	236
	240	237
	241	238
	242	239
	243	240
	244	241
	245	242
	246	243
	247	244
	248	245
	249	246
	250	247
	251	248
	252	249
	253	250
	254	251
	255	252
	256	253
	257	254
	258	255
	259	256
	260	257
	261	258
	262	259
	263	260
	264	261
	265	262
	266	263
	267	264
	268	265
	269	266
	270	267
	271	268
	272	269
	273	270
	274	271
	275	272
	276	273
	277	274
	278	275
	279	276
	280	277
	281	278
	282	279
	283	280
	284	281
	285	282
	286	283
	287	284
	288	285
	289	286
	290	287
	291	288
	292	289
	293	290
	294	291
	295	292
	296	293
	297	294
	298	295
	300	296
	301	297
	302	298
	303	299
	304	300
	305	301
	306	302
	307	303
	308	304
	309	305
	310	306
	311	307
	312	308
	313	309
	314	310
	315	311
	316	312
	317	313
	318	314
	319	315
	320	316
	321	317
	322	318
	323	319
	324	320
	325	321
	326	322
	327	323
	328	324
	329	325
	330	326
	331	327
	332	328
	333	329
	334	330
	335	331
	336	332
	337	333
	338	334
	339	335
	363	336
	366	338
	367	339
	368	340
	369	341
	374	345
	375	346
	376	347
	378	349
	379	350
	380	350
	382	350
	386	355
	387	356
	388	357
	390	359
	391	360
	392	361
	393	361
	395	361
	397	363
	401	369
	402	370
	403	371
	404	372
	406	374
	408	377
	412	382
	413	383
	414	384
	415	385
	417	387
	421	392
	422	393
	423	393
	425	393
	429	397
	430	398
net/minecraft/client/multiplayer/LegacyServerPinger	78	72
	64	59
	65	60
	66	61
	68	62
	72	66
	73	67
	77	71
	78	72
	21	22
	22	23
	23	24
	27	28
	28	29
	30	32
	31	33
	35	34
	36	35
	37	36
	38	37
	39	38
	40	39
	41	40
	42	41
	43	42
	44	43
	46	44
	47	45
	48	46
	49	47
	51	49
	55	52
	57	53
	58	54
	59	55
	61	56
	62	57
	63	58
net/minecraft/client/resources/metadata/gui/package-info	0	0
net/minecraft/client/multiplayer/LevelLoadStatusManager	43	43
	33	33
	36	36
	40	40
	41	41
	43	43
	15	17
	16	18
	17	19
	18	20
	21	23
	25	25
	26	26
	28	27
	29	28
net/minecraft/client/gui/components/WidgetSprites	18	21
	16	19
	18	21
	7	10
	8	11
	11	14
	12	15
	15	18
net/minecraft/client/multiplayer/prediction/package-info	0	0
net/minecraft/client/gui/spectator/categories/TeleportToTeamMenuCategory	130	133
	64	68
	130	133
	68	72
	77	82
	78	83
	79	84
	80	85
	83	88
	84	90
	85	91
	88	92
	89	93
	93	97
	94	98
	33	34
	97	100
	34	35
	98	101
	35	36
	99	102
	38	41
	104	108
	105	109
	43	47
	109	113
	48	52
	114	118
	116	119
	53	57
	117	120
	54	58
	118	121
	119	122
	120	123
	58	62
	123	126
	124	127
	125	128
	126	129
	63	67
com/mojang/realmsclient/dto/WorldTemplatePaginatedList	65	60
	65	60
	43	35
	47	39
	48	40
	50	43
	19	25
	51	44
	52	45
	53	46
	22	28
	54	48
	23	29
	55	49
	24	30
	25	31
	26	32
	59	53
	60	54
	61	55
	62	56
	63	57
net/minecraft/client/renderer/block/model/ItemTransforms	96	112
	25	27
	26	36
	29	39
	30	40
	31	41
	32	42
	33	43
	34	44
	35	45
	36	46
	37	47
	40	59
	41	60
	42	61
	43	62
	44	63
	45	64
	46	65
	47	66
	48	67
	51	70
	52	71
	53	72
	54	73
	55	74
	56	75
	57	76
	58	77
	59	78
	60	79
	65	84
	71	90
	73	91
	74	92
	75	93
	76	94
	78	97
	79	98
	80	99
	81	100
	83	103
	84	104
	85	105
	86	106
	88	107
	92	111
	93	112
	94	112
	96	112
net/minecraft/client/CommandHistory	57	95
	33	52
	36	55
	37	56
	38	57
	40	60
	41	61
	43	63
	46	74
	47	70
	48	71
	49	72
	51	89
	52	90
	54	92
	25	26
	57	95
	26	27
	27	33
	28	32
	29	48
	30	49
net/minecraft/client/sounds/SoundEventListener	0	0
net/minecraft/client/quickplay/QuickPlayLog	118	122
	64	56
	66	60
	67	61
	68	62
	72	65
	73	66
	74	68
	75	69
	77	71
	78	72
	79	73
	80	74
	82	76
	83	77
	84	82
	28	30
	32	34
	96	118
	97	119
	101	122
	106	99
	107	100
	44	43
	108	101
	45	44
	109	102
	110	104
	48	47
	49	47
	114	87
	51	47
	115	88
	116	89
	117	90
	118	92
	55	51
	56	52
	59	55
	60	80
	61	82
net/minecraft/client/particle/WaterDropParticle	73	71
	66	65
	67	66
	71	69
	72	70
	73	71
	10	13
	11	14
	12	15
	13	16
	15	17
	16	18
	18	19
	19	20
	23	24
	28	29
	29	30
	30	31
	32	32
	33	33
	34	58
	37	35
	38	36
	39	37
	40	38
	41	39
	43	40
	44	41
	45	42
	47	45
	48	46
	51	49
	52	50
	53	51
	54	52
	57	54
	58	55
	60	58
net/minecraft/client/renderer/block/model/BlockModel	421	416
	257	258
	262	263
	263	263
	264	264
	265	265
	266	266
	268	263
	270	270
	274	274
	278	278
	282	282
	283	283
	284	284
	285	285
	286	286
	287	287
	288	288
	289	289
	290	290
	294	294
	295	295
	297	296
	303	306
	305	307
	306	308
	308	309
	309	310
	311	311
	312	312
	313	313
	314	314
	317	317
	319	318
	320	319
	321	320
	324	323
	325	324
	329	328
	330	329
	331	330
	332	330
	333	331
	336	335
	340	339
	86	82
	342	340
	344	341
	345	342
	90	86
	346	344
	347	345
	94	98
	95	99
	351	349
	96	100
	97	101
	98	102
	99	103
	355	353
	100	104
	356	354
	101	105
	358	356
	359	357
	104	108
	360	358
	105	108
	362	360
	108	108
	367	366
	112	112
	113	113
	115	115
	116	115
	372	371
	373	371
	118	115
	375	371
	122	120
	123	121
	379	375
	125	123
	381	376
	126	123
	382	377
	383	378
	128	123
	386	382
	132	128
	136	132
	392	415
	393	416
	140	136
	141	136
	398	300
	143	136
	148	141
	149	143
	150	144
	408	394
	153	147
	409	395
	154	148
	156	151
	412	398
	413	399
	414	400
	161	156
	417	404
	163	158
	165	158
	421	408
	166	159
	167	160
	169	161
	170	162
	173	165
	174	166
	175	172
	178	175
	179	176
	180	177
	183	180
	184	184
	186	181
	189	158
	192	187
	193	188
	194	189
	195	192
	197	190
	198	192
	199	193
	203	197
	207	201
	209	202
	210	203
	213	205
	215	207
	216	208
	217	209
	218	210
	220	211
	221	212
	223	214
	228	222
	232	229
	236	235
	240	239
	241	240
	244	243
	246	246
	247	247
	248	248
	249	249
	252	252
	253	253
	254	254
	255	255
net/minecraft/client/gui/components/ImageButton	28	31
	16	19
	17	20
	18	21
	21	24
	22	25
	26	29
	27	30
	12	15
	28	31
	13	16
net/minecraft/client/gui/screens/inventory/JigsawBlockEditScreen	261	243
	256	239
	258	240
	259	241
	261	243
	53	50
	54	51
	55	52
	58	55
	59	56
	60	57
	63	60
	64	61
	67	66
	68	68
	69	69
	70	70
	71	71
	72	72
	74	74
	75	75
	77	78
	81	82
	82	83
	83	84
	88	89
	89	89
	93	90
	97	94
	98	95
	102	99
	103	100
	104	101
	105	102
	106	103
	108	104
	109	105
	110	106
	111	107
	112	108
	114	109
	115	110
	116	111
	117	112
	118	113
	120	114
	121	115
	122	116
	123	117
	125	118
	126	119
	127	120
	128	121
	129	122
	131	123
	132	124
	133	125
	134	126
	135	127
	137	128
	138	129
	139	132
	140	133
	141	134
	143	136
	144	137
	145	138
	147	139
	149	141
	150	142
	154	146
	155	147
	159	151
	160	152
	163	156
	165	158
	167	159
	168	160
	169	161
	171	163
	172	165
	173	166
	174	167
	178	171
	179	172
	183	176
	184	177
	187	180
	191	184
	192	185
	193	186
	194	187
	195	188
	196	189
	200	193
	201	194
	202	195
	203	196
	204	197
	205	198
	206	199
	207	200
	209	201
	211	202
	212	203
	213	204
	214	205
	215	206
	216	207
	217	208
	218	209
	219	210
	220	211
	224	215
	225	216
	228	217
	229	220
	230	221
	233	218
	238	227
	240	228
	241	229
	243	230
	244	231
	246	232
	247	233
	249	234
	250	235
	252	236
	253	237
	255	238
com/mojang/realmsclient/gui/screens/RealmsConfirmScreen	36	37
	32	34
	18	20
	34	35
	19	21
	35	36
	20	22
	36	37
	21	23
	22	24
	26	28
	27	29
	28	30
net/minecraft/client/renderer/block/model/multipart/Condition	12	14
	11	13
	12	14
com/mojang/realmsclient/RealmsMainScreen	1291	1304
	1024	785
	1025	787
	1026	789
	1027	791
	1028	792
	1029	794
	1030	795
	1031	797
	1035	804
	1036	805
	1046	1109
	1047	1110
	1048	1111
	1050	1113
	1054	1117
	1055	1118
	1057	1119
	1059	1120
	1060	1121
	1061	1122
	1062	1123
	1063	1124
	1065	1127
	1067	1128
	1069	1129
	1070	1130
	1071	1131
	1075	1135
	1089	1175
	1090	1176
	1091	1177
	1092	1178
	1093	1179
	1094	1180
	1096	1182
	1100	1186
	1101	1187
	1103	1188
	1104	1189
	1105	1202
	1108	1191
	1111	1192
	1113	1193
	1114	1194
	1115	1195
	1116	1196
	1118	1197
	1120	1198
	1121	1199
	1123	1202
	1126	1205
	1127	1206
	1129	1207
	1130	1208
	1131	1209
	1132	1210
	1133	1211
	1135	1213
	1138	1216
	1139	1217
	1140	1218
	1142	1219
	1143	1220
	1144	1221
	1145	1222
	1147	1226
	1149	1228
	1152	1231
	1153	1232
	1154	1233
	1155	1234
	1156	1235
	1157	1237
	1158	1238
	1159	1239
	1161	1242
	1162	1243
	1163	1246
	1166	1250
	1170	1254
	1171	1255
	1172	1256
	1175	1259
	1176	1260
	1177	1261
	1178	1262
	1182	1266
	1183	1267
	1184	1268
	1185	1269
	1186	1270
	1188	1273
	1190	1276
	1195	1281
	1196	1282
	1197	1283
	1198	1284
	1199	1287
	1200	1288
	1201	1289
	1204	1293
	184	168
	185	169
	1209	1298
	186	170
	1210	1299
	187	171
	1212	1300
	191	175
	193	176
	1217	1304
	195	177
	196	179
	198	181
	1222	729
	199	182
	200	183
	201	184
	202	193
	1226	733
	205	185
	1230	737
	207	186
	1231	738
	208	187
	1232	739
	209	188
	1233	740
	210	189
	211	190
	1235	741
	213	193
	1237	742
	214	194
	1238	743
	216	195
	217	196
	218	197
	220	198
	221	199
	222	200
	224	201
	225	202
	226	205
	227	206
	228	207
	229	208
	232	212
	233	213
	1258	987
	235	214
	1259	988
	236	215
	237	216
	238	217
	1262	991
	240	219
	242	221
	1266	995
	243	222
	1267	996
	246	225
	1271	1000
	1272	1001
	1273	1002
	251	230
	1275	1004
	252	231
	253	232
	1278	1007
	255	234
	1279	1008
	259	238
	260	239
	263	242
	264	243
	1289	856
	266	245
	1290	857
	1291	858
	268	247
	271	250
	272	262
	274	251
	275	252
	277	255
	278	256
	279	258
	280	260
	281	262
	284	265
	285	266
	286	267
	288	268
	289	269
	290	270
	291	271
	293	272
	294	274
	295	277
	296	280
	299	283
	303	287
	305	288
	306	289
	307	290
	308	291
	310	292
	311	293
	313	294
	314	295
	315	296
	317	297
	321	301
	322	302
	324	303
	325	304
	326	305
	327	306
	328	307
	330	310
	331	311
	333	312
	337	316
	338	317
	340	318
	342	319
	343	320
	345	321
	349	325
	350	326
	351	327
	352	328
	353	329
	354	330
	355	331
	358	334
	359	335
	363	339
	367	343
	371	347
	376	352
	378	353
	379	354
	381	356
	384	359
	385	360
	388	363
	389	364
	392	367
	393	368
	395	370
	398	373
	400	374
	401	375
	402	376
	404	377
	406	378
	407	380
	408	381
	409	382
	412	386
	413	387
	414	388
	416	390
	418	391
	419	392
	420	393
	422	395
	423	396
	424	397
	425	398
	426	399
	427	400
	428	401
	434	406
	435	407
	437	409
	439	410
	440	411
	441	412
	442	413
	443	414
	445	416
	447	417
	449	418
	451	419
	452	420
	453	421
	454	422
	455	423
	457	424
	461	428
	462	430
	463	431
	464	432
	468	436
	469	437
	470	438
	471	439
	472	440
	474	442
	481	445
	482	446
	484	448
	485	449
	486	450
	488	452
	489	453
	490	454
	492	456
	495	459
	496	460
	498	462
	499	463
	500	464
	502	465
	506	469
	507	470
	510	473
	512	475
	513	476
	516	480
	518	482
	520	485
	521	486
	522	487
	526	491
	527	492
	528	493
	531	496
	532	499
	533	500
	534	501
	535	502
	536	504
	537	505
	539	508
	540	509
	542	497
	547	515
	548	516
	549	517
	550	518
	551	519
	554	522
	555	523
	556	524
	558	526
	559	527
	562	530
	564	532
	565	533
	566	534
	570	538
	574	542
	575	543
	576	544
	577	545
	579	547
	582	550
	583	551
	585	553
	588	556
	589	557
	590	558
	591	558
	594	560
	598	564
	599	564
	601	564
	605	568
	609	571
	610	572
	611	573
	612	574
	613	575
	614	576
	616	578
	617	579
	619	580
	620	581
	623	584
	624	585
	625	586
	627	588
	628	589
	629	590
	630	591
	633	594
	634	595
	635	596
	639	600
	640	601
	641	602
	642	603
	648	609
	650	610
	651	611
	654	614
	655	615
	658	618
	659	620
	660	623
	662	625
	665	628
	666	629
	669	632
	670	633
	673	636
	674	637
	675	638
	676	639
	678	642
	680	644
	681	647
	682	650
	683	651
	686	656
	687	659
	688	660
	689	663
	690	663
	691	666
	693	670
	695	674
	696	677
	697	680
	698	680
	699	684
	700	685
	703	690
	704	692
	705	693
	706	694
	710	698
	713	701
	715	701
	716	701
	717	702
	718	703
	719	704
	720	704
	721	704
	723	705
	726	708
	727	709
	728	710
	729	711
	730	712
	731	713
	732	714
	733	715
	734	716
	738	1142
	739	1143
	743	1146
	744	1147
	745	1148
	749	1152
	754	1157
	759	719
	763	723
	764	724
	766	725
	777	881
	778	882
	779	883
	780	884
	781	885
	782	886
	783	887
	784	888
	785	896
	786	897
	787	899
	788	900
	790	901
	793	905
	794	906
	796	908
	799	911
	800	912
	801	913
	803	915
	806	918
	807	919
	808	920
	810	921
	811	922
	812	923
	813	924
	814	925
	816	927
	819	930
	820	931
	821	932
	822	933
	824	935
	826	937
	829	940
	833	944
	837	948
	841	952
	845	956
	849	960
	868	1026
	869	1027
	871	1028
	872	1029
	873	1030
	874	1031
	875	1032
	876	1033
	877	1038
	878	1039
	879	1043
	881	1050
	883	1053
	884	1054
	888	1058
	889	1058
	891	1058
	895	1062
	896	1063
	897	1064
	899	1066
	902	1069
	903	1070
	904	1071
	905	1072
	906	1073
	910	1077
	911	1078
	912	1079
	916	1083
	917	1084
	919	1085
	920	1086
	924	1090
	925	1091
	927	1094
	932	1099
	939	865
	943	869
	951	817
	952	818
	956	822
	957	823
	962	828
	963	828
	965	828
	970	833
	971	834
	972	835
	976	839
	977	840
	978	841
	982	845
	994	753
	995	754
	996	755
	1000	759
	1002	760
	1003	761
	1004	762
	1005	765
	1006	766
	1010	770
	1011	771
	1016	776
	1017	777
	1018	778
	1020	780
net/minecraft/client/gui/screens/DisconnectedScreen	84	82
	65	64
	67	65
	68	66
	69	67
	70	68
	74	72
	75	73
	79	77
	84	82
	26	27
	27	28
	30	31
	31	32
	34	35
	35	36
	38	39
	39	40
	40	41
	41	42
	42	43
	46	47
	47	48
	48	49
	50	50
	51	51
	52	53
	55	54
	56	56
	57	56
	60	58
	61	59
	63	61
net/minecraft/client/gui/screens/multiplayer/package-info	0	0
net/minecraft/client/gui/spectator/RootSpectatorMenuCategory	26	28
	16	18
	17	19
	21	23
	26	28
	15	17
com/mojang/blaze3d/platform/GlUtil	31	32
	16	17
	19	20
	23	24
	11	12
	27	28
	15	16
	31	32
net/minecraft/client/gui/screens/worldselection/package-info	0	0
net/minecraft/client/model/BlazeModel	108	106
	21	22
	22	23
	23	24
	24	25
	25	26
	28	29
	32	33
	33	34
	35	35
	36	35
	37	35
	42	36
	43	37
	44	37
	46	39
	47	40
	48	41
	49	42
	50	43
	51	44
	54	47
	55	49
	56	50
	57	51
	58	52
	59	53
	60	54
	63	57
	64	59
	65	60
	66	61
	67	62
	68	63
	69	64
	72	67
	77	72
	82	77
	83	79
	84	80
	85	81
	86	82
	87	83
	90	86
	91	88
	92	89
	93	90
	94	91
	95	92
	98	95
	99	97
	100	98
	101	99
	102	100
	103	101
	106	104
	107	105
	108	106
net/minecraft/client/renderer/texture/Tickable	0	0
com/mojang/realmsclient/dto/WorldDownload	31	31
	18	19
	19	20
	21	21
	24	24
	25	25
	26	26
	27	27
	28	28
	31	31
net/minecraft/client/tutorial/OpenInventoryTutorialStep	49	45
	32	28
	33	29
	36	32
	40	36
	41	37
	42	38
	44	40
	48	44
	49	45
	18	18
	19	19
	23	23
	25	24
	26	25
	27	32
	30	27
	31	27
net/minecraft/client/resources/metadata/gui/GuiMetadataSection	13	14
	11	13
	12	13
	13	14
net/minecraft/client/particle/SuspendedParticle	113	110
	64	66
	68	69
	71	72
	74	75
	75	76
	76	77
	77	78
	14	15
	15	16
	16	17
	18	18
	19	19
	20	20
	85	46
	22	21
	86	47
	23	22
	24	23
	90	50
	27	26
	91	51
	28	27
	92	52
	29	28
	93	53
	94	54
	31	29
	95	55
	32	30
	96	56
	33	31
	35	32
	36	33
	37	34
	104	102
	41	38
	105	103
	109	106
	110	107
	111	108
	48	87
	112	109
	49	88
	113	110
	53	91
	54	92
	55	93
	63	65
net/minecraft/client/renderer/entity/EvokerFangsRenderer	54	48
	32	30
	35	33
	37	34
	38	35
	39	36
	40	37
	41	38
	43	39
	45	40
	46	41
	47	42
	49	43
	50	45
	19	21
	21	22
	22	23
	54	48
	26	26
	27	27
	28	45
	30	28
	31	29
net/minecraft/client/renderer/blockentity/SpawnerRenderer	49	52
	34	37
	35	38
	36	39
	37	40
	38	41
	39	42
	42	45
	43	46
	44	47
	45	48
	46	49
	47	50
	48	51
	17	20
	49	52
	18	21
	22	24
	23	25
	24	32
	26	26
	27	27
	28	28
	29	29
	31	32
com/mojang/realmsclient/dto/Ops	27	31
	17	20
	18	21
	19	22
	20	23
	21	24
	22	25
	25	28
	27	31
	14	16
	15	17
com/mojang/realmsclient/dto/ValueObject	31	34
	16	18
	20	23
	21	24
	22	25
	26	29
	11	12
	27	30
	12	14
	13	15
	15	17
	31	34
net/minecraft/client/multiplayer/chat/report/ReportingContext	77	81
	65	69
	69	73
	70	74
	73	77
	77	81
	24	25
	25	26
	26	27
	27	28
	30	31
	31	32
	32	33
	36	37
	37	38
	38	39
	39	42
	40	43
	41	44
	43	46
	45	48
	46	49
	47	50
	48	51
	49	52
	52	56
	54	58
	57	61
	61	65
com/mojang/realmsclient/dto/GuardedSerializer	21	23
	16	18
	21	23
	12	14
net/minecraft/client/resources/PlayerSkin	37	48
	32	41
	37	48
	22	25
	23	26
	26	29
	28	30
	30	39
	31	40
net/minecraft/client/resources/MobEffectTextureManager	19	20
	17	20
	18	20
	19	20
	13	16
	14	17
net/minecraft/client/renderer/entity/ElderGuardianRenderer	23	25
	18	20
	19	21
	23	25
	13	16
	14	17
net/minecraft/client/model/PhantomModel	100	91
	26	27
	27	28
	28	29
	29	30
	30	31
	31	32
	32	33
	33	34
	34	35
	37	38
	38	39
	40	40
	41	41
	42	41
	43	41
	45	43
	46	44
	47	44
	48	44
	50	46
	51	47
	52	47
	53	47
	55	49
	56	51
	57	51
	58	52
	60	54
	61	56
	62	56
	63	57
	65	59
	66	61
	67	61
	68	62
	70	64
	71	66
	72	66
	73	67
	75	69
	76	71
	77	71
	78	72
	81	74
	86	79
	91	83
	92	84
	93	85
	94	86
	95	87
	96	88
	98	89
	99	90
	100	91
net/minecraft/client/gui/layouts/LayoutSettings	168	147
	128	113
	129	114
	67	61
	134	118
	139	122
	79	74
	144	126
	145	127
	82	77
	146	128
	83	78
	84	79
	85	80
	86	81
	87	82
	151	132
	88	83
	152	133
	92	86
	157	137
	158	138
	97	90
	163	142
	102	94
	39	33
	103	94
	104	94
	168	147
	105	94
	43	37
	110	98
	47	41
	111	99
	51	45
	116	103
	117	104
	55	49
	122	108
	59	53
	123	109
net/minecraft/client/renderer/entity/PillagerRenderer	20	21
	16	18
	20	21
	13	16
	15	17
net/minecraft/client/particle/MobAppearanceParticle	61	58
	34	36
	39	41
	40	42
	41	43
	43	44
	45	45
	46	46
	48	47
	49	48
	51	49
	52	50
	53	51
	55	52
	56	53
	26	28
	27	29
	28	30
	29	31
	61	58
	30	32
net/minecraft/client/resources/metadata/animation/VillagerMetaDataSection	39	42
	35	16
	36	17
	20	34
	21	35
	39	20
	24	38
	28	42
	15	30
net/minecraft/client/gui/screens/social/PlayerSocialManager	83	85
	67	70
	71	74
	72	75
	74	76
	75	77
	77	79
	80	82
	81	83
	83	85
	25	27
	26	28
	27	29
	30	32
	31	33
	34	36
	35	37
	38	40
	42	44
	46	48
	47	49
	48	50
	51	53
	52	54
	55	57
	56	58
	58	60
	59	61
	63	66
net/minecraft/client/searchtree/SearchTree	25	28
	16	19
	19	21
	20	23
	21	24
	23	27
	25	28
	11	14
	15	18
net/minecraft/client/particle/SpitParticle	21	24
	16	20
	17	21
	21	24
	8	11
	9	12
	10	13
net/minecraft/client/renderer/texture/atlas/sources/SingleFile	45	48
	34	37
	35	38
	36	39
	37	40
	39	42
	41	44
	45	48
	19	21
	20	22
	21	23
	22	25
	28	31
	29	32
	30	33
net/minecraft/client/renderer/blockentity/BrushableBlockRenderer	69	76
	64	64
	65	67
	66	70
	67	73
	69	76
	19	22
	20	23
	24	26
	25	51
	27	27
	28	28
	29	51
	31	29
	32	30
	33	51
	36	31
	37	32
	38	51
	41	33
	42	34
	43	35
	45	36
	46	37
	47	38
	48	39
	49	40
	51	42
	53	44
	54	46
	55	51
	58	54
	60	55
	61	56
	62	58
	63	61
net/minecraft/client/gui/screens/worldselection/EditWorldScreen	205	173
	62	61
	63	62
	67	66
	68	67
	69	68
	71	69
	72	70
	73	71
	74	72
	75	73
	78	74
	79	75
	80	75
	81	75
	82	75
	83	76
	84	76
	85	76
	86	76
	89	77
	90	78
	91	78
	92	79
	93	80
	94	81
	95	81
	96	81
	97	81
	99	83
	100	83
	101	83
	103	83
	104	83
	106	84
	107	84
	108	85
	110	86
	111	87
	112	87
	113	87
	115	88
	116	88
	117	89
	118	90
	120	93
	121	94
	122	95
	124	98
	125	99
	126	99
	127	99
	129	100
	130	100
	131	100
	132	101
	133	102
	136	105
	137	106
	138	106
	139	106
	140	106
	143	107
	144	108
	146	110
	147	112
	151	116
	152	117
	156	121
	157	122
	161	126
	162	127
	163	128
	167	132
	168	133
	172	137
	173	138
	174	139
	175	140
	177	143
	178	144
	181	147
	182	148
	184	151
	185	152
	186	153
	189	156
	190	157
	191	158
	192	159
	193	160
	195	162
	196	163
	197	164
	198	165
	203	171
	204	172
	205	173
net/minecraft/client/renderer/texture/Stitcher	271	217
	256	197
	132	128
	260	206
	261	207
	134	128
	262	208
	135	128
	263	209
	264	210
	137	129
	267	213
	13	18
	271	217
	25	28
	26	29
	27	30
	155	144
	28	31
	156	145
	157	146
	158	147
	31	34
	159	148
	162	151
	35	38
	166	155
	39	42
	40	43
	41	44
	171	159
	44	47
	172	160
	45	48
	47	50
	175	162
	48	51
	176	163
	49	52
	179	164
	52	55
	180	200
	184	165
	186	166
	59	58
	187	167
	60	59
	62	61
	191	169
	192	170
	65	64
	195	171
	69	68
	197	172
	70	69
	198	173
	71	70
	200	174
	75	74
	87	78
	215	175
	88	79
	216	176
	89	80
	217	177
	90	81
	218	178
	219	179
	92	82
	93	83
	221	181
	222	182
	95	84
	96	85
	224	184
	99	87
	100	88
	102	90
	103	91
	106	93
	234	185
	235	186
	110	97
	112	98
	113	99
	116	102
	117	103
	246	187
	120	105
	121	106
	250	191
	251	192
	124	109
	252	193
	125	110
	127	111
net/minecraft/client/renderer/texture/atlas/sources/LazyLoadedImage	51	71
	32	37
	33	53
	34	54
	40	60
	44	64
	45	65
	46	66
	47	67
	48	68
	19	21
	51	71
	20	22
	21	23
	22	24
	25	27
	26	28
	27	29
	28	30
	29	31
	30	38
	31	36
net/minecraft/client/renderer/entity/layers/SpinAttackEffectLayer	64	58
	32	33
	64	58
	33	34
	36	37
	37	38
	38	39
	39	39
	40	39
	44	40
	49	44
	50	58
	53	45
	54	47
	55	48
	56	49
	57	50
	58	51
	59	52
	60	53
	29	31
	61	54
	62	55
	31	32
net/minecraft/client/particle/LavaParticle	64	64
	64	64
	9	12
	10	13
	11	14
	12	15
	13	16
	14	17
	15	18
	17	19
	19	20
	20	21
	24	25
	29	30
	31	31
	32	32
	33	33
	38	38
	39	39
	44	44
	45	45
	46	46
	47	47
	48	48
	51	51
	57	58
	58	59
	62	62
	63	63
net/minecraft/client/telemetry/TelemetryEventType	198	182
	194	178
	131	113
	195	179
	196	180
	198	182
	135	117
	136	119
	137	120
	139	123
	143	127
	148	131
	21	22
	22	23
	23	23
	152	135
	25	23
	156	139
	160	143
	164	147
	104	88
	105	89
	106	90
	107	91
	108	92
	109	93
	174	158
	175	159
	112	94
	176	160
	115	97
	179	163
	180	164
	119	101
	184	168
	185	169
	123	105
	189	173
	190	174
	127	109
net/minecraft/client/gui/screens/inventory/CyclingSlotBackground	61	60
	34	34
	35	35
	37	37
	40	40
	41	41
	42	51
	45	42
	46	43
	47	44
	48	45
	49	46
	51	49
	52	51
	55	54
	56	55
	25	25
	57	56
	26	26
	60	59
	29	29
	61	60
	30	30
	31	31
net/minecraft/client/resources/metadata/package-info	0	0
net/minecraft/client/model/SkullModel	63	54
	33	29
	37	33
	39	34
	40	36
	41	36
	42	36
	46	37
	50	41
	51	42
	20	21
	21	22
	22	23
	56	47
	25	26
	57	48
	26	27
	58	49
	28	28
	29	28
	30	28
	62	53
	63	54
net/minecraft/client/model/PiglinModel	153	136
	130	114
	131	115
	132	116
	133	117
	134	118
	135	119
	136	120
	140	123
	141	124
	142	128
	144	126
	145	128
	148	131
	149	132
	151	134
	153	136
	27	28
	35	29
	38	32
	40	33
	41	34
	42	35
	43	35
	46	37
	47	38
	48	38
	51	39
	55	43
	56	44
	57	46
	58	47
	59	49
	60	51
	61	53
	65	57
	66	59
	67	59
	68	60
	70	62
	71	64
	72	64
	73	65
	75	67
	79	70
	80	71
	81	72
	82	73
	84	74
	86	75
	87	76
	88	77
	89	78
	90	79
	92	80
	93	81
	95	82
	96	83
	97	84
	98	85
	99	86
	100	87
	101	88
	102	89
	104	90
	105	91
	107	92
	108	93
	110	94
	111	95
	112	96
	113	97
	114	98
	115	99
	116	100
	117	101
	118	102
	119	103
	120	104
	122	106
	123	107
	126	110
	127	111
net/minecraft/client/gui/narration/NarrationThunk	54	50
	34	35
	35	36
	39	39
	40	40
	43	42
	44	44
	47	43
	17	18
	18	19
	19	20
	52	49
	53	50
	22	23
	54	50
	26	27
	30	31
net/minecraft/client/gui/screens/options/LanguageSelectScreen	90	93
	64	61
	65	62
	67	65
	68	66
	72	71
	74	72
	75	73
	76	78
	77	80
	78	81
	79	82
	81	84
	83	86
	84	87
	86	89
	90	93
	29	25
	30	26
	31	27
	32	28
	36	32
	37	33
	42	37
	46	41
	47	42
	48	43
	49	44
	50	46
	51	48
	52	49
	56	53
	57	54
	58	55
	61	58
	62	59
	63	60
com/mojang/realmsclient/Unit	48	46
	34	31
	38	35
	39	36
	40	37
	42	39
	43	40
	44	41
	15	17
	16	18
	48	46
	20	21
	21	22
	23	23
	24	24
	25	25
	30	31
	31	31
net/minecraft/client/package-info	0	0
net/minecraft/client/resources/language/LanguageInfo	24	22
	17	13
	18	14
	19	15
	20	16
	21	18
	24	22
net/minecraft/client/particle/AshParticle	20	23
	16	20
	20	23
	8	11
	9	12
	15	19
net/minecraft/client/resources/sounds/UnderwaterAmbientSoundHandler	39	41
	32	34
	33	35
	34	36
	35	37
	36	38
	39	41
	18	21
	19	22
	20	23
	24	27
	26	28
	27	29
	28	30
	29	31
	30	32
	31	33
net/minecraft/client/gui/screens/debug/GameModeSwitcherScreen	256	237
	256	237
	129	75
	130	101
	133	76
	134	77
	135	78
	136	79
	137	80
	138	81
	140	82
	143	83
	146	84
	148	85
	149	86
	150	87
	152	88
	155	91
	157	93
	158	94
	160	95
	162	96
	163	97
	166	101
	42	161
	171	105
	43	162
	44	163
	45	164
	174	108
	175	109
	48	167
	49	168
	178	112
	179	118
	52	171
	182	113
	183	114
	56	175
	185	114
	186	115
	188	118
	60	179
	61	180
	62	181
	191	121
	63	182
	192	122
	64	183
	193	123
	195	124
	69	188
	198	126
	70	189
	71	190
	72	191
	73	192
	203	132
	204	133
	205	134
	206	135
	209	137
	214	143
	222	204
	223	205
	224	206
	100	47
	228	210
	229	211
	102	48
	103	49
	231	212
	104	50
	232	213
	234	215
	107	53
	108	54
	109	55
	110	56
	238	219
	239	220
	112	58
	243	224
	117	64
	119	65
	247	228
	248	229
	121	67
	122	68
	123	69
	251	232
	252	233
	125	71
	255	236
net/minecraft/client/gui/screens/recipebook/RecipeBookPage	218	201
	128	115
	132	119
	133	120
	135	121
	136	122
	139	125
	140	126
	142	128
	146	132
	151	137
	155	141
	156	142
	159	145
	160	146
	162	147
	163	148
	164	149
	165	150
	167	152
	170	155
	173	156
	174	157
	175	158
	176	159
	177	160
	178	161
	179	162
	180	163
	55	47
	183	165
	56	48
	184	166
	185	167
	58	50
	186	168
	187	169
	188	170
	61	53
	189	170
	62	54
	190	171
	64	56
	65	57
	193	175
	197	179
	71	60
	72	61
	73	62
	201	184
	74	63
	202	185
	75	64
	204	187
	78	67
	79	68
	207	190
	80	69
	83	72
	211	194
	84	73
	86	74
	87	75
	215	198
	216	199
	217	200
	90	78
	218	201
	91	79
	94	82
	95	84
	96	85
	98	86
	99	87
	101	88
	103	89
	105	91
	109	95
	110	96
	113	99
	114	100
	115	101
	118	104
	119	105
	120	106
	121	107
	124	110
	125	112
	126	113
	127	114
net/minecraft/client/renderer/entity/SalmonRenderer	42	41
	34	34
	35	35
	37	36
	38	37
	39	38
	40	39
	42	41
	15	18
	16	19
	20	22
	25	26
	27	27
	28	28
	29	29
	30	30
	31	31
net/minecraft/client/telemetry/events/WorldLoadEvent	72	72
	64	63
	65	64
	66	65
	68	68
	71	71
	72	72
	25	25
	26	26
	29	29
	30	30
	32	33
	33	34
	36	37
	37	38
	38	39
	40	41
	41	41
	43	41
	47	46
	48	56
	50	47
	51	48
	52	49
	53	50
	54	51
	56	53
	57	54
	62	61
	63	62
net/minecraft/client/multiplayer/prediction/BlockStatePredictionHandler	86	91
	65	69
	74	79
	75	80
	76	81
	77	82
	80	85
	81	86
	18	21
	19	24
	20	25
	85	90
	22	26
	86	91
	24	28
	27	31
	28	32
	29	33
	31	35
	32	36
	36	41
	37	43
	38	44
	39	45
	40	46
	41	47
	42	48
	44	49
	47	52
	50	55
	51	56
	52	57
	57	61
	58	62
	61	65
net/minecraft/client/multiplayer/chat/ChatTrustLevel	81	67
	67	54
	72	59
	73	60
	74	61
	75	62
	81	67
	25	25
	26	26
	29	29
	30	30
	33	32
	34	32
	37	32
	41	37
	42	38
	45	40
	46	41
	47	41
	50	41
	54	46
	55	46
	56	46
	58	46
	59	46
	63	50
net/minecraft/client/particle/SimpleAnimatedParticle	58	58
	15	16
	16	17
	17	18
	18	19
	19	20
	22	23
	23	24
	24	25
	25	26
	26	27
	27	28
	30	31
	31	32
	32	33
	33	34
	34	35
	38	39
	43	44
	44	45
	45	46
	46	47
	48	48
	49	49
	50	50
	51	51
	54	54
	58	58
net/minecraft/client/particle/DustParticle	25	29
	20	25
	21	26
	8	13
	25	29
	10	14
	11	15
	12	16
	13	17
	14	18
net/minecraft/client/multiplayer/chat/report/BanReason	52	50
	36	36
	39	41
	40	37
	41	39
	42	40
	43	42
	44	43
	45	44
	46	45
	47	46
	48	47
	49	48
	50	49
	51	50
	52	38
	27	27
	28	28
	31	31
net/minecraft/client/gui/screens/NoticeWithLinkScreen	112	84
	65	56
	66	57
	67	58
	68	58
	70	58
	72	58
	73	58
	75	59
	76	60
	78	60
	80	61
	81	62
	83	64
	84	64
	86	64
	88	64
	89	64
	92	65
	29	34
	30	35
	94	66
	31	36
	95	67
	32	37
	96	68
	33	38
	36	41
	100	72
	101	73
	102	74
	106	78
	45	45
	111	83
	112	84
	55	50
	57	51
	58	52
	60	53
	61	54
	63	55
net/minecraft/client/renderer/entity/layers/CustomHeadLayer	116	109
	41	41
	42	42
	45	47
	46	48
	47	49
	48	50
	49	51
	50	52
	51	53
	55	56
	56	57
	57	99
	60	58
	62	59
	63	60
	65	61
	67	62
	68	63
	69	64
	70	65
	71	66
	72	67
	75	70
	77	71
	78	72
	79	73
	80	74
	81	75
	84	78
	86	79
	87	80
	88	81
	89	82
	92	84
	93	85
	95	87
	97	90
	99	91
	100	92
	101	93
	103	94
	105	97
	106	99
	109	102
	110	103
	111	104
	112	105
	113	106
	114	107
	116	109
net/minecraft/client/renderer/debug/HeightMapRenderer	63	79
	26	28
	27	29
	31	33
	32	34
	34	35
	36	37
	37	38
	38	39
	39	41
	40	42
	41	43
	42	44
	43	46
	44	47
	45	48
	46	49
	47	50
	48	52
	54	70
	57	73
	58	74
	59	75
	60	76
	61	77
	62	78
	63	79
net/minecraft/client/renderer/entity/layers/CrossedArmsItemLayer	32	32
	32	32
	18	21
	19	22
	20	23
	24	26
	25	27
	26	28
	28	29
	29	30
	31	31
net/minecraft/client/particle/WhiteAshParticle	31	34
	16	19
	22	26
	23	27
	27	30
	12	15
	28	31
	13	16
	29	32
	14	17
	30	33
	15	18
	31	34
net/minecraft/client/renderer/entity/SquidRenderer	36	35
	32	32
	19	21
	36	35
	24	25
	25	26
	27	27
	28	28
	29	29
	14	17
	30	30
	15	18
	31	31
com/mojang/realmsclient/dto/WorldTemplate	40	44
	32	33
	33	34
	34	35
	35	36
	36	37
	37	40
	38	41
	40	44
	26	26
	28	29
	29	30
	30	31
	31	32
net/minecraft/client/multiplayer/chat/ChatLog	63	70
	34	39
	35	41
	36	42
	38	45
	42	49
	43	50
	12	17
	13	20
	14	21
	15	22
	47	54
	17	23
	51	58
	55	62
	25	30
	26	31
	59	66
	29	34
	30	35
	31	36
	63	70
net/minecraft/client/resources/package-info	0	0
com/mojang/realmsclient/util/LevelType	28	30
	19	21
	20	22
	21	23
	24	26
	28	30
com/mojang/realmsclient/gui/screens/RealmsPopups	36	34
	33	34
	34	34
	35	34
	36	34
	17	18
	18	19
	19	20
	20	21
	21	22
	25	26
	26	27
	27	28
	28	29
	29	30
net/minecraft/client/gui/narration/NarratedElementType	0	0
net/minecraft/client/gui/screens/inventory/tooltip/DefaultTooltipPositioner	33	31
	17	17
	33	31
	18	18
	19	19
	24	23
	25	24
	13	13
	29	27
	30	28
	31	29
net/minecraft/client/gui/components/ImageWidget	74	90
	32	34
	65	69
	66	70
	67	71
	36	38
	68	72
	69	73
	73	77
	42	44
	74	90
	15	17
	16	18
	49	52
	50	53
	19	21
	51	54
	23	25
	55	58
	56	59
	28	30
net/minecraft/client/renderer/entity/ShulkerBulletRenderer	65	54
	65	54
	35	34
	37	35
	38	36
	39	37
	41	38
	42	39
	43	40
	44	41
	46	42
	48	43
	50	44
	51	45
	53	46
	55	47
	24	25
	56	48
	25	26
	26	27
	58	49
	60	50
	61	51
	30	30
net/minecraft/client/gui/components/PlayerFaceRenderer	45	46
	33	35
	34	36
	36	38
	39	41
	40	42
	42	43
	43	44
	44	45
	45	46
	21	24
	22	25
	25	28
	26	29
	29	32
	30	33
	31	34
net/minecraft/client/multiplayer/SessionSearchTrees	110	122
	64	64
	65	71
	66	68
	67	70
	69	73
	70	75
	71	76
	72	78
	75	81
	79	85
	80	88
	81	89
	82	90
	83	90
	85	90
	86	92
	87	93
	88	95
	91	98
	95	102
	96	105
	97	106
	99	107
	100	112
	101	110
	102	111
	40	40
	104	114
	41	41
	105	116
	42	42
	106	117
	107	119
	45	45
	46	46
	110	122
	48	48
	51	51
	52	51
	53	52
	54	53
	58	57
	59	60
	60	61
	61	62
	62	63
net/minecraft/client/gui/screens/LevelLoadingScreen	131	116
	128	34
	129	35
	130	36
	131	37
	24	40
	25	41
	26	42
	30	46
	35	51
	40	56
	41	57
	42	58
	46	62
	47	63
	49	65
	52	67
	55	70
	60	75
	62	76
	63	77
	64	78
	65	79
	68	82
	69	83
	71	84
	73	85
	74	86
	75	87
	78	90
	80	91
	81	92
	83	93
	84	94
	86	95
	87	96
	89	97
	91	98
	93	99
	94	100
	95	101
	96	102
	97	103
	98	104
	106	107
	107	108
	108	109
	109	110
	110	111
	111	112
	114	115
	115	116
	118	24
	119	25
	120	26
	121	27
	122	28
	123	29
	124	30
	125	31
	126	32
	127	33
net/minecraft/client/multiplayer/chat/report/ReportType	17	20
	17	20
	13	16
	14	17
net/minecraft/client/telemetry/TelemetryEventInstance	19	24
	16	21
	19	24
	10	19
	11	14
	12	15
	13	16
	15	18
net/minecraft/client/renderer/entity/CamelRenderer	17	19
	17	19
	12	15
	13	16
net/minecraft/client/renderer/texture/TextureManager	233	228
	42	42
	43	43
	46	46
	47	47
	48	47
	49	47
	51	49
	53	51
	56	54
	59	55
	60	56
	61	57
	64	60
	65	61
	68	64
	70	65
	71	66
	72	67
	73	68
	75	71
	76	72
	79	75
	82	78
	84	79
	86	82
	87	83
	88	84
	91	88
	92	89
	96	93
	97	94
	98	95
	99	96
	100	97
	102	100
	103	101
	104	102
	105	103
	106	104
	107	105
	109	106
	114	111
	116	112
	117	113
	118	114
	121	117
	125	121
	130	125
	131	126
	132	127
	134	129
	136	132
	138	133
	139	134
	141	135
	145	139
	146	140
	147	141
	148	142
	150	144
	154	149
	155	150
	159	154
	160	155
	162	157
	165	160
	166	161
	167	162
	169	164
	173	167
	174	168
	175	169
	176	170
	177	171
	181	181
	183	182
	185	183
	186	184
	187	185
	188	188
	189	189
	190	190
	191	191
	192	192
	194	194
	200	198
	201	199
	203	200
	207	204
	208	205
	209	205
	210	205
	212	207
	214	209
	218	213
	219	214
	220	215
	221	216
	224	219
	225	220
	227	222
	228	223
	229	224
	232	227
	233	228
net/minecraft/client/gui/screens/inventory/AbstractContainerScreen	640	636
	512	507
	513	508
	514	509
	515	510
	517	512
	518	517
	519	518
	521	521
	526	526
	527	527
	530	530
	532	531
	536	535
	537	536
	538	537
	541	540
	545	544
	546	545
	547	546
	548	547
	550	548
	554	552
	555	553
	557	556
	558	557
	561	560
	562	561
	566	565
	567	566
	569	567
	570	568
	571	569
	574	571
	576	572
	577	573
	578	574
	579	575
	580	576
	583	580
	587	585
	588	586
	589	587
	590	588
	79	74
	80	75
	592	591
	81	76
	593	592
	82	77
	594	593
	83	78
	595	594
	84	79
	85	80
	86	81
	87	82
	600	599
	91	86
	92	87
	93	88
	605	604
	606	607
	608	605
	97	92
	609	607
	98	93
	100	94
	613	611
	102	95
	104	96
	105	97
	618	616
	107	98
	109	100
	621	617
	110	101
	622	620
	112	102
	624	618
	113	103
	626	622
	116	106
	117	107
	629	625
	119	108
	120	109
	121	110
	633	629
	122	111
	638	634
	127	116
	639	635
	640	636
	129	117
	131	118
	132	119
	133	120
	134	121
	136	122
	137	123
	138	124
	139	125
	141	126
	142	127
	145	131
	148	134
	149	135
	151	136
	152	137
	153	138
	156	141
	157	142
	158	143
	159	144
	161	145
	164	148
	166	149
	167	150
	171	154
	172	155
	173	156
	176	159
	177	160
	180	163
	181	164
	182	165
	184	167
	187	170
	191	174
	192	175
	193	176
	194	177
	195	178
	196	179
	199	182
	200	183
	201	184
	206	189
	207	190
	208	191
	209	192
	210	193
	211	194
	212	195
	214	196
	215	197
	216	198
	217	199
	218	200
	220	203
	221	204
	223	205
	224	206
	225	207
	226	208
	227	209
	228	210
	231	213
	233	215
	234	216
	238	220
	239	221
	240	222
	241	223
	242	224
	243	225
	244	226
	245	227
	249	231
	250	232
	251	233
	253	236
	254	237
	255	238
	257	240
	259	243
	261	246
	262	247
	265	250
	266	251
	267	266
	270	252
	271	253
	272	266
	275	255
	277	257
	278	258
	279	259
	280	260
	281	261
	282	262
	284	266
	288	270
	289	271
	290	272
	291	273
	294	277
	299	282
	300	283
	302	285
	303	286
	304	287
	305	288
	306	289
	308	290
	309	293
	310	294
	311	295
	313	296
	314	297
	315	298
	318	301
	319	302
	322	305
	323	306
	324	307
	327	310
	328	311
	329	312
	330	313
	331	314
	332	315
	334	317
	336	319
	337	320
	338	321
	339	322
	341	324
	342	329
	343	330
	344	331
	345	332
	346	333
	347	334
	349	337
	351	340
	353	342
	354	343
	355	344
	357	345
	358	346
	359	347
	360	348
	361	349
	362	350
	368	291
	371	357
	372	358
	373	359
	375	360
	379	365
	380	366
	381	367
	382	368
	384	371
	385	372
	386	373
	390	377
	393	380
	398	385
	399	386
	401	387
	402	388
	403	389
	404	390
	405	391
	407	393
	408	394
	410	395
	411	396
	412	397
	413	398
	414	399
	415	400
	416	401
	419	404
	420	405
	424	409
	425	416
	426	417
	429	420
	434	425
	435	426
	436	427
	437	428
	439	429
	440	430
	441	431
	444	434
	445	435
	448	438
	449	439
	450	440
	451	441
	452	442
	453	447
	458	452
	460	455
	461	456
	463	458
	464	459
	465	460
	466	461
	467	462
	468	465
	469	466
	470	467
	473	470
	474	471
	475	472
	476	473
	479	476
	481	477
	482	478
	483	479
	485	480
	486	481
	488	483
	489	484
	490	485
	491	486
	492	487
	493	488
	495	490
	496	491
	497	492
	498	493
	499	494
	500	495
	503	498
	505	500
	506	501
	508	503
	509	504
com/mojang/realmsclient/RealmsAvailability	85	86
	66	63
	71	70
	72	71
	75	74
	76	75
	80	79
	81	80
	82	81
	83	82
	84	84
	85	86
	29	28
	30	29
	32	32
	36	36
	37	37
	41	41
	42	42
	43	43
	48	44
	49	46
	51	49
	52	50
	54	52
	55	53
	57	54
	59	57
	60	58
	61	59
	63	60
net/minecraft/client/model/GhastModel	64	61
	64	61
	19	21
	21	23
	22	24
	24	26
	27	29
	31	33
	32	34
	34	35
	35	36
	36	36
	37	36
	40	38
	41	40
	42	41
	43	42
	44	43
	45	44
	46	45
	47	45
	48	45
	52	49
	57	54
	58	55
	60	57
net/minecraft/client/gui/screens/CreateFlatWorldScreen	146	137
	131	121
	132	122
	133	123
	136	126
	137	127
	138	129
	139	130
	142	133
	143	134
	144	135
	146	137
	40	39
	41	40
	42	41
	43	42
	44	43
	47	46
	51	50
	52	51
	56	55
	57	56
	59	57
	61	58
	62	59
	63	69
	65	60
	67	61
	68	62
	69	63
	70	64
	71	65
	72	66
	73	67
	74	69
	76	70
	77	71
	78	72
	79	73
	80	74
	82	75
	83	76
	84	77
	85	78
	86	79
	88	80
	89	81
	90	82
	91	83
	93	84
	94	85
	95	86
	98	89
	99	90
	102	93
	107	98
	108	99
	112	103
	113	104
	115	105
	116	106
	117	107
	118	108
	122	113
	124	115
	125	116
	127	118
net/minecraft/client/renderer/entity/LlamaRenderer	27	28
	16	19
	18	20
	19	21
	23	24
	24	25
	25	26
	26	27
	27	28
net/minecraft/client/tutorial/CraftPlanksTutorialStep	81	79
	64	61
	66	63
	70	67
	71	68
	73	70
	76	73
	77	74
	78	75
	81	79
	26	26
	27	27
	31	31
	33	32
	34	33
	35	55
	38	35
	39	36
	40	37
	41	38
	42	39
	43	40
	45	43
	46	44
	47	45
	52	50
	53	50
	54	51
	55	52
	58	55
	62	59
	63	60
net/minecraft/client/renderer/texture/atlas/sources/DirectoryLister	39	43
	32	36
	33	37
	34	38
	35	39
	39	43
	14	18
	15	19
	16	20
	17	22
	23	28
	24	29
	25	30
	29	34
	31	35
net/minecraft/client/renderer/entity/FrogRenderer	15	18
	10	14
	11	15
	15	18
com/mojang/realmsclient/dto/RealmsNews	26	27
	16	17
	19	20
	20	21
	21	22
	22	23
	23	24
	26	27
net/minecraft/client/multiplayer/TagCollector	44	47
	33	34
	34	35
	37	38
	38	39
	40	43
	41	44
	42	45
	44	47
	19	21
	20	22
	23	25
	25	26
	26	27
	29	30
	30	31
	31	32
net/minecraft/client/gui/components/ComponentRenderUtils	42	37
	32	33
	33	34
	35	35
	36	36
	38	37
	40	37
	42	37
	20	23
	24	27
	25	28
	26	29
	27	30
	30	32
net/minecraft/client/renderer/blockentity/BlockEntityRenderers	54	58
	15	34
	16	35
	17	36
	18	37
	19	38
	20	39
	21	40
	22	41
	23	42
	24	43
	25	44
	26	45
	27	46
	28	47
	29	48
	30	49
	31	50
	32	51
	33	52
	34	53
	35	54
	36	55
	37	56
	38	57
	39	58
	42	18
	43	19
	46	22
	47	23
	49	25
	50	26
	51	27
	53	29
	54	30
net/minecraft/client/renderer/blockentity/BlockEntityRendererProvider	56	69
	32	45
	36	49
	40	53
	44	57
	48	61
	52	65
	23	36
	24	37
	56	69
	25	38
	26	39
	27	40
	28	41
	29	42
net/minecraft/client/particle/DustPlumeParticle	34	37
	34	37
	11	14
	12	15
	13	16
	14	17
	15	18
	16	19
	20	23
	21	24
	22	25
	23	26
	29	33
	30	34
net/minecraft/client/renderer/entity/layers/CatCollarLayer	30	29
	18	20
	19	21
	20	22
	24	25
	25	29
	28	26
	29	27
	30	29
net/minecraft/client/gui/screens/reporting/ReportReasonSelectionScreen	164	165
	131	124
	136	129
	137	130
	141	136
	142	143
	143	144
	145	146
	149	150
	150	152
	151	153
	152	154
	157	159
	162	163
	163	164
	164	165
	45	42
	46	43
	47	44
	48	45
	49	46
	53	50
	54	51
	55	52
	56	53
	57	54
	58	55
	60	56
	61	57
	62	58
	63	59
	64	60
	65	61
	67	64
	68	65
	70	67
	71	69
	72	70
	76	74
	77	75
	78	76
	80	78
	84	82
	86	83
	87	84
	89	85
	91	86
	92	87
	93	88
	94	89
	95	90
	96	91
	98	92
	99	93
	101	94
	102	95
	104	97
	107	100
	111	104
	115	108
	119	112
	123	116
	127	120
net/minecraft/client/particle/TotemParticle	37	35
	32	31
	33	32
	37	35
	8	11
	10	12
	12	13
	13	14
	14	15
	16	16
	18	17
	19	18
	21	19
	22	20
	24	22
	26	24
com/mojang/realmsclient/util/task/DownloadTask	72	79
	64	71
	65	72
	66	56
	68	75
	72	79
	25	26
	26	27
	27	28
	28	29
	29	30
	33	33
	35	34
	37	38
	38	39
	40	42
	41	43
	42	44
	43	45
	45	48
	46	49
	47	50
	48	51
	49	52
	51	55
	52	57
	53	58
	54	59
	56	62
	57	63
	58	64
	59	65
	60	66
	61	67
	63	70
net/minecraft/client/resources/sounds/MinecartSoundInstance	59	58
	36	38
	41	43
	42	44
	43	58
	46	46
	47	47
	48	48
	50	49
	19	21
	51	50
	20	22
	52	51
	21	23
	22	24
	54	52
	23	25
	24	26
	56	54
	25	27
	57	55
	26	28
	27	29
	59	58
	31	33
net/minecraft/client/renderer/entity/layers/DolphinCarryingItemLayer	41	40
	32	32
	34	34
	37	37
	38	38
	40	39
	41	40
	18	21
	19	22
	20	23
	24	26
	26	27
	28	28
	29	29
	30	30
	31	31
net/minecraft/client/gui/screens/inventory/EnchantmentScreen	263	257
	257	252
	258	253
	259	254
	260	255
	262	256
	263	257
	62	65
	63	66
	67	70
	68	71
	69	72
	73	76
	74	77
	75	78
	79	82
	80	83
	81	85
	82	86
	83	87
	84	88
	85	88
	86	89
	87	90
	91	94
	96	99
	97	100
	98	101
	100	102
	102	103
	104	104
	106	106
	107	107
	108	108
	110	109
	111	110
	112	111
	113	112
	114	113
	117	115
	118	116
	119	117
	120	118
	122	119
	123	120
	124	121
	125	122
	126	123
	127	124
	128	125
	130	127
	131	128
	132	129
	133	130
	134	131
	135	132
	137	134
	139	137
	140	138
	141	139
	142	140
	144	143
	146	146
	149	149
	150	150
	152	151
	153	152
	154	153
	156	154
	157	155
	159	156
	160	157
	161	158
	162	159
	163	160
	165	161
	166	162
	168	163
	169	164
	170	165
	172	166
	173	167
	174	168
	175	169
	179	173
	180	174
	182	175
	183	176
	185	178
	186	179
	188	180
	189	185
	192	186
	194	187
	195	188
	196	189
	198	190
	200	193
	201	194
	202	195
	203	196
	206	199
	207	200
	209	202
	211	205
	214	207
	215	208
	217	210
	219	213
	223	217
	224	218
	227	222
	230	225
	232	226
	233	227
	235	230
	236	231
	239	234
	240	235
	241	236
	243	237
	244	239
	245	240
	246	241
	250	245
	251	246
	253	248
	255	251
net/minecraft/client/model/geom/PartPose	32	34
	16	18
	32	34
	17	19
	18	20
	19	21
	20	22
	21	23
	24	26
	28	30
	15	17
net/minecraft/client/telemetry/WorldSessionTelemetryManager	79	77
	65	63
	66	64
	67	65
	68	66
	71	69
	72	70
	73	71
	74	72
	75	73
	76	74
	77	75
	79	77
	27	27
	28	28
	29	29
	31	30
	32	31
	33	32
	34	33
	35	34
	38	37
	39	38
	42	41
	43	42
	44	43
	45	44
	48	47
	49	48
	50	49
	53	52
	54	53
	57	56
	58	57
	59	58
	61	60
net/minecraft/client/renderer/entity/HumanoidMobRenderer	20	22
	17	19
	18	20
	19	21
	20	22
	11	14
	12	15
	15	18
net/minecraft/client/gui/screens/AlertScreen	59	57
	34	35
	39	40
	41	41
	43	42
	44	43
	45	44
	47	45
	48	46
	52	50
	21	22
	53	51
	22	23
	54	52
	55	53
	25	26
	26	27
	27	28
	59	57
	28	29
	29	30
	30	31
net/minecraft/client/gui/layouts/SpacerElement	65	66
	65	66
	34	36
	35	37
	39	41
	40	42
	44	46
	14	16
	15	17
	49	51
	18	20
	19	21
	20	22
	21	23
	22	24
	54	56
	25	27
	59	61
	29	31
net/minecraft/client/renderer/block/model/BlockModelDefinition	174	168
	128	105
	132	109
	136	113
	142	139
	144	140
	145	141
	147	142
	148	145
	151	143
	155	150
	157	151
	158	152
	159	154
	160	155
	164	159
	169	164
	170	165
	44	128
	173	167
	174	168
	48	132
	49	133
	56	36
	60	40
	64	44
	65	45
	66	46
	70	49
	71	51
	72	52
	73	53
	74	54
	76	57
	79	60
	80	61
	82	63
	86	67
	91	72
	92	73
	93	74
	95	76
	100	81
	101	82
	103	83
	104	83
	105	84
	108	86
	113	91
	117	95
	122	100
	124	101
	125	102
net/minecraft/client/model/BookModel	101	82
	30	31
	31	32
	32	33
	33	34
	34	35
	35	36
	36	37
	37	38
	38	39
	41	42
	42	43
	44	44
	45	45
	46	45
	47	45
	49	47
	50	48
	51	48
	52	48
	54	50
	55	51
	56	51
	57	51
	59	53
	60	53
	61	53
	64	54
	65	54
	66	54
	69	55
	70	55
	71	56
	72	57
	74	58
	79	63
	80	64
	83	67
	84	68
	87	71
	89	72
	90	73
	91	74
	92	75
	94	76
	95	77
	97	78
	98	79
	99	80
	100	81
	101	82
net/minecraft/client/resources/metadata/animation/AnimationMetadataSectionSerializer	76	75
	65	66
	66	67
	67	68
	70	70
	76	75
	17	19
	18	20
	19	21
	20	22
	23	25
	25	27
	27	29
	28	30
	30	31
	31	32
	32	33
	35	36
	36	37
	40	41
	41	42
	43	43
	44	44
	46	47
	47	48
	50	51
	52	52
	57	57
	58	58
	59	59
	60	60
	61	61
	62	62
	63	63
com/mojang/blaze3d/platform/TextureUtil	145	135
	130	121
	131	122
	132	123
	133	124
	134	125
	137	128
	141	131
	145	135
	35	30
	37	31
	38	32
	39	33
	40	34
	41	35
	42	36
	45	38
	49	43
	50	44
	51	45
	54	48
	55	49
	58	52
	59	53
	62	56
	63	57
	66	60
	67	61
	69	62
	70	63
	71	64
	72	65
	73	66
	76	69
	77	70
	79	72
	82	75
	83	76
	84	77
	88	80
	89	81
	90	82
	92	83
	97	87
	99	90
	100	91
	101	92
	104	96
	105	97
	106	98
	107	99
	112	104
	113	105
	116	108
	117	109
	119	111
	120	112
	121	113
	123	115
	124	116
	126	117
	127	118
net/minecraft/client/model/ShieldModel	59	51
	32	34
	34	35
	35	35
	36	35
	39	36
	40	36
	41	36
	45	37
	49	41
	53	45
	24	26
	25	27
	26	28
	58	50
	27	29
	59	51
	28	30
	31	33
net/minecraft/client/model/geom/builders/package-info	0	0
net/minecraft/client/renderer/culling/Frustum	76	78
	66	68
	70	72
	71	73
	72	74
	73	75
	74	76
	75	77
	76	78
	18	21
	19	22
	22	25
	23	26
	24	27
	25	28
	26	29
	27	30
	28	31
	31	34
	32	35
	33	36
	34	37
	35	38
	36	40
	37	41
	45	48
	46	49
	47	46
	49	52
	53	56
	54	57
	55	58
	56	59
	59	62
	61	63
	62	64
	63	65
net/minecraft/client/model/RavagerModel	158	134
	25	26
	26	27
	27	28
	28	29
	29	30
	30	31
	31	32
	32	33
	33	34
	36	37
	37	38
	39	39
	40	40
	41	41
	42	41
	43	41
	45	43
	46	45
	47	45
	48	45
	49	46
	52	48
	53	50
	54	50
	55	51
	57	53
	58	55
	59	55
	60	56
	62	58
	63	59
	64	59
	65	59
	67	61
	68	63
	69	63
	70	63
	71	64
	73	66
	74	67
	75	67
	76	67
	78	69
	79	70
	80	70
	81	70
	83	72
	84	73
	85	73
	86	73
	88	75
	89	76
	90	76
	91	76
	94	78
	99	83
	104	87
	105	88
	107	89
	108	90
	109	91
	110	92
	111	93
	112	94
	116	97
	118	98
	119	99
	120	100
	121	101
	122	102
	123	103
	124	104
	125	105
	126	106
	127	107
	128	108
	129	109
	131	110
	132	111
	134	112
	135	113
	137	115
	140	118
	141	119
	142	120
	143	121
	144	122
	146	123
	147	124
	148	125
	150	126
	151	127
	152	128
	153	129
	154	130
	155	131
	158	134
net/minecraft/client/particle/WaterCurrentDownParticle	69	65
	67	63
	68	64
	69	65
	13	16
	15	17
	17	18
	19	19
	20	20
	21	21
	23	22
	24	23
	25	24
	26	25
	30	29
	35	34
	36	35
	37	36
	39	37
	40	38
	41	52
	44	40
	45	41
	46	42
	47	43
	48	44
	49	45
	51	46
	52	47
	55	50
	56	52
	62	59
	63	60
net/minecraft/client/model/dragon/DragonHeadModel	67	62
	65	60
	66	61
	67	62
	20	21
	21	22
	22	23
	25	26
	26	27
	28	28
	29	29
	30	31
	31	32
	32	33
	33	34
	34	35
	35	36
	36	37
	37	38
	38	39
	42	42
	43	43
	44	43
	45	43
	48	45
	53	50
	55	51
	56	52
	57	53
	61	57
	62	58
	63	59
net/minecraft/client/resources/sounds/ElytraOnPlayerSoundInstance	57	53
	17	17
	19	18
	20	19
	21	20
	22	21
	23	22
	27	26
	28	27
	29	51
	30	53
	33	28
	34	29
	35	30
	37	31
	38	32
	39	33
	41	35
	45	38
	46	39
	47	40
	48	41
	51	44
	52	45
	53	46
	55	48
	57	53
net/minecraft/client/multiplayer/AccountProfileKeyPairManager	154	171
	129	145
	130	146
	131	147
	132	148
	133	149
	135	149
	138	152
	142	157
	143	158
	144	171
	148	163
	149	164
	150	165
	152	166
	153	167
	154	168
	47	48
	48	49
	49	50
	53	54
	54	55
	55	56
	60	61
	61	62
	63	63
	67	67
	68	68
	69	69
	71	70
	73	73
	77	76
	78	77
	79	78
	80	79
	81	80
	82	81
	85	82
	86	85
	90	89
	91	90
	94	98
	95	114
	96	115
	97	116
	98	117
	104	124
	105	125
	106	126
	109	129
	110	141
	113	130
	114	141
	117	131
	119	133
	120	134
	121	135
	122	136
	124	138
	125	141
net/minecraft/client/renderer/entity/GhastRenderer	32	29
	32	29
	19	21
	20	21
	23	21
	28	25
	29	26
	14	17
	30	27
	15	18
	31	28
net/minecraft/client/renderer/debug/StructureRenderer	80	123
	64	108
	67	111
	69	112
	71	114
	72	115
	74	117
	78	121
	79	122
	80	123
	30	30
	31	31
	35	35
	36	36
	38	37
	40	38
	42	39
	43	40
	44	41
	45	43
	50	63
	51	64
	52	65
	53	66
	55	67
	56	68
	57	70
	59	88
net/minecraft/client/model/WardenModel	231	182
	41	40
	43	41
	44	42
	45	43
	46	44
	47	45
	48	46
	49	47
	50	48
	51	49
	52	50
	53	51
	54	52
	56	53
	57	54
	58	55
	59	56
	60	57
	63	60
	64	61
	66	62
	67	62
	68	62
	70	63
	71	64
	72	64
	73	64
	75	66
	76	67
	77	67
	80	69
	81	71
	82	71
	83	72
	86	74
	87	75
	88	75
	89	75
	92	77
	93	78
	94	78
	95	78
	98	80
	99	81
	100	81
	101	81
	104	83
	105	84
	106	84
	107	84
	110	86
	111	87
	112	87
	113	87
	116	89
	117	90
	118	90
	119	90
	122	92
	123	93
	124	93
	125	93
	128	95
	133	99
	135	100
	138	101
	139	102
	140	103
	141	104
	144	105
	145	106
	146	107
	147	108
	148	109
	149	110
	150	111
	153	114
	154	115
	155	116
	158	119
	159	120
	160	121
	163	122
	164	123
	166	124
	167	125
	168	126
	171	129
	172	130
	173	131
	174	132
	175	133
	177	134
	178	135
	180	136
	181	137
	183	138
	184	139
	186	140
	187	141
	189	142
	190	143
	192	144
	193	145
	196	148
	197	149
	198	150
	199	151
	201	152
	202	153
	203	154
	204	155
	205	156
	208	159
	209	160
	210	161
	211	162
	215	166
	219	170
	223	174
	227	178
	231	182
com/mojang/realmsclient/util/task/RestoreTask	69	76
	64	72
	69	76
	23	24
	24	25
	25	26
	26	27
	30	30
	31	31
	33	35
	34	36
	36	39
	37	40
	38	41
	39	42
	41	45
	42	46
	43	47
	44	48
	45	49
	47	52
	48	54
	49	55
	50	56
	52	59
	53	60
	54	61
	55	62
	56	63
	57	64
	59	67
	60	68
	61	69
	62	53
net/minecraft/client/gui/font/glyphs/BakedGlyph	81	81
	72	72
	73	73
	74	74
	75	75
	76	76
	77	77
	78	78
	79	79
	80	80
	81	81
	21	24
	22	25
	23	26
	24	27
	25	28
	27	29
	28	30
	29	31
	30	32
	31	33
	34	36
	35	37
	37	38
	38	39
	40	40
	41	41
	43	42
	44	43
	45	44
	46	45
	47	46
	50	49
	51	50
	52	51
	53	52
	54	53
	57	56
com/mojang/blaze3d/preprocessor/GlslPreprocessor	134	116
	128	111
	129	112
	130	113
	133	115
	134	116
	23	26
	24	27
	26	28
	27	29
	31	33
	33	34
	35	35
	36	36
	37	37
	38	39
	39	40
	43	41
	44	42
	45	43
	46	44
	49	47
	53	48
	55	49
	56	50
	57	51
	58	52
	59	53
	62	56
	63	57
	64	58
	67	59
	69	60
	70	61
	72	64
	75	66
	76	67
	80	70
	81	71
	83	72
	86	77
	87	78
	88	79
	90	82
	94	86
	95	87
	96	88
	98	89
	100	89
	102	89
	105	91
	109	96
	110	97
	111	98
	112	98
	113	98
	115	99
	119	103
	123	107
	124	108
	125	109
com/mojang/realmsclient/dto/RegionPingResult	25	26
	16	17
	17	18
	20	21
	25	26
	15	16
net/minecraft/client/renderer/texture/atlas/SpriteSourceList	80	102
	64	66
	65	67
	66	68
	70	72
	71	73
	72	75
	73	82
	74	80
	75	81
	76	97
	77	98
	80	102
	34	37
	35	38
	38	41
	39	42
	42	45
	43	46
	44	47
	46	49
	50	53
	51	55
	52	56
	53	57
	54	58
	55	59
	58	62
	61	64
	63	65
net/minecraft/client/gui/screens/inventory/tooltip/BelowOrAboveWidgetTooltipPositioner	30	30
	17	19
	18	20
	19	21
	22	22
	23	23
	11	14
	27	26
	12	15
	28	27
	30	30
net/minecraft/client/gui/components/tabs/TabManager	52	56
	32	34
	35	37
	36	38
	37	39
	39	42
	40	43
	41	44
	42	45
	44	48
	45	49
	48	52
	52	56
	22	24
	23	25
	24	26
	27	29
	28	30
	29	31
	30	32
net/minecraft/client/renderer/entity/BlazeRenderer	24	24
	19	20
	24	24
	14	16
	15	17
net/minecraft/client/renderer/blockentity/PistonHeadRenderer	76	85
	64	62
	67	65
	68	66
	70	67
	71	81
	76	85
	24	28
	25	29
	29	32
	30	33
	31	62
	33	34
	34	35
	35	36
	36	62
	39	37
	40	38
	41	39
	42	40
	44	41
	45	42
	46	43
	48	44
	49	45
	50	47
	51	48
	54	49
	55	50
	56	51
	57	52
	58	53
	60	55
	62	58
	63	59
net/minecraft/realms/package-info	0	0
net/minecraft/client/multiplayer/chat/package-info	0	0
com/mojang/realmsclient/gui/task/RepeatedDelayStrategy	40	42
	32	34
	37	39
	38	40
	39	41
	24	27
	40	42
	10	13
	15	18
	31	33
net/minecraft/client/model/ShulkerBulletModel	47	50
	35	38
	40	43
	45	48
	46	49
	47	50
	19	20
	20	21
	21	22
	24	25
	25	26
	27	27
	28	29
	29	30
	30	32
	31	34
net/minecraft/client/model/ModelUtils	14	19
	7	9
	8	11
	9	12
	11	15
	12	16
	14	19
net/minecraft/client/renderer/entity/RenderLayerParent	0	0
net/minecraft/client/resources/model/BlockModelRotation	73	70
	65	62
	34	34
	69	66
	39	40
	73	70
	45	44
	47	45
	49	46
	51	48
	52	49
	55	52
	56	53
	59	56
	60	57
	61	58
net/minecraft/client/gui/screens/social/PlayerEntry	287	272
	258	248
	259	249
	260	250
	261	251
	264	254
	265	255
	266	256
	268	257
	273	261
	274	262
	276	263
	277	264
	278	265
	279	266
	280	267
	281	268
	282	269
	283	270
	284	272
	285	272
	287	272
	91	86
	92	87
	93	88
	94	89
	96	90
	97	91
	98	92
	99	93
	101	94
	102	95
	104	96
	105	97
	106	98
	107	99
	108	100
	109	107
	110	108
	113	113
	116	116
	117	117
	118	118
	119	119
	120	120
	121	121
	122	122
	125	125
	128	128
	129	129
	130	130
	131	131
	132	132
	133	133
	136	136
	139	139
	140	140
	142	141
	143	142
	144	143
	145	144
	147	146
	149	148
	152	151
	153	152
	155	153
	157	153
	163	158
	164	159
	165	160
	168	161
	169	163
	170	164
	171	165
	173	167
	174	168
	175	169
	178	172
	180	173
	182	174
	183	175
	186	178
	187	179
	189	180
	190	181
	191	182
	192	183
	193	184
	194	185
	195	186
	196	187
	197	188
	199	189
	200	190
	204	194
	205	195
	207	197
	211	201
	216	206
	220	210
	224	214
	228	218
	232	222
	233	223
	236	226
	240	230
	241	231
	244	234
	248	238
	252	242
	253	243
	254	244
	255	245
com/mojang/blaze3d/vertex/PoseStack	137	131
	128	122
	132	126
	133	127
	137	131
	15	17
	16	18
	17	19
	18	20
	21	23
	22	24
	25	27
	26	28
	27	29
	30	32
	31	33
	34	34
	35	35
	36	36
	38	42
	41	39
	42	40
	43	42
	46	45
	47	46
	48	47
	49	48
	52	51
	53	52
	54	53
	55	54
	58	57
	59	58
	62	61
	63	62
	66	65
	70	69
	74	73
	75	74
	76	75
	77	76
	78	77
	81	80
	82	81
	83	82
	84	83
	86	84
	88	86
	91	89
	100	98
	101	99
	102	100
	105	103
	106	104
	107	105
	108	106
	111	109
	112	110
	113	111
	116	114
	124	118
net/minecraft/client/renderer/entity/ZombieRenderer	19	25
	16	22
	17	23
	19	25
	11	13
	12	14
	15	19
net/minecraft/client/gui/screens/multiplayer/ServerLinksScreen	104	104
	64	66
	66	67
	67	68
	71	72
	76	77
	77	78
	78	79
	79	80
	86	88
	87	88
	88	88
	89	89
	93	93
	94	94
	95	95
	34	34
	35	35
	99	99
	36	36
	37	37
	104	104
	41	41
	42	42
	43	43
	45	45
	46	47
	47	48
	51	52
	52	53
	53	54
	55	56
	59	60
	60	61
net/minecraft/client/KeyMapping	187	180
	130	130
	134	134
	135	135
	139	138
	140	139
	142	140
	146	144
	147	145
	148	145
	150	145
	155	149
	29	30
	30	31
	31	32
	159	153
	32	33
	33	34
	34	35
	35	36
	163	157
	36	37
	164	158
	166	159
	39	46
	40	47
	41	48
	170	163
	43	50
	46	53
	174	167
	47	54
	48	55
	50	57
	178	171
	54	60
	182	175
	55	61
	56	62
	186	179
	59	65
	187	180
	62	68
	63	69
	65	71
	68	74
	69	75
	70	76
	73	79
	76	82
	77	84
	78	85
	80	87
	90	90
	91	91
	94	94
	95	95
	96	96
	97	97
	99	98
	100	99
	101	100
	102	101
	105	104
	109	108
	113	112
	114	113
	116	115
	117	116
	121	121
	122	122
	123	123
	126	126
net/minecraft/client/renderer/blockentity/DecoratedPotRenderer	160	141
	128	116
	130	117
	131	118
	135	120
	136	121
	137	122
	142	127
	144	128
	145	129
	146	130
	148	131
	150	132
	151	133
	152	134
	153	135
	155	136
	156	137
	159	140
	160	141
	46	49
	47	50
	48	51
	49	52
	51	53
	52	54
	53	55
	54	56
	55	57
	56	58
	59	61
	60	62
	62	63
	63	64
	65	65
	66	67
	67	68
	68	70
	69	72
	72	74
	73	75
	74	76
	76	77
	80	81
	81	82
	83	83
	85	84
	86	85
	87	86
	88	87
	90	88
	94	92
	95	93
	96	94
	97	95
	100	99
	107	103
	109	104
	111	105
	112	106
	113	107
	115	108
	116	109
	117	110
	118	111
	121	112
	124	113
	125	114
	127	115
net/minecraft/client/gui/screens/worldselection/SwitchGrid	178	182
	128	142
	129	143
	131	144
	133	145
	134	146
	136	147
	137	148
	138	149
	139	150
	142	153
	143	155
	145	158
	148	162
	149	164
	150	165
	152	168
	154	169
	155	170
	156	171
	157	172
	158	173
	159	174
	160	175
	161	176
	162	177
	163	178
	36	51
	164	178
	37	52
	165	178
	166	179
	40	55
	168	182
	41	56
	44	59
	45	60
	46	61
	174	105
	175	106
	176	107
	50	65
	178	109
	51	66
	55	70
	56	71
	60	75
	61	75
	63	76
	64	77
	66	78
	67	79
	68	81
	69	82
	72	85
	73	86
	74	87
	75	88
	76	89
	80	93
	81	94
	88	30
	89	31
	92	34
	93	35
	96	38
	110	124
	111	125
	112	126
	113	127
	114	128
	117	131
	118	132
	122	136
	123	137
	127	141
net/minecraft/client/renderer/entity/layers/BreezeEyesLayer	29	28
	19	21
	20	22
	25	25
	26	26
	28	27
	29	28
net/minecraft/client/telemetry/events/PerformanceMetricsEvent	57	60
	18	21
	19	22
	21	24
	24	27
	25	28
	26	29
	27	30
	31	34
	32	35
	33	36
	34	37
	37	40
	38	41
	39	42
	40	43
	41	44
	45	48
	46	49
	47	50
	48	51
	49	52
	50	53
	51	54
	52	55
	53	56
	54	57
	57	60
net/minecraft/client/model/package-info	0	0
net/minecraft/client/gui/screens/recipebook/RecipeUpdateListener	0	0
net/minecraft/client/gui/screens/options/package-info	0	0
net/minecraft/client/model/MinecartModel	65	60
	65	60
	16	18
	17	19
	20	22
	21	23
	23	24
	24	25
	25	26
	26	27
	28	28
	29	30
	30	30
	31	31
	35	33
	36	35
	37	35
	38	36
	40	38
	41	40
	42	40
	43	41
	45	43
	46	45
	47	45
	48	46
	50	48
	51	49
	52	49
	53	49
	56	51
	61	56
com/mojang/realmsclient/dto/RealmsWorldResetDto	29	27
	24	22
	25	23
	26	24
	27	25
	28	26
	29	27
net/minecraft/client/gui/screens/multiplayer/ServerReconfigScreen	65	66
	65	66
	35	36
	36	37
	37	39
	38	40
	39	41
	40	43
	41	45
	42	46
	46	50
	47	51
	51	55
	53	56
	54	57
	55	58
	24	25
	25	26
	26	27
	60	61
	61	62
	30	31
	63	64
net/minecraft/client/gui/components/TabOrderedElement	5	9
	5	9
net/minecraft/client/gui/components/OptionsList	155	159
	129	131
	134	136
	142	145
	143	146
	144	147
	147	150
	151	156
	152	157
	153	158
	27	27
	155	159
	28	28
	29	29
	30	30
	33	33
	34	34
	37	37
	38	38
	39	39
	41	41
	44	44
	45	45
	47	47
	50	50
	51	51
	55	55
	60	60
	61	61
	62	62
	63	63
	64	64
	68	69
	72	73
	73	74
	74	75
	76	76
	77	77
	82	82
	85	85
	86	86
	87	87
	88	88
	92	93
	101	103
	102	104
	103	105
	106	108
	110	112
	111	113
	113	114
	118	119
	119	120
	120	122
	121	123
	122	124
	123	125
	125	127
net/minecraft/client/particle/AttackSweepParticle	55	55
	33	34
	34	35
	35	39
	38	37
	39	39
	11	13
	43	43
	12	14
	13	15
	14	16
	15	17
	16	18
	17	19
	18	20
	50	51
	19	21
	51	52
	20	22
	55	55
	24	26
	29	31
	30	32
	31	33
net/minecraft/client/User	79	81
	32	34
	65	68
	36	38
	70	72
	71	73
	40	42
	75	77
	44	46
	79	81
	48	50
	52	54
	23	25
	24	26
	56	58
	25	27
	26	28
	27	29
	28	30
	29	31
net/minecraft/client/gui/screens/inventory/SmokerScreen	16	19
	16	19
	15	18
net/minecraft/client/multiplayer/chat/ChatListener	223	208
	34	35
	35	36
	38	39
	39	48
	42	40
	44	41
	45	43
	46	44
	49	48
	52	51
	54	52
	56	53
	57	54
	60	57
	61	58
	64	61
	65	62
	68	65
	72	69
	73	70
	74	71
	77	74
	81	78
	85	82
	86	83
	88	85
	90	87
	93	90
	94	91
	95	92
	97	93
	98	94
	99	95
	100	96
	101	97
	102	98
	104	101
	106	103
	109	106
	110	107
	111	108
	113	110
	114	111
	115	112
	116	113
	118	116
	121	119
	123	120
	124	121
	125	122
	126	123
	128	124
	130	125
	131	126
	133	128
	136	133
	137	134
	138	135
	141	136
	142	155
	145	137
	147	138
	148	139
	149	140
	150	141
	151	142
	153	144
	154	145
	155	146
	156	147
	160	151
	162	152
	163	153
	167	160
	168	161
	171	164
	172	164
	175	164
	179	168
	180	169
	181	170
	184	173
	185	174
	186	175
	189	178
	190	188
	193	179
	194	180
	196	182
	197	183
	200	186
	201	188
	204	191
	205	192
	206	193
	207	193
	210	193
	214	197
	215	198
	216	199
	218	201
	223	208
net/minecraft/client/telemetry/events/WorldUnloadEvent	44	44
	33	35
	34	36
	38	40
	39	40
	40	41
	41	42
	42	43
	43	43
	44	44
	19	20
	20	21
	21	22
	23	24
	26	27
	27	28
	29	31
	30	32
net/minecraft/client/resources/language/ClientLanguage	76	92
	32	33
	34	35
	66	84
	35	36
	37	38
	39	40
	71	88
	40	41
	41	42
	42	43
	76	92
	46	48
	50	52
	51	58
	52	57
	53	73
	54	74
	57	77
	27	28
	28	29
	29	30
	61	80
net/minecraft/client/particle/SquidInkParticle	63	63
	10	13
	11	14
	12	15
	14	16
	15	17
	17	18
	18	19
	20	20
	22	21
	23	22
	24	23
	25	24
	29	28
	30	29
	31	30
	32	31
	33	32
	35	35
	36	36
	39	39
	45	59
	46	60
	50	63
	58	46
	59	47
	63	50
net/minecraft/client/gui/components/package-info	0	0
net/minecraft/client/model/BatModel	106	88
	26	27
	27	28
	28	29
	29	30
	30	31
	31	32
	32	33
	33	34
	34	35
	35	36
	38	39
	39	40
	41	41
	42	42
	43	42
	44	42
	46	44
	47	45
	48	45
	49	45
	51	47
	52	48
	53	48
	54	48
	56	50
	57	51
	58	51
	59	51
	61	53
	62	54
	63	54
	64	54
	66	56
	67	57
	68	57
	69	57
	71	59
	72	60
	73	60
	74	60
	76	62
	77	63
	78	63
	79	63
	81	65
	82	66
	83	66
	84	66
	86	68
	91	73
	96	77
	97	78
	98	79
	100	82
	101	83
	102	84
	105	87
	106	88
net/minecraft/client/server/package-info	0	0
net/minecraft/client/gui/spectator/categories/package-info	0	0
net/minecraft/client/particle/DustColorTransitionParticle	49	62
	32	43
	36	47
	37	48
	38	49
	44	56
	45	57
	14	27
	16	28
	49	62
	18	29
	19	30
	20	31
	23	34
	27	38
	28	39
	29	40
	30	41
	31	42
net/minecraft/client/gui/screens/inventory/StonecutterScreen	196	187
	128	120
	129	121
	130	122
	131	123
	133	124
	134	126
	135	127
	136	128
	137	129
	138	130
	139	131
	140	132
	141	133
	145	137
	146	138
	147	139
	148	140
	152	144
	157	149
	158	150
	159	151
	161	152
	162	153
	164	154
	166	155
	168	157
	42	41
	43	42
	44	43
	45	44
	173	163
	174	164
	175	165
	176	166
	49	48
	177	167
	50	49
	51	50
	179	170
	55	54
	183	174
	56	55
	57	56
	59	57
	187	178
	60	58
	61	59
	63	60
	191	182
	64	61
	192	183
	193	184
	66	62
	194	185
	68	63
	196	187
	69	64
	70	65
	74	69
	76	70
	77	71
	78	72
	80	73
	81	74
	82	76
	83	77
	85	78
	86	79
	87	80
	88	81
	92	85
	95	88
	96	89
	97	90
	98	91
	99	92
	102	94
	103	95
	104	96
	105	97
	107	99
	110	102
	112	104
	115	107
	116	109
	117	110
	118	111
	119	112
	120	113
	122	114
	124	116
net/minecraft/client/gui/navigation/FocusNavigationEvent	23	30
	16	22
	23	14
	9	30
net/minecraft/client/gui/spectator/package-info	0	0
com/mojang/blaze3d/platform/IconSet	43	44
	34	35
	38	39
	39	40
	40	41
	41	42
	43	44
	20	21
	21	22
	24	25
	25	26
	26	27
	27	28
	28	29
	29	30
net/minecraft/client/multiplayer/TransferState	0	0
net/minecraft/client/main/GameConfig	80	89
	67	42
	68	43
	69	44
	37	62
	70	45
	38	63
	71	46
	39	64
	40	65
	41	66
	74	49
	42	67
	80	73
	52	85
	53	86
	22	26
	54	87
	23	27
	55	88
	24	28
	56	89
	25	29
	26	30
	27	31
net/minecraft/client/renderer/RenderType	1131	1322
	521	962
	525	375
	526	376
	527	384
	528	385
	529	386
	530	387
	531	388
	532	389
	536	966
	540	394
	541	402
	29	1318
	542	403
	30	1319
	543	404
	544	405
	545	406
	34	1322
	549	970
	561	974
	565	424
	53	752
	566	432
	567	433
	568	434
	569	435
	570	436
	574	978
	63	756
	578	440
	579	448
	580	449
	581	450
	582	451
	583	452
	1095	1177
	584	453
	1096	1183
	73	760
	1097	1184
	1098	1185
	1099	1186
	588	982
	1100	1187
	77	764
	1101	1188
	78	765
	79	766
	592	457
	80	767
	593	465
	81	768
	594	466
	82	769
	595	467
	83	770
	596	468
	597	469
	1109	1206
	598	470
	1110	1208
	1111	1210
	1112	1212
	89	774
	1113	1213
	602	986
	93	778
	1117	1217
	606	474
	94	779
	607	482
	95	780
	608	483
	96	781
	609	484
	97	782
	610	485
	98	783
	1122	1222
	611	486
	99	784
	612	487
	613	488
	1126	1226
	105	788
	617	990
	1131	1231
	108	73
	111	792
	112	793
	113	794
	114	795
	115	796
	116	797
	117	798
	118	799
	119	800
	631	994
	120	801
	122	802
	635	508
	636	516
	637	517
	638	518
	126	806
	639	519
	640	520
	641	521
	642	522
	130	810
	134	77
	646	998
	135	78
	136	79
	137	80
	138	81
	139	82
	140	83
	142	84
	657	1002
	146	814
	150	89
	151	90
	152	91
	153	92
	154	93
	155	94
	667	1006
	156	95
	158	96
	162	818
	676	1010
	166	101
	167	102
	168	103
	680	1014
	169	104
	681	1015
	170	105
	682	1016
	171	106
	683	1017
	172	107
	684	1018
	173	108
	685	1019
	686	1020
	175	109
	179	822
	692	1024
	183	826
	187	114
	188	115
	189	116
	190	117
	191	118
	192	119
	704	1028
	193	120
	194	121
	195	122
	197	123
	201	830
	716	1032
	205	834
	209	128
	210	129
	211	130
	723	1036
	212	131
	724	1044
	213	132
	725	1045
	214	133
	726	1046
	215	134
	727	1047
	216	135
	728	1048
	217	136
	729	1049
	730	1050
	219	137
	734	1055
	223	838
	738	1059
	227	142
	228	143
	229	144
	230	145
	231	146
	232	147
	233	148
	235	149
	239	842
	752	1063
	243	154
	244	155
	245	156
	246	157
	247	158
	248	159
	249	160
	250	161
	252	162
	766	1067
	256	846
	770	629
	771	635
	772	636
	260	850
	773	637
	774	638
	775	639
	264	167
	265	168
	266	169
	267	170
	779	1071
	268	171
	269	172
	270	173
	271	174
	273	175
	277	854
	789	1075
	281	858
	285	180
	286	181
	287	182
	799	1079
	288	183
	289	184
	290	185
	292	186
	296	862
	811	1083
	300	191
	301	192
	302	193
	303	194
	304	195
	305	196
	307	197
	822	1087
	311	866
	315	202
	316	203
	317	204
	318	205
	319	206
	320	207
	832	1091
	321	208
	322	209
	324	210
	328	870
	843	1095
	332	215
	333	216
	334	217
	335	218
	336	219
	337	220
	338	221
	339	222
	340	223
	342	224
	854	1099
	346	874
	350	229
	351	230
	352	231
	353	232
	865	1103
	354	233
	355	234
	356	235
	357	236
	358	237
	359	238
	360	239
	362	240
	877	1107
	366	878
	878	1108
	879	1109
	880	1110
	881	1111
	370	245
	882	1112
	371	246
	883	1113
	372	247
	373	248
	374	249
	886	1118
	376	250
	890	1124
	380	882
	894	1128
	895	1129
	384	255
	896	1130
	385	256
	897	1131
	386	264
	387	265
	388	266
	389	267
	901	1135
	390	268
	905	1139
	394	886
	909	1143
	398	890
	913	1147
	402	894
	403	902
	404	903
	405	904
	917	1151
	406	905
	407	906
	408	907
	409	908
	921	1155
	410	909
	925	1159
	415	914
	416	922
	417	923
	929	1163
	418	924
	419	925
	420	926
	421	927
	933	1167
	422	928
	423	929
	937	1171
	434	934
	444	938
	959	1269
	448	942
	960	1270
	961	1271
	962	1272
	963	1273
	964	1274
	965	1275
	966	1276
	967	1277
	968	1278
	969	1279
	970	1280
	971	1281
	972	1282
	974	1283
	463	946
	989	1298
	478	950
	993	1301
	997	1305
	492	954
	507	958
net/minecraft/client/gui/screens/options/SoundOptionsScreen	33	35
	16	17
	33	35
	21	21
	22	22
	26	26
	27	27
	28	28
	29	29
	30	30
	15	17
net/minecraft/client/gui/font/providers/FreeTypeUtil	70	69
	64	63
	65	64
	66	65
	67	66
	70	69
	19	19
	20	20
	21	21
	22	22
	23	23
	24	24
	27	28
	32	33
	33	34
	35	36
	38	39
	39	40
	40	41
	42	43
	46	48
	47	49
	48	49
	50	49
	54	53
	55	54
	56	55
	60	59
net/minecraft/client/renderer/texture/atlas/SpriteResourceLoader	50	77
	35	42
	36	41
	37	57
	38	58
	39	59
	42	62
	43	64
	44	65
	45	66
	48	68
	49	76
	50	77
	25	27
	28	30
	29	31
	30	32
	31	33
net/minecraft/client/gui/screens/LoadingDotsText	14	13
	13	12
	14	13
net/minecraft/client/renderer/chunk/VisibilitySet	56	60
	36	36
	37	37
	38	39
	39	40
	41	43
	43	45
	44	46
	45	48
	14	15
	46	49
	15	16
	47	50
	16	17
	49	52
	50	53
	19	20
	53	57
	22	23
	23	24
	24	25
	56	60
	27	28
	28	29
	31	32
net/minecraft/client/gui/screens/reporting/SkinReportScreen	83	76
	65	64
	66	65
	67	66
	69	68
	71	71
	72	72
	80	76
	81	76
	83	76
	28	29
	29	30
	32	33
	33	34
	36	37
	37	38
	41	42
	42	43
	44	44
	46	45
	48	46
	49	47
	50	48
	51	49
	52	50
	53	52
	54	54
	56	55
	57	56
	58	57
	59	58
	60	59
	61	60
net/minecraft/client/renderer/entity/WardenRenderer	29	43
	18	23
	20	24
	21	27
	22	34
	23	38
	24	39
	25	40
	29	43
com/mojang/blaze3d/platform/Lighting	42	42
	34	35
	35	36
	38	39
	39	40
	40	40
	42	42
	18	19
	19	20
	22	23
	23	24
	26	27
	27	28
	30	31
	31	32
net/minecraft/client/renderer/item/ClampedItemPropertyFunction	14	16
	14	16
net/minecraft/client/renderer/Rect2i	73	74
	64	65
	65	66
	68	69
	69	70
	70	71
	73	74
	10	14
	11	15
	12	16
	13	17
	14	18
	17	21
	18	22
	19	23
	20	24
	22	25
	23	26
	24	27
	25	28
	27	29
	28	30
	29	31
	30	32
	32	33
	36	37
	40	41
	44	45
	45	46
	48	49
	49	50
	52	53
	56	57
	60	61
	61	62
com/mojang/realmsclient/gui/RealmsServerList	47	44
	33	31
	34	32
	37	35
	38	36
	39	37
	43	40
	47	44
	20	20
	21	21
	24	24
	25	25
	27	26
	28	27
	30	28
net/minecraft/client/gui/components/Checkbox	177	162
	130	55
	135	60
	136	61
	137	62
	140	65
	145	70
	146	71
	147	72
	148	73
	150	75
	153	78
	157	82
	158	83
	159	84
	161	85
	163	86
	165	88
	166	89
	168	91
	170	94
	171	95
	173	96
	174	97
	175	98
	176	99
	177	100
	53	117
	54	118
	55	119
	56	120
	59	123
	60	124
	61	125
	65	129
	66	130
	70	134
	71	135
	72	136
	76	140
	77	141
	78	142
	82	146
	83	147
	87	151
	88	152
	92	156
	93	157
	94	158
	95	159
	97	160
	98	161
	99	162
	104	30
	106	31
	107	32
	108	33
	109	34
	110	35
	111	36
	114	39
	118	43
	122	47
	126	51
net/minecraft/client/resources/metadata/animation/AnimationMetadataSection	68	57
	32	30
	33	31
	65	54
	34	32
	66	55
	68	57
	37	35
	38	36
	39	36
	43	36
	46	37
	48	38
	17	17
	52	40
	53	41
	57	46
	29	27
	61	50
	30	28
	31	29
net/minecraft/client/renderer/entity/PufferfishRenderer	57	54
	32	31
	37	35
	38	36
	39	37
	40	38
	41	39
	42	40
	44	42
	48	46
	49	47
	50	48
	51	49
	23	25
	55	52
	56	53
	57	54
	26	26
	27	27
	28	28
net/minecraft/client/multiplayer/KnownPacksManager	48	52
	33	35
	34	36
	35	38
	36	39
	37	40
	38	41
	39	42
	42	46
	43	47
	47	51
	48	52
	23	25
	24	26
	25	27
	26	28
	27	29
	28	30
	29	31
	30	32
net/minecraft/client/renderer/entity/ItemEntityRenderer	125	124
	29	31
	30	32
	32	33
	33	34
	34	35
	38	38
	43	42
	45	43
	46	44
	48	45
	49	46
	52	47
	53	48
	54	49
	55	50
	58	51
	59	52
	61	53
	62	54
	64	55
	65	56
	68	59
	73	64
	74	65
	75	66
	76	67
	77	68
	78	69
	79	71
	80	71
	83	71
	87	78
	88	79
	89	80
	92	92
	94	93
	95	94
	96	95
	98	96
	99	97
	100	98
	101	99
	102	100
	104	103
	105	104
	106	105
	107	106
	108	107
	109	108
	110	109
	111	110
	113	112
	114	113
	115	114
	118	118
	120	119
	121	120
	122	121
	125	124
net/minecraft/client/gui/screens/inventory/BookEditScreen	726	681
	512	473
	513	473
	515	474
	519	478
	520	479
	523	481
	524	482
	525	483
	526	484
	527	485
	529	488
	533	493
	534	494
	535	495
	538	498
	542	502
	543	503
	546	506
	547	507
	548	508
	551	511
	552	512
	553	513
	555	515
	556	516
	558	517
	559	518
	560	519
	561	520
	562	521
	563	522
	564	523
	565	524
	566	525
	567	526
	568	527
	569	528
	570	529
	571	530
	572	531
	574	532
	576	533
	579	535
	580	536
	69	65
	582	538
	583	539
	584	540
	73	68
	74	68
	587	543
	77	68
	589	544
	590	545
	591	546
	593	547
	594	548
	595	549
	596	550
	597	551
	598	552
	600	554
	601	555
	602	557
	603	558
	604	559
	605	560
	606	561
	608	564
	98	85
	99	86
	100	87
	612	569
	101	88
	103	89
	104	90
	616	575
	105	91
	617	576
	618	576
	108	94
	620	576
	109	95
	112	98
	113	99
	625	580
	626	581
	116	102
	628	582
	117	103
	629	583
	119	105
	631	584
	122	108
	635	588
	636	589
	126	112
	638	590
	639	591
	641	592
	642	593
	131	117
	132	118
	644	594
	133	119
	137	123
	139	124
	140	125
	652	679
	141	126
	653	680
	142	127
	654	681
	143	128
	144	129
	145	130
	146	131
	148	132
	149	133
	150	134
	151	135
	153	137
	665	665
	154	138
	666	666
	155	139
	667	667
	156	140
	668	668
	669	669
	158	143
	670	670
	159	144
	161	145
	162	146
	164	147
	165	148
	167	149
	168	150
	171	153
	172	154
	685	610
	174	157
	686	611
	175	158
	687	612
	176	159
	688	613
	689	614
	690	615
	179	162
	691	616
	180	163
	182	165
	694	619
	183	166
	695	620
	184	167
	696	621
	698	622
	187	171
	699	623
	188	172
	189	173
	701	625
	702	626
	192	176
	193	177
	706	631
	195	178
	707	632
	196	179
	197	180
	709	634
	198	181
	710	635
	199	182
	711	636
	200	183
	712	637
	714	639
	203	186
	204	188
	716	642
	205	189
	207	191
	720	646
	721	647
	210	194
	211	200
	725	651
	214	195
	726	652
	216	196
	218	197
	219	198
	220	200
	225	203
	226	204
	229	207
	230	211
	232	208
	233	209
	234	211
	238	215
	239	216
	242	217
	243	218
	245	220
	246	221
	247	222
	248	223
	250	225
	256	232
	257	233
	260	234
	261	235
	262	236
	263	237
	264	238
	265	239
	267	241
	269	243
	270	244
	271	245
	272	246
	274	248
	280	253
	281	254
	282	255
	283	256
	284	257
	285	258
	286	259
	287	260
	288	261
	289	262
	290	263
	291	264
	294	266
	296	267
	298	273
	299	274
	301	276
	302	277
	305	270
	306	271
	308	282
	309	283
	311	279
	312	280
	314	288
	315	289
	317	285
	318	286
	320	291
	321	292
	323	294
	324	295
	326	297
	327	298
	329	300
	330	301
	334	303
	338	309
	339	310
	342	313
	343	314
	346	317
	347	318
	348	319
	349	320
	352	323
	353	324
	355	326
	356	327
	357	328
	359	330
	362	333
	363	334
	365	336
	366	337
	367	338
	368	339
	370	341
	373	344
	375	354
	376	355
	377	356
	378	357
	381	347
	382	348
	383	349
	385	352
	390	359
	394	364
	395	364
	397	364
	401	368
	402	369
	403	370
	404	371
	406	373
	410	377
	413	378
	415	379
	416	380
	418	381
	419	382
	420	384
	422	386
	423	387
	425	388
	426	389
	427	390
	428	391
	430	392
	432	394
	433	395
	435	396
	436	398
	437	399
	439	402
	440	403
	442	405
	446	409
	447	410
	448	411
	451	414
	452	415
	453	416
	454	417
	456	419
	459	422
	462	425
	463	426
	464	427
	465	428
	466	429
	467	430
	469	432
	472	435
	476	439
	481	444
	482	445
	485	447
	486	448
	488	449
	489	450
	490	451
	491	452
	492	454
	493	455
	495	457
	498	453
	500	460
	502	463
	503	464
	506	467
	510	472
	511	473
net/minecraft/client/gui/screens/packs/PackSelectionModel	269	271
	131	131
	259	261
	136	136
	264	266
	265	267
	141	141
	269	271
	146	146
	151	151
	156	156
	31	32
	32	33
	33	34
	161	161
	34	35
	36	36
	37	37
	165	165
	38	38
	166	166
	39	39
	167	167
	40	40
	168	168
	169	169
	170	170
	43	43
	173	173
	174	174
	47	47
	175	175
	177	177
	51	51
	52	52
	180	180
	181	181
	182	182
	55	55
	183	183
	56	56
	184	184
	57	57
	185	185
	60	60
	189	189
	62	61
	190	190
	191	191
	64	62
	65	63
	66	64
	67	65
	196	196
	197	197
	201	201
	202	202
	203	203
	208	208
	209	209
	83	82
	214	215
	215	216
	219	220
	224	225
	101	100
	229	230
	105	104
	234	235
	238	239
	239	240
	244	246
	117	117
	245	247
	118	118
	249	251
	126	126
	254	256
net/minecraft/client/multiplayer/chat/report/NameReport	73	70
	32	33
	65	64
	66	65
	67	66
	37	38
	70	68
	72	69
	73	70
	42	44
	43	45
	46	48
	47	49
	19	21
	51	53
	20	22
	21	23
	24	26
	57	59
	58	59
	60	59
	29	30
	30	31
	31	32
com/mojang/realmsclient/client/package-info	0	0
net/minecraft/client/gui/components/toasts/TutorialToast	91	92
	65	66
	66	67
	69	70
	70	71
	85	86
	86	87
	89	90
	90	91
	91	92
	29	30
	30	31
	31	32
	32	33
	33	34
	37	38
	38	39
	40	40
	41	41
	43	43
	44	44
	47	47
	48	48
	49	49
	51	51
	52	52
	54	54
	56	57
	57	58
	58	59
	61	62
net/minecraft/client/gui/screens/inventory/tooltip/ClientBundleTooltip	99	100
	64	73
	66	65
	67	66
	68	67
	69	68
	70	69
	71	70
	73	73
	76	76
	77	77
	80	80
	84	84
	22	23
	23	24
	27	28
	32	33
	96	97
	97	98
	98	99
	99	100
	36	37
	40	41
	45	46
	46	47
	48	48
	50	49
	51	50
	52	52
	53	53
	54	54
	55	55
	56	56
	59	59
	62	62
	63	63
net/minecraft/client/renderer/entity/EntityRenderer	219	202
	36	35
	37	36
	38	37
	41	40
	42	41
	46	45
	50	49
	51	49
	53	49
	57	53
	58	54
	60	55
	61	56
	63	58
	64	59
	65	60
	67	63
	68	64
	71	66
	72	67
	73	68
	74	69
	77	73
	81	79
	85	83
	86	84
	87	85
	88	86
	92	90
	93	93
	96	91
	97	93
	100	96
	102	97
	104	98
	105	99
	106	100
	107	101
	109	102
	110	103
	111	104
	113	105
	115	106
	116	107
	117	108
	119	109
	121	110
	122	111
	124	112
	127	113
	128	114
	130	115
	131	116
	133	117
	134	118
	136	119
	137	120
	139	122
	140	123
	142	126
	143	127
	146	130
	147	131
	150	150
	151	151
	152	152
	153	153
	155	154
	156	155
	157	156
	158	157
	160	158
	161	159
	162	160
	164	161
	165	162
	166	163
	169	166
	175	172
	179	176
	181	177
	182	199
	185	178
	186	179
	187	199
	190	180
	192	181
	194	182
	195	183
	196	184
	198	185
	200	186
	202	187
	203	188
	205	189
	207	190
	209	191
	211	192
	212	193
	215	196
	216	199
	219	202
net/minecraft/client/renderer/block/model/multipart/AndCondition	25	27
	18	19
	19	20
	23	25
	25	27
com/mojang/realmsclient/gui/task/DataFetcher	174	176
	128	66
	129	67
	130	68
	131	69
	133	71
	136	74
	137	75
	138	76
	139	77
	141	79
	144	82
	145	83
	146	84
	153	92
	154	93
	155	94
	156	95
	30	27
	31	28
	159	98
	32	29
	160	99
	33	30
	162	101
	36	33
	37	34
	165	104
	38	35
	166	105
	40	37
	168	107
	171	110
	44	42
	172	111
	174	113
	64	133
	65	134
	66	135
	67	136
	68	137
	71	140
	72	141
	73	142
	75	143
	77	146
	78	147
	79	148
	80	148
	81	149
	82	150
	83	151
	84	151
	85	152
	86	153
	87	154
	88	155
	91	158
	92	159
	94	161
	95	162
	96	163
	97	164
	98	165
	99	166
	103	170
	106	173
	107	174
	108	175
	109	176
	118	56
	119	57
	120	58
	123	61
	124	62
	125	63
net/minecraft/client/renderer/entity/SkeletonRenderer	38	42
	33	38
	18	23
	19	24
	22	29
	38	42
	24	30
	25	32
	26	32
	27	32
	29	35
	14	17
	15	18
net/minecraft/client/particle/PortalParticle	103	97
	12	15
	14	16
	15	17
	16	18
	17	19
	18	20
	19	21
	20	22
	21	23
	22	24
	24	25
	26	26
	27	27
	28	28
	29	29
	31	30
	32	31
	36	35
	41	40
	42	41
	43	42
	47	46
	48	47
	49	48
	50	49
	51	50
	56	55
	58	56
	59	57
	60	58
	62	59
	63	60
	64	61
	65	62
	66	63
	68	66
	73	71
	74	72
	75	73
	77	74
	78	75
	79	84
	82	77
	83	81
	84	78
	85	79
	87	80
	88	81
	89	82
	90	84
	96	91
	97	92
	101	95
	102	96
	103	97
net/minecraft/client/renderer/texture/PreloadedTexture	42	45
	32	35
	37	40
	38	41
	39	42
	42	45
	17	19
	18	20
	19	21
	23	25
	24	26
	25	27
	26	28
	28	30
net/minecraft/client/gui/screens/PresetFlatWorldScreen	269	288
	256	276
	257	277
	261	281
	262	282
	264	284
	265	284
	266	285
	269	288
	67	65
	68	66
	69	67
	73	71
	77	74
	78	75
	80	78
	81	79
	82	80
	83	81
	87	84
	88	85
	91	88
	92	89
	96	93
	97	94
	98	95
	99	96
	102	99
	103	100
	104	101
	107	103
	111	108
	112	109
	113	110
	115	112
	116	113
	117	114
	118	115
	120	118
	121	119
	124	122
	128	133
	129	134
	130	135
	133	137
	135	138
	136	139
	139	141
	140	142
	141	143
	142	144
	143	145
	144	146
	145	147
	146	148
	147	149
	148	150
	152	154
	156	160
	158	162
	159	163
	160	164
	162	167
	165	170
	166	172
	168	174
	173	179
	174	180
	176	181
	177	182
	178	183
	179	184
	180	185
	182	186
	183	187
	184	188
	185	189
	186	190
	187	191
	188	192
	190	193
	192	194
	193	199
	194	201
	195	202
	196	203
	197	209
	199	211
	200	212
	205	216
	210	221
	211	222
	212	223
	213	224
	217	228
	218	229
	222	233
	224	234
	225	235
	227	236
	228	237
	229	238
	231	239
	233	240
	234	241
	237	244
	238	245
	242	250
	243	252
	244	259
	245	261
	246	265
	248	269
	251	272
	255	275
net/minecraft/client/gui/font/providers/BitmapProvider	198	206
	130	131
	131	160
	132	136
	134	137
	135	138
	137	139
	138	140
	140	141
	142	142
	144	144
	145	145
	146	147
	147	148
	148	149
	151	150
	153	151
	154	152
	155	153
	160	176
	161	172
	36	39
	37	40
	165	181
	38	41
	166	181
	167	182
	168	184
	169	185
	42	45
	43	46
	171	186
	172	187
	48	51
	176	192
	53	56
	64	62
	65	63
	193	201
	67	65
	68	66
	198	206
	71	69
	74	71
	75	73
	76	74
	78	77
	83	91
	85	92
	86	93
	89	95
	90	96
	92	97
	93	98
	96	100
	97	101
	98	102
	99	104
	102	109
	105	80
	106	81
	107	82
	108	83
	109	84
	110	86
	113	115
	114	116
	116	117
	121	122
	126	127
com/mojang/realmsclient/util/task/ResettingTemplateWorldTask	19	22
	18	21
	19	22
	12	15
	13	16
	14	17
net/minecraft/client/gui/components/DebugScreenOverlay	638	669
	512	546
	513	547
	515	548
	516	549
	517	550
	518	551
	521	554
	525	558
	529	562
	533	566
	537	570
	541	574
	545	578
	546	579
	549	582
	550	583
	551	584
	552	585
	554	587
	557	590
	558	591
	559	592
	560	593
	562	595
	565	598
	566	599
	567	600
	569	602
	572	605
	573	606
	576	609
	580	613
	584	617
	588	621
	589	622
	590	623
	592	625
	82	83
	83	84
	595	628
	84	85
	596	629
	85	86
	597	630
	86	87
	598	631
	87	88
	599	632
	88	89
	611	644
	613	645
	614	646
	617	648
	621	649
	622	650
	623	651
	624	652
	627	655
	628	656
	117	116
	629	657
	118	117
	630	658
	119	118
	120	119
	121	120
	122	121
	634	663
	123	122
	635	665
	124	123
	636	666
	638	669
	127	126
	128	127
	129	128
	132	131
	134	132
	136	133
	137	134
	139	135
	140	136
	141	137
	143	138
	144	139
	145	140
	146	141
	147	142
	148	143
	149	144
	152	148
	153	149
	154	150
	155	151
	156	152
	158	155
	159	156
	161	158
	171	159
	172	160
	175	163
	177	164
	178	165
	179	166
	180	176
	182	177
	183	178
	186	181
	188	182
	189	183
	192	186
	193	188
	194	189
	195	190
	196	191
	197	192
	198	193
	199	194
	202	198
	203	199
	204	200
	205	201
	206	202
	207	203
	208	204
	211	207
	216	210
	217	211
	218	212
	219	213
	220	214
	222	215
	223	217
	224	218
	225	219
	226	220
	228	222
	231	226
	232	227
	233	228
	234	229
	235	230
	237	233
	238	235
	240	238
	243	241
	244	242
	245	243
	246	245
	249	253
	250	254
	251	255
	252	256
	254	258
	258	261
	259	262
	261	264
	263	265
	266	266
	269	267
	272	268
	275	269
	279	271
	280	272
	281	273
	282	274
	285	277
	286	278
	287	279
	288	281
	291	290
	292	291
	293	292
	294	293
	297	295
	298	296
	299	297
	302	300
	303	301
	304	302
	305	311
	306	323
	307	336
	309	339
	310	340
	311	341
	313	343
	314	344
	315	345
	316	346
	317	347
	326	348
	327	350
	328	351
	329	352
	332	356
	334	357
	335	358
	336	360
	337	361
	338	362
	339	363
	340	364
	342	366
	346	371
	348	372
	349	373
	353	374
	354	375
	355	376
	356	377
	357	378
	359	388
	362	392
	363	393
	367	397
	368	398
	369	399
	371	400
	372	401
	373	402
	374	403
	375	404
	376	405
	378	406
	379	407
	380	408
	381	409
	382	415
	384	419
	388	423
	389	424
	390	425
	393	428
	395	431
	399	436
	404	441
	405	442
	406	442
	409	442
	414	447
	415	448
	416	448
	418	448
	422	452
	423	454
	430	461
	431	462
	432	463
	433	464
	435	469
	437	472
	441	476
	442	477
	444	480
	449	484
	450	485
	451	486
	452	487
	454	488
	455	489
	456	490
	457	491
	458	492
	460	494
	462	497
	463	499
	464	500
	467	502
	468	503
	471	505
	472	506
	473	507
	475	508
	476	509
	477	510
	479	512
	480	513
	483	516
	486	519
	487	520
	488	521
	489	522
	490	523
	491	524
	493	526
	494	527
	497	530
	500	533
	501	534
	502	535
	503	536
	504	537
	507	540
	511	545
net/minecraft/client/particle/TrackingEmitter	48	51
	32	35
	33	36
	34	37
	35	38
	36	39
	39	40
	40	41
	41	42
	42	43
	44	47
	45	48
	46	49
	15	18
	16	19
	48	51
	19	22
	20	23
	23	26
	24	27
	25	28
	26	29
	27	30
	28	31
net/minecraft/client/model/geom/builders/CubeDefinition	34	51
	34	51
	23	39
	24	40
	25	41
	26	42
	27	43
	28	44
	29	45
	30	46
	31	47
net/minecraft/client/particle/RisingParticle	17	19
	16	18
	17	19
	7	10
	8	11
	9	12
	10	13
	11	14
	12	15
	13	16
	14	17
net/minecraft/client/gui/layouts/LayoutElement	28	30
	22	24
	26	28
	27	29
	28	30
net/minecraft/client/renderer/entity/MinecartRenderer	118	107
	26	28
	27	29
	28	30
	29	31
	30	32
	34	35
	36	36
	38	37
	39	38
	41	39
	42	40
	43	41
	45	42
	47	43
	48	44
	49	45
	51	46
	53	47
	55	48
	57	49
	58	50
	59	51
	60	52
	61	53
	63	56
	64	57
	67	60
	69	61
	70	62
	71	63
	72	64
	73	65
	76	69
	78	70
	79	71
	80	72
	81	73
	82	74
	83	75
	85	78
	86	79
	88	82
	90	83
	91	84
	92	85
	94	86
	96	87
	97	88
	98	89
	99	90
	101	91
	104	94
	105	95
	106	96
	107	97
	108	98
	109	99
	113	102
	117	106
	118	107
com/mojang/realmsclient/util/package-info	0	0
net/minecraft/client/multiplayer/chat/report/ReportEnvironment	56	54
	34	39
	35	39
	37	39
	42	44
	43	44
	13	18
	45	44
	17	22
	49	48
	51	49
	52	50
	21	26
	53	51
	56	54
	25	30
	29	34
net/minecraft/client/renderer/entity/ShulkerRenderer	65	59
	64	58
	65	59
	35	39
	36	39
	39	39
	40	40
	41	41
	42	42
	44	43
	45	44
	46	45
	19	23
	51	49
	20	26
	23	30
	55	53
	56	53
	25	31
	26	32
	58	53
	30	35
	63	57
net/minecraft/client/gui/spectator/categories/SpectatorPage	29	26
	16	17
	17	18
	18	19
	21	22
	22	22
	25	22
	29	26
net/minecraft/client/gui/package-info	0	0
net/minecraft/client/searchtree/package-info	0	0
net/minecraft/client/gui/navigation/ScreenAxis	30	33
	16	19
	17	20
	18	21
	23	26
	24	27
	9	12
	25	28
	10	13
	11	14
	30	33
net/minecraft/client/renderer/entity/ExperienceOrbRenderer	74	69
	65	56
	66	57
	69	60
	70	66
	74	69
	19	21
	20	22
	21	23
	22	24
	26	27
	31	31
	33	32
	34	33
	35	34
	36	35
	37	36
	39	37
	40	38
	41	39
	43	40
	44	41
	45	42
	46	43
	47	44
	49	45
	50	46
	52	47
	53	48
	55	49
	57	50
	58	51
	59	52
	60	53
	61	54
	63	55
net/minecraft/client/renderer/entity/DrownedRenderer	40	42
	32	35
	34	36
	35	37
	36	38
	37	39
	38	40
	40	42
	17	20
	18	22
	19	23
	20	24
	22	26
	23	27
	27	31
net/minecraft/client/gui/screens/ProgressScreen	80	74
	64	60
	65	61
	66	62
	69	74
	72	65
	74	66
	75	67
	77	70
	78	71
	80	74
	21	22
	22	23
	23	24
	27	28
	32	33
	37	37
	38	38
	42	41
	43	42
	44	43
	48	46
	49	47
	50	48
	54	51
	55	52
	59	55
	60	56
com/mojang/blaze3d/Blaze3D	25	26
	16	18
	17	19
	21	22
	22	23
	25	26
	12	14
	13	15
net/minecraft/realms/RealmsObjectSelectionList	64	63
	64	63
	33	34
	39	39
	40	40
	10	12
	11	13
	44	44
	14	16
	15	17
	16	18
	17	19
	49	49
	19	21
	22	24
	54	54
	23	25
	59	58
	28	29
	63	62
net/minecraft/client/gui/components/debugchart/TpsDebugChart	71	70
	32	33
	66	65
	67	66
	36	37
	37	38
	38	39
	71	70
	40	40
	41	41
	42	42
	44	43
	45	44
	46	45
	47	46
	51	50
	24	25
	56	55
	25	26
	26	27
	61	60
	30	31
	31	32
net/minecraft/client/model/FoxModel	203	171
	31	31
	32	32
	33	33
	34	34
	35	35
	36	36
	37	37
	38	38
	39	39
	42	42
	43	43
	45	44
	46	45
	47	45
	48	45
	50	47
	51	47
	52	47
	55	48
	56	48
	57	48
	60	49
	61	49
	62	49
	66	50
	67	52
	68	52
	69	53
	71	55
	72	56
	73	56
	74	57
	75	57
	77	58
	79	59
	80	60
	81	61
	82	62
	83	64
	84	64
	85	65
	88	67
	93	71
	94	72
	96	73
	97	74
	98	75
	99	76
	101	77
	102	78
	103	79
	105	80
	106	81
	107	82
	108	83
	109	84
	110	85
	111	86
	112	87
	114	88
	115	89
	116	90
	117	91
	118	92
	119	93
	120	94
	121	95
	122	96
	123	97
	124	98
	125	99
	126	100
	128	103
	129	104
	130	105
	131	106
	133	107
	134	108
	135	109
	136	110
	137	111
	138	112
	139	113
	140	114
	141	115
	142	116
	143	117
	144	118
	146	119
	147	120
	150	123
	151	124
	152	125
	153	126
	155	127
	156	128
	158	130
	162	134
	167	139
	172	143
	173	144
	174	145
	178	148
	179	149
	180	150
	181	151
	185	154
	186	155
	187	156
	188	157
	189	158
	190	159
	191	160
	195	163
	196	164
	197	165
	198	166
	199	167
	200	168
	201	169
	203	171
net/minecraft/client/ParticleStatus	35	34
	35	34
	20	21
	21	22
	22	23
	26	26
	31	30
net/minecraft/client/particle/SonicBoomParticle	25	26
	20	22
	21	23
	8	11
	25	26
	10	12
	11	13
	13	14
	14	15
net/minecraft/client/gui/components/LerpingBossEvent	36	40
	34	38
	35	39
	36	40
	16	22
	17	23
	18	24
	19	25
	20	26
	21	27
	22	28
	23	29
	27	32
	28	33
	29	34
	30	35
net/minecraft/client/multiplayer/resolver/ServerRedirectHandler	52	50
	32	30
	33	31
	34	32
	35	33
	36	34
	39	37
	40	38
	42	40
	43	41
	44	42
	46	43
	47	44
	49	46
	18	18
	52	50
	25	25
	27	26
	29	27
	30	28
	31	29
net/minecraft/client/renderer/entity/WitchRenderer	36	34
	17	19
	18	20
	34	32
	35	33
	36	34
	22	23
	24	24
	25	25
	29	28
	15	18
net/minecraft/client/gui/screens/options/OptionsSubScreen	79	80
	64	64
	66	66
	70	70
	71	71
	75	75
	76	76
	78	79
	79	80
	25	25
	26	26
	27	27
	28	28
	32	32
	33	33
	34	34
	36	36
	37	38
	38	39
	41	42
	42	43
	45	46
	46	47
	48	48
	49	49
	50	50
	52	52
	57	57
	58	58
	62	62
	63	63
net/minecraft/client/renderer/entity/PhantomRenderer	38	36
	32	31
	17	19
	18	20
	36	34
	37	35
	22	23
	38	36
	27	27
	28	28
	29	29
	15	18
	31	30
net/minecraft/client/gui/screens/options/ChatOptionsScreen	32	43
	32	43
	12	15
	13	16
	14	18
	15	20
	16	22
	17	24
	18	26
	19	28
	20	30
	21	32
	26	37
	27	38
	31	42
net/minecraft/client/particle/GlowParticle	181	161
	134	57
	135	58
	139	61
	140	62
	142	63
	15	16
	16	17
	17	18
	18	19
	20	20
	148	64
	149	65
	22	21
	150	66
	23	22
	151	67
	24	23
	28	27
	160	106
	33	32
	161	107
	34	33
	35	34
	37	35
	165	110
	38	36
	166	111
	39	37
	167	112
	40	38
	41	39
	169	114
	43	42
	172	117
	48	47
	49	48
	50	49
	178	118
	179	119
	180	120
	181	121
	56	76
	57	77
	61	81
	62	83
	63	84
	65	86
	67	89
	68	90
	69	91
	70	92
	72	95
	73	96
	82	151
	83	152
	87	155
	88	156
	90	157
	96	158
	97	159
	98	160
	99	161
	108	131
	109	132
	113	135
	114	136
	116	137
	122	138
	123	139
	124	140
	125	141
net/minecraft/client/model/AgeableListModel	65	66
	65	66
	22	23
	23	24
	26	27
	27	28
	30	31
	31	32
	32	33
	33	34
	34	35
	35	36
	36	37
	37	38
	40	41
	41	42
	45	46
	46	47
	47	48
	48	49
	49	50
	51	53
	52	54
	53	55
	55	56
	56	57
	57	58
	58	59
	59	60
	60	61
	62	63
	63	64
net/minecraft/client/renderer/entity/LightningBoltRenderer	124	114
	15	18
	16	19
	20	22
	21	23
	22	24
	23	25
	25	26
	26	28
	27	29
	28	30
	29	31
	30	32
	34	35
	35	36
	36	38
	37	39
	38	41
	39	42
	40	43
	41	44
	42	45
	44	48
	45	49
	47	52
	48	53
	49	55
	50	56
	51	57
	52	58
	53	59
	54	60
	56	62
	57	63
	60	66
	61	67
	62	68
	63	69
	65	70
	66	71
	67	72
	70	75
	71	76
	72	77
	75	80
	76	81
	77	82
	78	83
	82	87
	85	107
	86	107
	88	107
	90	107
	92	107
	94	108
	95	108
	97	108
	99	108
	101	108
	103	109
	104	109
	106	109
	108	109
	110	109
	112	110
	113	110
	115	110
	117	110
	119	110
	120	111
	124	114
com/mojang/blaze3d/platform/VideoMode	135	135
	129	127
	131	130
	135	135
	22	25
	23	26
	24	27
	25	28
	26	29
	27	30
	28	31
	31	34
	32	35
	33	36
	34	37
	35	38
	36	39
	37	40
	40	43
	41	44
	42	45
	43	46
	44	47
	45	48
	46	49
	49	52
	53	56
	57	60
	61	64
	65	68
	69	72
	74	76
	75	77
	77	78
	78	87
	80	79
	81	80
	92	92
	97	96
	103	100
	104	101
	108	104
	109	105
	110	106
	111	107
	112	108
	114	110
	115	111
	117	113
	119	116
	121	118
	122	119
	124	121
	126	124
	127	125
net/minecraft/client/renderer/BlockEntityWithoutLevelRenderer	163	173
	129	121
	131	132
	132	173
	135	135
	136	136
	137	137
	138	138
	140	139
	141	140
	143	141
	145	142
	146	144
	148	145
	149	147
	151	159
	154	162
	155	163
	156	164
	157	165
	159	167
	160	169
	161	170
	163	173
	53	57
	72	74
	73	75
	74	76
	78	79
	79	80
	80	81
	81	82
	84	85
	86	86
	87	87
	88	88
	90	89
	91	90
	92	91
	93	92
	94	93
	97	96
	98	97
	99	98
	100	173
	103	100
	104	102
	105	103
	106	104
	107	105
	108	106
	109	107
	110	108
	111	109
	112	110
	113	111
	114	112
	115	113
	116	114
	117	115
	118	116
	119	117
	120	118
	121	120
	122	124
	123	125
	124	126
	126	128
net/minecraft/client/resources/language/package-info	0	0
net/minecraft/client/telemetry/ClientTelemetryManager	115	104
	67	67
	68	68
	71	70
	72	71
	73	72
	76	74
	77	76
	78	76
	81	78
	82	79
	83	93
	86	80
	87	81
	88	82
	89	83
	26	30
	90	84
	27	31
	28	32
	92	85
	94	86
	95	87
	97	91
	100	88
	102	89
	40	42
	104	91
	41	43
	105	93
	43	44
	44	45
	45	46
	109	99
	46	47
	47	48
	48	49
	49	50
	50	51
	114	103
	51	52
	115	104
	52	53
	54	54
	55	55
	56	56
	59	59
	63	63
net/minecraft/client/gui/screens/social/SocialInteractionsScreen	293	292
	256	253
	260	257
	261	258
	262	259
	263	260
	264	261
	266	263
	269	266
	270	267
	271	268
	272	269
	273	270
	274	271
	275	272
	276	273
	278	276
	279	277
	281	279
	283	282
	285	284
	288	287
	289	288
	292	291
	293	292
	76	72
	77	73
	80	76
	81	77
	82	78
	83	79
	86	82
	90	86
	94	90
	99	95
	100	96
	102	97
	107	102
	109	103
	111	104
	112	105
	113	106
	115	107
	116	109
	117	112
	119	114
	120	115
	123	118
	124	119
	126	120
	129	123
	130	124
	131	125
	132	126
	133	127
	134	128
	136	129
	137	130
	139	131
	140	133
	141	134
	143	136
	145	137
	147	139
	148	141
	149	142
	153	146
	154	147
	155	148
	156	149
	157	150
	158	151
	159	152
	160	153
	161	154
	162	155
	163	156
	167	160
	168	161
	172	165
	173	166
	176	169
	177	170
	178	171
	179	172
	180	173
	181	174
	183	176
	184	177
	185	178
	186	179
	188	181
	189	182
	190	183
	191	184
	192	185
	194	187
	195	188
	196	189
	197	196
	198	197
	202	200
	203	201
	204	202
	205	203
	206	204
	207	205
	208	206
	209	207
	212	210
	216	214
	218	215
	219	216
	220	217
	221	218
	225	222
	226	223
	228	224
	229	225
	232	228
	233	229
	234	230
	235	231
	236	232
	237	233
	238	234
	239	235
	242	238
	243	239
	247	243
	248	244
	249	245
	251	247
net/minecraft/client/model/VillagerHeadModel	0	0
com/mojang/realmsclient/dto/ServerActivity	21	24
	16	18
	17	19
	18	20
	19	21
	21	24
	14	15
com/mojang/realmsclient/dto/RealmsServer	363	347
	260	258
	261	259
	262	260
	263	261
	264	262
	265	263
	266	264
	267	265
	268	266
	269	267
	270	268
	271	269
	272	270
	273	271
	274	272
	275	273
	276	274
	277	275
	278	276
	279	277
	280	278
	281	279
	282	280
	286	284
	288	286
	289	287
	292	290
	296	294
	300	298
	304	302
	308	306
	315	336
	316	337
	62	56
	320	340
	321	341
	66	60
	322	342
	323	343
	324	344
	325	345
	326	346
	71	65
	327	347
	75	69
	76	70
	79	73
	80	74
	83	77
	85	80
	86	81
	87	82
	88	83
	89	84
	90	85
	91	86
	92	87
	93	88
	95	90
	97	93
	98	94
	99	95
	355	319
	100	96
	101	97
	102	98
	103	99
	359	323
	105	101
	363	327
	108	104
	109	105
	110	106
	111	107
	112	108
	113	109
	114	110
	115	111
	116	112
	117	113
	119	116
	123	122
	124	127
	127	130
	128	132
	130	134
	131	135
	132	136
	133	137
	134	138
	135	139
	136	140
	137	141
	138	142
	141	146
	145	150
	146	152
	149	154
	151	155
	152	156
	154	158
	155	159
	157	161
	160	164
	162	165
	163	166
	167	170
	168	171
	169	172
	173	176
	177	180
	178	181
	179	182
	180	183
	182	184
	187	189
	188	190
	189	191
	191	192
	196	198
	197	199
	198	200
	204	206
	205	207
	206	208
	212	214
	213	215
	214	216
	219	221
	223	225
	227	229
	232	233
	237	237
	238	238
	240	239
	241	240
	243	241
	244	242
	246	244
	248	245
	249	246
	250	247
	251	248
	252	249
	253	250
	254	251
	255	252
net/minecraft/client/tutorial/TutorialSteps	36	39
	32	34
	33	35
	18	20
	19	21
	20	22
	36	39
	23	25
	27	29
	31	33
net/minecraft/client/particle/SculkChargePopParticle	44	44
	33	33
	34	34
	35	35
	40	40
	41	41
	10	13
	42	42
	11	14
	43	43
	44	44
	13	15
	14	16
	16	17
	18	18
	19	19
	23	23
	28	28
net/minecraft/client/gui/screens/OutOfMemoryScreen	39	41
	34	36
	35	37
	39	41
	18	20
	19	21
	23	25
	24	26
	25	27
	26	28
	27	29
	28	30
	29	31
	30	32
net/minecraft/client/gui/screens/inventory/ShulkerBoxScreen	29	31
	16	18
	20	22
	21	23
	22	24
	26	28
	27	29
	28	30
	13	16
	29	31
	15	17
net/minecraft/client/server/IntegratedServer	341	292
	258	225
	263	229
	268	233
	270	234
	271	235
	275	238
	280	242
	285	246
	289	250
	290	251
	294	254
	299	258
	304	262
	54	60
	310	267
	311	267
	56	61
	57	62
	313	267
	58	63
	60	64
	61	65
	318	271
	319	272
	320	273
	65	68
	67	69
	68	70
	324	277
	69	71
	325	278
	71	72
	327	280
	73	73
	75	74
	331	283
	76	75
	332	284
	77	76
	333	285
	334	286
	79	77
	338	289
	339	290
	84	81
	340	291
	341	292
	89	85
	90	86
	92	87
	93	88
	94	89
	95	90
	96	91
	97	92
	102	95
	103	96
	104	97
	105	117
	108	99
	111	100
	114	103
	116	104
	117	105
	118	106
	119	107
	121	110
	122	111
	123	112
	124	113
	125	114
	127	117
	131	120
	136	124
	140	128
	141	129
	143	131
	147	134
	152	138
	157	142
	162	146
	167	150
	172	154
	177	158
	178	159
	182	162
	183	163
	184	164
	186	165
	191	169
	197	174
	198	175
	199	176
	200	177
	201	178
	203	180
	205	181
	206	182
	207	183
	209	184
	210	185
	212	186
	213	187
	214	188
	215	189
	216	191
	217	192
	220	195
	221	196
	223	197
	228	202
	230	203
	231	204
	232	205
	234	207
	238	210
	239	211
	240	211
	242	212
	243	213
	246	216
	248	217
	250	218
	251	219
	252	220
	254	222
net/minecraft/client/renderer/FogRenderer	354	352
	256	243
	259	247
	260	248
	261	249
	264	251
	265	252
	266	253
	267	254
	268	255
	269	256
	270	257
	272	259
	273	260
	274	261
	275	262
	278	265
	279	266
	280	267
	281	268
	284	271
	285	272
	294	322
	295	323
	304	339
	308	343
	53	45
	309	344
	54	46
	310	345
	311	346
	56	47
	57	48
	313	348
	58	49
	59	50
	60	51
	316	352
	61	52
	62	53
	65	56
	66	57
	67	58
	323	278
	69	59
	70	60
	71	61
	328	283
	73	62
	329	284
	74	63
	330	285
	75	64
	331	286
	76	65
	77	66
	333	288
	78	67
	334	289
	79	68
	336	291
	81	69
	82	70
	83	71
	84	72
	86	74
	342	298
	87	75
	88	76
	89	77
	90	78
	91	79
	347	303
	92	80
	348	304
	93	81
	349	305
	94	82
	350	306
	95	83
	96	84
	98	86
	354	310
	99	87
	101	88
	102	89
	103	90
	104	91
	106	92
	107	93
	109	94
	110	97
	112	100
	113	101
	114	102
	116	103
	117	104
	118	105
	119	106
	120	107
	121	108
	123	111
	124	112
	125	113
	126	114
	127	115
	128	116
	129	117
	134	122
	135	123
	136	124
	138	125
	139	126
	140	127
	141	128
	142	129
	143	130
	144	131
	146	134
	147	135
	148	136
	149	137
	150	138
	151	139
	153	142
	156	145
	157	146
	158	147
	159	148
	160	149
	163	152
	164	153
	165	154
	167	157
	168	158
	169	159
	170	160
	173	163
	174	164
	175	165
	176	166
	180	170
	181	171
	182	172
	184	174
	186	176
	187	177
	189	179
	192	182
	193	183
	194	184
	195	185
	196	186
	199	189
	200	190
	203	193
	204	194
	208	198
	209	200
	211	203
	215	207
	216	208
	218	209
	219	210
	221	211
	222	212
	223	213
	224	214
	225	215
	226	216
	227	217
	229	219
	230	220
	232	222
	233	223
	234	224
	235	225
	237	227
	238	228
	240	230
	241	231
	242	232
	244	233
	245	234
	247	236
	248	237
	249	238
	251	239
	252	240
	254	241
	255	242
net/minecraft/client/gui/components/SpriteIconButton	116	127
	16	20
	17	21
	81	45
	18	22
	82	46
	19	23
	83	47
	20	24
	84	48
	23	27
	87	51
	88	52
	92	56
	28	89
	93	57
	29	90
	94	58
	33	94
	98	62
	34	95
	99	63
	35	96
	100	64
	36	97
	101	65
	37	98
	105	69
	41	102
	106	70
	110	74
	46	110
	111	75
	47	111
	113	77
	114	78
	51	115
	116	79
	52	116
	53	117
	54	118
	55	119
	59	123
	60	124
	61	125
	62	126
	63	127
net/minecraft/client/gui/components/debugchart/FpsDebugChart	51	51
	33	33
	37	37
	42	42
	47	47
	51	51
	20	21
	21	22
	25	26
	26	27
	27	28
	29	29
	30	30
	31	31
com/mojang/blaze3d/platform/DebugMemoryUntracker	47	43
	35	32
	36	39
	39	34
	40	35
	41	36
	43	39
	46	42
	15	18
	47	43
	17	19
	18	20
	19	21
	21	22
	22	23
	23	24
	24	25
	25	25
	27	25
	29	26
	30	27
net/minecraft/client/model/PufferfishMidModel	97	91
	19	21
	20	22
	21	23
	22	24
	25	27
	26	28
	28	29
	29	30
	30	31
	31	31
	32	31
	34	33
	35	34
	36	34
	37	34
	39	36
	40	37
	41	37
	42	37
	44	39
	45	41
	46	41
	47	42
	49	44
	50	46
	51	46
	52	47
	54	49
	55	51
	56	51
	57	52
	59	54
	60	56
	61	56
	62	57
	64	59
	65	61
	66	61
	67	62
	69	64
	70	66
	71	66
	72	67
	74	69
	75	71
	76	71
	77	72
	79	74
	80	76
	81	76
	82	77
	85	79
	90	84
	95	89
	96	90
	97	91
net/minecraft/client/gui/screens/inventory/EnchantmentNames	64	108
	64	108
	50	92
	51	93
	53	95
	54	96
	55	97
	57	100
	43	85
	59	103
	46	88
	63	107
net/minecraft/client/renderer/texture/Dumpable	0	0
net/minecraft/client/particle/NoteParticle	46	47
	32	33
	39	41
	40	42
	9	12
	10	13
	11	14
	12	15
	44	45
	13	16
	45	46
	14	17
	46	47
	15	18
	17	19
	18	20
	19	21
	21	22
	22	23
	23	24
	27	28
net/minecraft/client/particle/ShriekParticle	83	76
	64	58
	65	62
	68	60
	69	62
	75	69
	76	70
	80	73
	17	18
	81	74
	82	75
	19	19
	83	76
	21	20
	22	21
	23	22
	25	23
	26	24
	27	25
	28	26
	32	30
	37	35
	38	43
	41	36
	43	37
	44	38
	45	39
	47	40
	48	41
	49	43
	53	47
	58	52
	63	57
net/minecraft/client/gui/screens/reporting/NameReportScreen	52	50
	33	35
	34	39
	36	41
	37	42
	38	43
	39	44
	40	45
	41	46
	49	50
	50	50
	20	22
	52	50
	21	23
	24	26
	25	27
	28	30
	29	31
net/minecraft/client/renderer/chunk/RenderChunkRegion	79	73
	65	61
	35	34
	70	65
	40	38
	75	69
	45	44
	79	73
	50	48
	56	53
	27	27
	28	28
	60	57
	29	29
	30	30
	31	31
net/minecraft/client/telemetry/TelemetryProperty	179	189
	77	82
	144	185
	81	86
	145	186
	85	90
	149	189
	89	94
	93	98
	97	103
	101	112
	40	40
	105	117
	169	162
	106	120
	170	163
	107	121
	171	164
	44	47
	174	167
	47	53
	112	128
	113	129
	114	130
	179	171
	116	132
	118	134
	121	137
	126	141
net/minecraft/client/particle/SuspendedTownParticle	131	128
	128	94
	129	95
	130	96
	131	97
	8	11
	10	12
	11	13
	12	14
	13	15
	14	16
	16	17
	18	18
	19	19
	20	20
	22	21
	23	22
	27	26
	32	31
	33	32
	34	33
	38	37
	39	38
	40	39
	42	40
	43	41
	44	48
	47	43
	48	44
	49	45
	50	46
	51	48
	57	122
	58	123
	62	126
	63	127
	64	128
	72	106
	73	107
	77	110
	78	111
	79	112
	80	113
	88	55
	89	56
	93	59
	94	60
	95	61
	96	62
	97	63
	105	72
	106	73
	110	76
	111	77
	112	78
	113	79
	114	80
	115	81
	123	90
	124	91
com/mojang/blaze3d/font/SheetGlyphInfo	35	39
	19	23
	35	39
	23	27
	27	31
	15	19
	31	35
com/mojang/blaze3d/audio/Library	356	327
	258	161
	259	162
	264	164
	266	165
	270	170
	271	171
	272	172
	274	175
	275	176
	277	179
	281	183
	282	184
	283	185
	285	187
	286	188
	291	193
	292	194
	293	195
	295	198
	296	199
	298	202
	299	203
	301	206
	302	207
	305	209
	309	214
	311	215
	312	215
	315	215
	319	219
	320	220
	322	221
	323	222
	324	223
	69	43
	326	225
	329	228
	74	48
	334	233
	79	53
	338	237
	83	57
	339	238
	341	240
	88	62
	344	244
	348	254
	349	255
	350	255
	352	255
	97	282
	98	283
	356	259
	103	288
	104	289
	105	290
	107	293
	110	295
	111	296
	112	297
	115	300
	120	306
	121	307
	123	309
	124	310
	129	316
	130	317
	131	318
	135	322
	140	327
	150	70
	151	71
	154	74
	155	75
	157	76
	158	77
	159	78
	162	79
	163	80
	165	82
	167	84
	168	85
	171	85
	172	85
	173	85
	174	86
	177	89
	178	90
	181	92
	183	93
	184	94
	185	95
	187	96
	188	97
	190	98
	191	99
	193	100
	195	101
	197	103
	199	104
	200	105
	202	107
	203	108
	207	109
	208	114
	211	117
	212	118
	213	119
	214	120
	215	120
	216	120
	217	120
	218	120
	220	121
	221	122
	225	126
	228	129
	229	130
	230	131
	231	132
	234	135
	235	136
	236	137
	237	138
	240	141
	241	143
	242	144
	243	145
	246	149
	248	150
	249	151
	253	156
net/minecraft/client/renderer/entity/layers/DrownedOuterLayer	26	28
	19	20
	20	21
	21	22
	25	26
	26	28
net/minecraft/client/renderer/entity/IronGolemRenderer	37	36
	33	31
	34	32
	35	33
	36	34
	37	36
	16	19
	17	20
	18	21
	19	22
	23	25
	28	29
	29	30
	30	36
net/minecraft/client/renderer/block/BlockRenderDispatcher	117	130
	65	86
	67	88
	71	92
	72	93
	73	94
	74	95
	76	96
	78	97
	80	99
	83	102
	87	106
	92	110
	93	111
	94	126
	97	112
	35	37
	99	114
	36	38
	37	39
	101	115
	38	40
	102	116
	39	41
	103	117
	40	42
	104	118
	106	119
	43	45
	107	121
	109	123
	47	51
	48	57
	112	126
	51	52
	52	53
	116	129
	53	54
	117	130
	54	57
	58	69
	59	82
	60	83
	61	84
	63	85
net/minecraft/client/resources/model/ModelManager	223	307
	64	76
	65	77
	66	78
	67	79
	68	80
	71	83
	75	87
	79	91
	84	102
	85	103
	86	104
	87	106
	89	108
	91	109
	92	115
	93	120
	94	121
	95	122
	99	126
	100	127
	101	129
	102	131
	103	132
	104	139
	105	155
	106	156
	107	157
	108	158
	112	164
	117	172
	118	173
	119	175
	120	177
	121	178
	122	179
	123	180
	124	182
	125	189
	126	187
	127	188
	128	204
	129	205
	132	209
	135	214
	140	220
	142	221
	143	222
	145	223
	146	224
	147	225
	148	226
	149	227
	151	229
	152	230
	155	233
	156	240
	159	244
	160	245
	161	246
	163	247
	164	249
	165	250
	166	251
	167	252
	168	253
	169	254
	172	258
	173	260
	174	261
	175	262
	179	266
	181	267
	182	268
	184	269
	185	270
	186	271
	187	272
	188	273
	189	274
	191	275
	192	276
	193	277
	196	280
	197	281
	199	283
	200	284
	201	285
	202	286
	203	287
	204	288
	205	289
	209	293
	213	298
	218	302
	219	303
	222	306
	223	307
net/minecraft/client/gui/spectator/PlayerMenuItem	44	45
	32	33
	19	21
	21	22
	37	38
	22	23
	38	39
	23	24
	39	40
	40	41
	27	28
	28	29
	44	45
net/minecraft/client/particle/GustParticle	62	64
	32	34
	33	38
	35	36
	36	38
	42	45
	11	13
	43	46
	12	14
	13	15
	14	16
	15	17
	47	49
	16	18
	17	19
	21	23
	55	58
	56	59
	26	28
	60	62
	61	63
	62	64
	31	33
net/minecraft/client/resources/sounds/RidingMinecartSoundInstance	58	54
	36	37
	41	42
	42	43
	43	54
	46	44
	47	45
	48	54
	18	20
	19	21
	51	47
	20	22
	21	23
	53	48
	54	49
	23	24
	24	25
	56	51
	25	26
	26	27
	58	54
	27	28
	31	32
net/minecraft/client/resources/sounds/BeeSoundInstance	80	70
	66	60
	67	60
	69	60
	75	65
	80	70
	18	20
	19	21
	20	22
	21	23
	22	24
	23	25
	24	26
	25	27
	26	28
	30	32
	31	33
	33	34
	34	35
	37	38
	38	51
	39	53
	42	39
	43	40
	44	41
	46	42
	47	43
	48	44
	50	45
	52	47
	53	48
	55	53
	58	56
	59	56
	61	56
com/mojang/realmsclient/gui/screens/RealmsTermsScreen	96	102
	67	74
	68	75
	69	76
	70	77
	73	79
	78	85
	83	92
	85	93
	86	94
	87	95
	89	96
	90	97
	91	98
	92	99
	94	100
	95	101
	96	102
	33	33
	34	34
	35	35
	36	36
	40	40
	42	42
	43	45
	44	49
	48	53
	49	54
	50	55
	52	57
	56	62
	58	65
	59	66
	60	67
	61	68
	63	70
net/minecraft/client/renderer/debug/package-info	0	0
net/minecraft/client/gui/components/StringWidget	66	67
	64	65
	65	66
	66	67
	15	18
	16	19
	19	22
	20	23
	23	26
	24	27
	25	28
	29	31
	30	32
	34	36
	35	37
	39	41
	43	45
	47	49
	52	54
	53	55
	54	56
	55	57
	56	58
	57	59
	59	60
	60	61
	61	62
net/minecraft/client/gui/components/CommandSuggestions	573	589
	513	525
	514	526
	515	527
	516	528
	517	529
	519	530
	522	532
	526	537
	527	538
	528	539
	529	540
	530	541
	531	542
	532	543
	534	549
	537	552
	539	553
	540	554
	542	557
	543	558
	546	561
	547	562
	549	564
	550	565
	552	567
	555	570
	556	571
	557	572
	558	573
	559	574
	560	575
	561	576
	562	577
	563	578
	564	579
	567	582
	568	583
	569	584
	570	585
	571	587
	573	589
	78	81
	79	82
	80	83
	81	84
	82	85
	83	86
	84	87
	85	88
	86	89
	87	90
	89	91
	90	92
	93	95
	94	96
	95	97
	97	99
	100	102
	101	103
	104	106
	106	107
	107	108
	108	109
	109	112
	110	113
	112	110
	116	118
	120	122
	124	126
	125	127
	126	128
	127	129
	128	131
	129	132
	132	135
	133	136
	134	137
	137	140
	140	143
	144	147
	145	148
	146	149
	148	150
	151	152
	152	153
	154	154
	160	159
	161	160
	165	163
	166	164
	167	165
	169	166
	170	167
	171	169
	172	170
	173	173
	175	171
	178	177
	179	178
	183	182
	185	183
	186	184
	189	187
	190	188
	191	189
	194	192
	195	193
	196	194
	197	195
	198	196
	200	199
	202	200
	203	201
	204	202
	206	203
	207	204
	210	207
	212	208
	213	209
	214	210
	215	211
	216	214
	218	212
	219	214
	222	217
	223	218
	224	219
	225	220
	227	222
	230	225
	231	226
	234	228
	236	229
	237	231
	238	232
	241	235
	245	240
	246	241
	247	242
	248	243
	250	244
	254	248
	256	249
	257	250
	258	251
	259	253
	260	254
	261	255
	262	256
	264	258
	267	262
	268	263
	270	265
	271	266
	275	270
	276	271
	278	272
	279	272
	281	272
	282	273
	287	276
	288	277
	289	278
	291	280
	294	283
	295	284
	296	285
	297	290
	298	291
	299	292
	301	294
	302	295
	303	296
	304	297
	308	301
	309	302
	310	303
	311	304
	312	305
	314	307
	318	312
	319	312
	321	312
	327	317
	328	317
	331	317
	336	321
	337	322
	338	323
	340	324
	341	326
	342	327
	343	328
	346	331
	347	332
	350	336
	351	337
	354	338
	355	339
	356	340
	358	344
	359	345
	360	346
	361	347
	362	348
	363	349
	364	350
	367	354
	368	355
	372	359
	373	360
	375	362
	378	365
	379	366
	380	367
	382	369
	386	374
	387	376
	388	377
	389	378
	390	379
	391	380
	393	382
	396	385
	397	385
	399	385
	413	400
	414	401
	415	404
	416	405
	417	406
	418	407
	419	408
	420	409
	423	412
	424	413
	425	414
	426	415
	427	416
	428	417
	430	418
	431	419
	434	422
	435	423
	436	424
	437	431
	438	432
	439	433
	440	434
	444	439
	445	440
	446	441
	447	442
	453	450
	454	452
	455	453
	456	454
	457	457
	458	458
	459	459
	461	462
	463	465
	466	470
	467	471
	468	472
	469	473
	472	476
	475	479
	476	480
	479	482
	480	483
	481	484
	482	485
	485	488
	489	494
	490	499
	492	503
	493	504
	494	505
	497	507
	501	512
	502	513
	503	514
	504	515
	505	516
	506	517
	507	518
	508	519
	509	520
	510	521
	511	522
net/minecraft/client/renderer/block/model/package-info	0	0
net/minecraft/client/renderer/ItemInHandRenderer	669	609
	512	427
	513	428
	515	431
	517	432
	518	433
	520	435
	521	436
	522	437
	523	438
	524	439
	525	440
	528	441
	529	442
	530	443
	534	447
	536	457
	537	458
	538	459
	539	460
	541	462
	542	463
	545	466
	546	467
	547	468
	549	470
	550	471
	552	473
	554	474
	555	475
	556	476
	557	477
	559	478
	560	479
	561	480
	562	481
	563	482
	565	485
	566	486
	567	487
	568	488
	569	489
	571	492
	573	493
	574	494
	575	495
	578	497
	580	498
	581	499
	582	500
	583	501
	585	502
	586	503
	587	504
	588	505
	590	508
	591	509
	592	510
	593	511
	594	512
	596	515
	598	516
	599	517
	600	518
	603	520
	607	522
	608	523
	609	524
	610	525
	611	526
	612	527
	614	529
	615	530
	616	531
	617	532
	618	533
	619	534
	620	535
	623	538
	626	549
	627	551
	631	554
	632	555
	634	556
	635	557
	636	558
	638	559
	639	560
	641	563
	642	564
	645	567
	646	568
	647	569
	649	571
	650	572
	651	573
	654	576
	655	577
	658	580
	659	581
	661	583
	664	586
	665	587
	667	589
	156	120
	157	121
	669	591
	158	122
	159	123
	162	134
	163	149
	166	135
	167	149
	170	152
	171	153
	172	154
	173	154
	177	158
	179	159
	181	160
	183	161
	184	162
	185	163
	186	164
	188	165
	189	166
	191	168
	193	171
	194	172
	197	177
	199	178
	201	179
	202	180
	203	181
	204	182
	205	183
	208	186
	209	187
	211	188
	212	189
	213	190
	214	191
	215	192
	216	193
	218	194
	219	195
	220	196
	221	197
	222	198
	225	201
	226	202
	227	203
	228	204
	230	205
	231	206
	232	207
	234	208
	235	209
	236	210
	238	211
	239	212
	241	213
	244	216
	245	217
	247	218
	249	219
	250	220
	253	223
	254	224
	256	225
	258	226
	259	227
	261	228
	262	229
	264	230
	266	231
	268	232
	269	233
	270	234
	271	235
	273	236
	274	237
	276	239
	279	242
	280	243
	281	244
	282	245
	283	246
	284	247
	285	248
	291	249
	293	250
	294	251
	295	252
	296	253
	298	254
	300	255
	301	256
	302	257
	303	258
	304	259
	306	260
	307	261
	308	262
	310	264
	312	266
	315	269
	316	270
	318	271
	319	272
	320	273
	323	276
	325	277
	326	278
	328	279
	329	280
	330	281
	331	282
	334	285
	336	286
	337	287
	338	288
	340	289
	341	290
	342	291
	343	292
	345	293
	347	294
	348	295
	349	296
	351	297
	352	298
	354	299
	355	300
	357	302
	359	303
	360	304
	361	305
	363	306
	365	308
	368	311
	370	312
	371	313
	373	314
	374	315
	375	316
	376	317
	377	318
	380	321
	381	322
	382	323
	385	326
	386	327
	387	328
	389	329
	391	330
	392	331
	393	332
	394	333
	396	334
	397	335
	398	336
	399	337
	402	340
	403	341
	404	342
	405	343
	408	346
	409	347
	420	604
	421	605
	422	606
	425	609
	432	351
	433	352
	435	353
	436	354
	438	355
	439	356
	442	357
	443	358
	446	360
	447	361
	450	362
	454	367
	455	368
	457	369
	458	374
	462	370
	463	371
	464	372
	468	379
	472	394
	473	551
	476	395
	477	396
	479	397
	480	398
	481	399
	482	400
	485	402
	486	403
	487	404
	489	406
	491	408
	492	409
	493	410
	494	411
	496	412
	497	413
	499	414
	500	415
	501	416
	502	417
	504	418
	505	419
	506	420
	507	421
	509	424
	510	425
	511	426
net/minecraft/client/gui/screens/multiplayer/SafetyScreen	45	44
	33	35
	34	36
	36	37
	37	37
	39	38
	44	43
	45	44
	20	22
	21	23
	22	24
	26	28
	27	29
	28	29
	29	30
	30	31
	31	32
net/minecraft/client/renderer/block/LiquidBlockRenderer	382	352
	34	38
	35	39
	36	40
	37	41
	38	42
	39	43
	42	46
	46	50
	47	51
	48	52
	49	53
	51	55
	55	60
	61	64
	65	70
	69	74
	70	75
	72	76
	73	77
	74	78
	75	79
	77	80
	78	81
	79	82
	80	83
	81	84
	82	85
	83	86
	84	87
	85	88
	86	89
	87	90
	88	91
	90	92
	91	93
	93	95
	94	96
	95	97
	96	98
	98	99
	99	294
	102	100
	103	101
	104	102
	105	103
	107	104
	114	105
	115	110
	116	111
	117	112
	118	113
	119	114
	121	116
	122	117
	123	118
	124	119
	126	120
	127	121
	128	122
	129	123
	132	126
	133	127
	134	128
	136	129
	137	130
	139	131
	141	132
	142	133
	143	134
	144	135
	155	136
	156	145
	157	146
	158	147
	159	148
	160	149
	161	150
	162	151
	163	152
	164	153
	165	154
	167	156
	168	157
	169	158
	170	159
	171	160
	172	161
	173	162
	174	163
	175	164
	176	165
	177	166
	178	167
	179	168
	182	171
	183	172
	185	173
	187	174
	188	175
	189	176
	190	177
	191	178
	192	179
	193	180
	194	181
	196	182
	197	183
	198	184
	199	185
	201	186
	202	187
	203	188
	204	189
	206	190
	208	191
	209	192
	210	193
	211	194
	215	198
	216	199
	217	200
	218	201
	219	202
	221	203
	222	204
	223	205
	224	206
	226	207
	227	208
	228	209
	229	210
	232	213
	234	215
	243	223
	245	225
	246	226
	247	227
	248	228
	249	229
	250	230
	251	231
	252	232
	254	234
	255	235
	256	236
	257	237
	258	238
	259	239
	260	240
	261	241
	263	243
	264	244
	265	245
	266	246
	267	247
	268	248
	269	249
	270	250
	272	252
	273	253
	274	254
	275	255
	276	256
	277	257
	278	258
	282	261
	284	263
	286	264
	288	265
	289	266
	290	267
	291	268
	295	272
	296	273
	298	274
	299	275
	300	276
	302	277
	304	278
	305	279
	306	280
	308	281
	309	282
	310	283
	311	284
	313	285
	314	286
	315	287
	316	288
	317	289
	321	294
	324	297
	325	313
	327	298
	328	299
	329	300
	330	301
	331	302
	333	305
	335	308
	336	309
	337	310
	338	311
	342	318
	343	319
	344	320
	345	321
	346	322
	347	323
	349	325
	352	328
	353	329
	357	333
	358	334
	359	335
	360	335
	362	335
	363	337
	364	337
	366	337
	370	342
	371	343
	374	346
	375	347
	377	348
	378	349
	379	350
	380	351
	382	352
net/minecraft/client/gui/Font	350	400
	259	378
	260	379
	264	383
	265	384
	266	385
	267	386
	268	387
	269	388
	278	391
	279	392
	280	393
	281	395
	282	396
	286	400
	291	197
	292	198
	293	199
	297	214
	298	215
	299	216
	303	234
	304	235
	305	236
	51	45
	307	238
	52	46
	53	47
	54	48
	310	241
	57	51
	314	245
	62	56
	318	249
	63	57
	64	58
	65	59
	322	253
	68	60
	326	257
	72	67
	330	261
	76	83
	334	265
	80	89
	338	269
	84	104
	342	273
	88	110
	89	111
	90	113
	346	277
	91	114
	92	115
	93	116
	94	117
	350	281
	95	118
	96	119
	97	120
	98	121
	99	122
	101	123
	102	124
	103	125
	105	126
	111	133
	112	135
	113	136
	114	137
	118	140
	119	140
	121	140
	125	156
	126	157
	129	160
	131	161
	132	162
	133	163
	134	164
	137	167
	139	168
	143	183
	145	184
	146	185
	147	186
	148	187
	151	190
	153	191
	181	309
	182	310
	184	313
	185	314
	188	326
	189	327
	190	328
	191	329
	192	330
	193	331
	194	332
	195	333
	196	334
	197	335
	198	336
	199	337
	200	338
	204	341
	205	342
	206	343
	208	344
	213	345
	215	346
	216	350
	217	351
	218	352
	219	353
	220	354
	222	356
	223	357
	224	358
	227	361
	228	362
	229	363
	231	364
	232	365
	235	368
	237	369
	238	370
	239	371
	249	374
	250	375
com/mojang/realmsclient/dto/RealmsServerAddress	29	31
	18	19
	19	20
	21	23
	22	24
	23	25
	24	26
	25	27
	26	28
	29	31
net/minecraft/client/sounds/ChunkedSampleByteBuf	51	51
	32	33
	33	34
	34	35
	37	38
	39	39
	40	40
	43	42
	44	43
	45	44
	46	45
	47	46
	19	20
	51	51
	20	21
	21	22
	25	26
	26	27
	27	28
	28	29
	31	32
net/minecraft/client/particle/SmokeParticle	20	23
	16	20
	20	23
	8	11
	9	12
	15	19
com/mojang/blaze3d/audio/OpenAlUtil	86	94
	66	71
	67	72
	68	73
	70	74
	71	75
	72	76
	73	77
	74	80
	75	81
	77	83
	14	17
	78	84
	79	85
	16	19
	80	88
	81	89
	18	21
	20	23
	22	25
	86	94
	24	27
	26	29
	31	34
	32	35
	33	36
	34	37
	36	39
	40	44
	42	46
	44	48
	46	52
	48	50
	50	54
	52	56
	57	61
	58	62
	59	63
	60	64
	62	66
net/minecraft/client/animation/AnimationChannel	44	33
	35	24
	36	25
	37	26
	38	27
	39	28
	40	29
	41	30
	42	31
	28	19
	44	33
	29	20
	30	21
net/minecraft/client/renderer/entity/StrayRenderer	20	21
	16	18
	20	21
	13	16
	15	17
net/minecraft/client/gui/screens/inventory/ContainerScreen	37	37
	33	33
	34	34
	35	35
	36	36
	37	37
	15	17
	17	18
	18	19
	19	20
	21	21
	22	22
	23	23
	27	27
	28	28
	29	29
net/minecraft/client/sounds/WeighedSoundEvents	75	66
	34	25
	35	27
	67	58
	36	28
	38	31
	72	63
	73	64
	43	35
	75	66
	45	36
	46	48
	49	37
	50	39
	51	40
	53	41
	54	42
	58	46
	28	20
	30	21
	62	53
	63	54
net/minecraft/client/renderer/entity/layers/PhantomEyesLayer	18	21
	18	21
	13	16
	14	17
net/minecraft/client/gui/components/debugchart/PingDebugChart	36	38
	16	18
	17	19
	36	38
	21	23
	22	24
	26	28
	31	33
net/minecraft/realms/RepeatedNarrator	37	40
	16	18
	19	21
	35	38
	20	23
	36	39
	21	25
	37	40
	23	24
	25	27
	26	28
	28	30
	15	17
com/mojang/blaze3d/vertex/VertexMultiConsumer	140	147
	128	135
	133	140
	134	141
	7	10
	11	14
	139	146
	140	147
	15	18
	19	22
	28	31
	29	32
	31	34
	32	35
	33	37
	37	41
	38	42
	39	43
	44	48
	45	49
	46	50
	51	55
	52	56
	53	57
	58	62
	59	63
	60	64
	65	69
	66	70
	67	71
	72	76
	73	77
	74	78
	79	83
	80	84
	81	85
	85	99
	86	91
	87	92
	88	93
	89	94
	93	100
	96	103
	97	104
	99	106
	103	110
	104	111
	109	116
	110	117
	115	122
	116	123
	121	128
	122	129
	127	134
com/mojang/blaze3d/platform/WindowEventHandler	0	0
net/minecraft/client/resources/language/LanguageManager	92	85
	64	60
	65	61
	69	65
	71	66
	73	67
	75	68
	76	69
	79	72
	80	73
	83	76
	87	80
	92	85
	32	33
	33	34
	34	35
	37	38
	39	39
	41	41
	42	42
	44	43
	46	45
	47	46
	49	48
	51	49
	56	53
	57	54
	58	55
	59	56
	61	57
	62	58
	63	59
net/minecraft/client/model/IronGolemModel	106	97
	23	25
	24	26
	25	27
	26	28
	27	29
	28	30
	29	31
	32	34
	33	35
	35	36
	36	38
	37	38
	38	38
	39	39
	41	41
	42	43
	43	44
	44	46
	45	48
	47	50
	48	51
	49	51
	50	51
	52	53
	53	54
	54	54
	55	54
	57	56
	58	57
	59	57
	60	57
	62	59
	63	60
	64	60
	65	60
	68	62
	73	67
	78	71
	79	72
	81	73
	82	74
	83	75
	84	76
	85	77
	89	80
	90	81
	91	82
	92	83
	94	85
	95	86
	96	87
	97	88
	99	90
	100	91
	103	94
	106	97
net/minecraft/client/gui/screens/inventory/DispenserScreen	33	36
	32	35
	33	36
	18	21
	19	22
	20	23
	24	27
	25	28
	26	29
	13	16
	14	17
	30	33
	31	34
com/mojang/realmsclient/gui/screens/RealmsPlayerScreen	284	290
	260	237
	261	238
	263	239
	264	240
	266	242
	269	245
	270	246
	272	247
	273	248
	275	249
	276	250
	277	251
	278	252
	279	253
	280	254
	281	255
	282	256
	283	257
	284	258
	52	47
	53	48
	54	49
	55	50
	59	54
	61	55
	62	56
	64	57
	65	58
	66	61
	67	65
	69	67
	70	69
	71	70
	75	74
	76	75
	77	76
	79	78
	82	81
	83	88
	85	82
	86	84
	87	85
	89	88
	93	92
	94	93
	97	96
	98	97
	100	99
	102	101
	108	267
	109	273
	110	274
	114	278
	115	279
	116	280
	118	281
	122	285
	127	290
	150	119
	151	120
	153	121
	154	122
	155	123
	156	124
	157	125
	158	128
	159	129
	160	133
	162	134
	163	135
	164	136
	165	137
	166	138
	167	141
	168	142
	169	146
	171	147
	172	148
	173	149
	174	150
	175	151
	176	152
	177	155
	179	156
	180	157
	183	160
	184	161
	187	164
	188	165
	189	166
	191	169
	192	170
	195	173
	196	174
	199	177
	200	178
	201	179
	203	182
	204	183
	207	186
	208	187
	209	204
	210	189
	211	190
	213	193
	214	194
	215	195
	217	198
	218	199
	220	202
	221	203
	222	204
	223	205
	225	207
	228	210
	229	211
	231	213
	234	216
	235	217
	236	218
	239	221
	240	221
	242	221
	248	226
	253	231
net/minecraft/client/renderer/entity/LivingEntityRenderer	293	275
	257	236
	258	237
	259	238
	260	239
	261	240
	262	241
	263	242
	264	243
	265	244
	267	246
	269	248
	271	250
	273	252
	275	254
	278	259
	282	264
	283	265
	284	266
	285	267
	288	271
	293	275
	39	39
	40	40
	41	41
	42	42
	45	45
	50	50
	55	54
	58	55
	59	56
	60	57
	62	58
	63	59
	64	60
	67	61
	68	62
	70	63
	71	64
	72	65
	73	66
	75	69
	76	70
	78	73
	79	74
	80	75
	83	78
	86	81
	88	82
	89	83
	90	84
	93	87
	95	88
	96	89
	97	90
	98	91
	99	92
	103	96
	104	97
	106	98
	107	99
	111	100
	112	101
	115	102
	118	103
	119	104
	120	105
	121	106
	122	107
	123	108
	124	109
	127	112
	128	113
	132	117
	134	118
	136	119
	137	120
	138	121
	139	122
	141	123
	142	124
	143	125
	144	126
	145	127
	148	130
	149	131
	150	132
	154	136
	155	137
	156	138
	160	142
	161	143
	162	144
	164	145
	165	146
	167	148
	168	148
	170	148
	174	153
	178	157
	182	161
	184	163
	186	165
	188	167
	190	169
	192	171
	197	176
	201	180
	202	181
	205	184
	206	185
	208	188
	209	189
	210	190
	211	191
	212	192
	214	195
	215	196
	216	197
	217	198
	218	199
	219	200
	220	201
	221	202
	222	203
	223	204
	224	205
	225	206
	226	207
	228	209
	231	212
	235	216
	239	220
	243	224
	247	228
	251	231
	252	232
	253	233
	254	234
net/minecraft/client/multiplayer/ClientChunkCache	241	247
	38	39
	39	40
	40	43
	41	44
	42	45
	46	48
	50	52
	51	53
	53	55
	54	56
	58	61
	59	68
	61	62
	62	63
	63	64
	64	65
	66	68
	71	72
	72	73
	73	74
	74	75
	78	79
	79	79
	81	79
	86	83
	90	87
	91	88
	92	98
	94	90
	96	91
	97	92
	98	93
	100	95
	102	98
	106	102
	107	103
	108	104
	110	106
	112	107
	113	108
	114	109
	116	110
	117	111
	118	112
	120	114
	122	117
	123	118
	128	123
	131	126
	132	127
	133	128
	136	131
	137	132
	139	133
	140	134
	141	135
	142	136
	143	138
	144	139
	145	140
	146	141
	147	142
	148	143
	152	148
	154	150
	158	153
	163	157
	168	161
	173	165
	174	166
	185	178
	186	179
	187	180
	188	181
	191	184
	195	188
	196	189
	197	190
	198	191
	201	194
	202	195
	204	197
	207	200
	208	200
	209	201
	212	204
	213	205
	217	209
	222	214
	227	219
	228	222
	229	224
	230	225
	231	226
	232	227
	233	228
	234	229
	238	244
	239	245
	241	247
com/mojang/realmsclient/client/UploadStatus	0	0
net/minecraft/client/model/ColorableAgeableListModel	19	21
	18	20
	19	21
	13	15
	14	16
net/minecraft/client/renderer/PostChain	347	363
	256	267
	259	270
	263	274
	264	275
	265	276
	267	277
	268	278
	270	280
	274	283
	275	284
	277	287
	278	288
	280	291
	281	292
	284	295
	285	296
	286	297
	290	301
	291	302
	294	305
	295	306
	296	307
	297	309
	298	310
	300	313
	301	314
	303	316
	48	46
	49	47
	50	48
	306	319
	51	49
	307	321
	52	50
	308	322
	53	51
	54	52
	310	324
	55	53
	57	54
	313	327
	58	55
	314	329
	315	330
	61	58
	317	333
	62	98
	318	335
	63	64
	319	336
	320	337
	65	65
	321	338
	66	66
	322	339
	67	67
	324	342
	69	69
	326	345
	71	71
	327	346
	72	72
	73	73
	74	74
	330	349
	75	75
	331	350
	77	78
	333	352
	336	355
	81	82
	82	83
	83	84
	85	86
	341	360
	342	361
	87	88
	88	89
	344	363
	89	90
	345	363
	90	91
	91	92
	347	363
	93	95
	96	113
	97	114
	98	115
	99	116
	101	118
	104	121
	105	122
	107	124
	109	125
	110	126
	111	127
	113	128
	114	129
	116	132
	119	134
	122	137
	124	138
	125	139
	126	140
	127	141
	128	142
	129	143
	131	144
	132	145
	134	146
	135	147
	138	149
	140	150
	141	151
	142	152
	143	154
	145	156
	146	157
	147	158
	150	161
	151	162
	152	163
	154	165
	155	166
	157	169
	159	170
	160	171
	161	172
	165	175
	166	178
	168	179
	170	180
	171	181
	172	182
	173	183
	174	184
	175	185
	176	186
	177	187
	179	189
	180	190
	182	193
	184	194
	185	195
	187	197
	190	199
	191	200
	192	201
	193	202
	195	205
	199	209
	200	210
	201	211
	202	213
	204	215
	205	216
	206	217
	207	218
	208	219
	210	222
	213	226
	216	229
	217	230
	218	231
	220	232
	221	233
	224	235
	225	236
	226	238
	228	238
	230	240
	231	241
	232	242
	233	243
	234	244
	236	247
	239	250
	244	255
	245	256
	247	258
	248	259
	250	261
	251	262
	253	264
com/mojang/realmsclient/exception/RealmsDefaultUncaughtExceptionHandler	15	18
	9	13
	10	14
	14	17
	15	18
net/minecraft/client/gui/screens/multiplayer/WarningScreen	75	77
	66	67
	67	68
	69	71
	70	72
	71	73
	75	77
	32	30
	33	31
	36	34
	37	35
	38	36
	39	37
	40	38
	41	39
	47	45
	48	46
	49	47
	50	49
	51	51
	53	52
	54	53
	55	54
	56	55
	58	58
	60	60
	61	62
	62	63
com/mojang/blaze3d/platform/NativeImage	853	875
	513	857
	514	858
	518	862
	520	865
	521	866
	522	867
	524	869
	527	872
	528	873
	530	875
	535	499
	536	500
	538	502
	539	509
	540	506
	541	507
	543	521
	544	525
	547	540
	548	528
	549	532
	551	535
	552	536
	555	566
	556	552
	560	570
	562	574
	563	575
	564	576
	566	579
	567	589
	58	55
	570	580
	59	56
	571	581
	573	586
	62	59
	63	75
	65	60
	66	61
	67	62
	68	63
	69	64
	70	65
	582	593
	71	66
	583	594
	73	68
	585	596
	586	597
	75	71
	587	598
	76	72
	588	599
	589	600
	78	77
	591	602
	592	603
	81	80
	593	605
	82	88
	594	606
	595	607
	84	81
	596	608
	85	82
	86	83
	87	84
	599	612
	88	85
	89	86
	90	90
	603	615
	604	616
	605	617
	94	93
	608	620
	98	97
	612	623
	613	624
	102	101
	107	105
	620	627
	109	109
	621	628
	110	110
	622	629
	111	117
	623	630
	624	631
	113	113
	625	632
	114	114
	628	635
	119	121
	632	638
	633	639
	634	640
	123	126
	635	641
	124	127
	125	128
	637	644
	126	129
	638	645
	127	133
	639	646
	640	647
	641	648
	642	649
	133	137
	645	652
	134	138
	646	654
	136	139
	137	140
	139	142
	140	145
	652	657
	141	146
	653	658
	142	147
	654	659
	143	148
	656	661
	145	149
	657	662
	146	150
	658	663
	147	151
	659	663
	149	163
	661	666
	665	669
	154	168
	666	670
	155	169
	156	170
	157	171
	159	173
	160	174
	162	176
	165	179
	166	180
	678	842
	679	843
	168	182
	682	846
	174	185
	175	186
	176	187
	178	189
	181	193
	182	194
	185	197
	189	201
	193	205
	199	209
	200	210
	201	211
	202	212
	204	214
	205	215
	206	216
	212	221
	213	222
	214	223
	215	224
	217	226
	218	227
	219	228
	220	230
	734	708
	223	233
	735	709
	224	234
	736	710
	737	711
	226	236
	738	712
	739	713
	228	237
	740	714
	229	238
	741	715
	230	239
	742	716
	231	240
	743	717
	232	242
	744	718
	233	243
	745	719
	746	720
	235	246
	747	721
	750	724
	239	251
	240	252
	242	254
	754	728
	755	729
	244	255
	756	730
	245	256
	246	258
	247	259
	759	733
	760	734
	249	262
	761	735
	764	738
	254	265
	255	266
	768	742
	257	268
	258	269
	259	270
	260	271
	772	746
	264	276
	776	750
	266	277
	267	278
	268	279
	780	754
	269	280
	271	282
	272	283
	784	758
	273	284
	274	286
	788	762
	277	289
	278	290
	279	291
	280	292
	792	766
	281	293
	284	295
	796	770
	285	296
	800	774
	289	301
	290	302
	291	303
	292	304
	804	778
	293	305
	296	307
	808	782
	297	308
	812	786
	301	313
	302	314
	303	315
	304	316
	816	790
	305	317
	308	319
	820	794
	309	320
	824	798
	314	325
	315	326
	316	327
	828	802
	317	328
	320	330
	832	806
	321	331
	836	810
	840	814
	329	336
	330	337
	332	339
	844	818
	334	340
	846	820
	335	341
	336	342
	848	822
	337	343
	850	824
	339	344
	340	345
	341	346
	853	827
	342	347
	344	349
	345	348
	347	349
	348	350
	349	351
	350	352
	352	353
	353	354
	355	357
	356	358
	358	361
	359	362
	361	365
	362	366
	365	369
	366	370
	367	371
	368	372
	370	373
	371	375
	376	379
	377	380
	379	382
	380	383
	381	385
	382	386
	383	387
	384	388
	385	388
	386	388
	387	388
	388	388
	392	392
	396	397
	397	398
	400	401
	401	402
	406	405
	407	406
	408	406
	409	406
	411	408
	413	410
	417	414
	418	415
	419	416
	422	417
	423	418
	425	420
	427	423
	428	424
	430	425
	432	426
	433	427
	434	428
	435	429
	438	432
	439	433
	442	436
	445	439
	446	440
	448	441
	450	442
	452	443
	453	444
	454	445
	455	446
	459	450
	462	453
	463	454
	464	455
	466	457
	467	458
	468	459
	469	461
	472	464
	473	465
	474	466
	475	467
	478	470
	479	471
	482	474
	483	475
	486	476
	487	477
	490	479
	491	480
	492	481
	493	482
	496	483
	497	491
	500	484
	501	485
	502	486
	504	487
net/minecraft/client/renderer/debug/DebugRenderer	304	203
	257	164
	258	165
	261	168
	262	169
	265	172
	266	173
	275	178
	276	179
	278	180
	279	196
	282	181
	283	182
	284	183
	285	184
	287	185
	288	186
	289	187
	290	188
	292	189
	293	190
	295	191
	297	194
	298	196
	304	203
	52	50
	53	51
	54	52
	55	53
	56	54
	57	55
	58	56
	59	57
	60	58
	61	59
	62	60
	63	61
	64	62
	65	63
	66	64
	67	65
	68	66
	69	67
	70	68
	71	69
	72	70
	75	73
	76	74
	77	75
	78	76
	79	77
	80	78
	81	79
	82	80
	83	81
	84	82
	85	83
	86	84
	87	85
	88	86
	89	87
	90	88
	91	89
	92	90
	93	91
	94	92
	95	93
	96	94
	99	97
	100	98
	108	102
	109	103
	184	106
	185	107
	188	110
	189	111
	194	113
	195	114
	196	115
	198	116
	200	117
	201	118
	202	119
	203	120
	204	121
	207	123
	209	123
	212	123
	216	129
	217	130
	223	135
	224	136
	225	141
	228	137
	229	138
	230	139
	231	141
	237	144
	238	145
	239	150
	242	146
	243	147
	244	148
	245	150
	248	153
	249	154
	252	159
	253	160
	254	161
net/minecraft/client/animation/definitions/WardenAnimation	0	0
net/minecraft/client/renderer/Sheets	218	198
	193	175
	130	112
	194	175
	196	175
	134	116
	71	57
	200	179
	201	180
	138	120
	202	181
	203	182
	204	184
	205	185
	142	124
	207	186
	146	128
	211	191
	85	69
	213	193
	150	132
	215	195
	154	136
	218	198
	91	74
	158	140
	162	144
	166	148
	106	88
	170	152
	171	153
	172	154
	110	92
	177	159
	114	96
	178	160
	179	161
	118	100
	184	166
	122	104
	188	170
	126	108
com/mojang/realmsclient/gui/screens/RealmsParentalConsentScreen	65	65
	33	35
	65	65
	34	36
	35	37
	36	38
	37	39
	38	40
	39	40
	42	40
	44	41
	45	43
	46	45
	47	46
	51	50
	52	51
	56	55
	57	56
	27	29
	59	59
	28	30
	60	60
	29	31
	61	61
com/mojang/blaze3d/pipeline/MainTarget	157	137
	128	116
	129	118
	131	117
	140	122
	141	123
	143	124
	144	128
	146	125
	19	19
	147	126
	21	20
	22	21
	152	133
	25	24
	27	25
	28	26
	157	137
	30	27
	31	28
	32	29
	33	30
	34	31
	35	32
	37	33
	38	34
	39	35
	40	36
	41	37
	42	38
	43	39
	45	40
	47	41
	48	42
	50	43
	51	44
	53	45
	54	46
	55	47
	58	50
	60	51
	61	52
	63	53
	64	55
	65	56
	67	57
	68	58
	70	61
	71	62
	74	65
	75	66
	79	70
	83	74
	84	75
	86	76
	87	77
	89	78
	93	82
	94	83
	96	84
	97	85
	99	86
	111	99
	120	109
	121	110
	122	111
	125	114
	127	115
net/minecraft/client/gui/components/ContainerObjectSelectionList	209	215
	128	125
	133	130
	134	131
	138	135
	143	140
	144	141
	146	144
	147	145
	149	148
	22	25
	150	149
	23	26
	155	154
	28	31
	30	32
	32	33
	160	159
	33	36
	161	160
	34	37
	35	38
	163	162
	164	163
	39	40
	40	41
	41	42
	170	170
	43	43
	171	171
	172	174
	45	46
	173	172
	46	47
	174	173
	176	176
	49	49
	177	177
	50	50
	51	51
	179	180
	180	182
	181	183
	54	53
	182	184
	55	54
	183	185
	56	55
	184	186
	57	57
	61	61
	189	191
	63	65
	64	66
	65	67
	67	70
	195	197
	68	71
	196	198
	69	73
	197	199
	198	200
	199	201
	73	34
	201	204
	202	205
	203	208
	204	209
	78	80
	79	86
	207	213
	81	81
	209	215
	82	82
	83	83
	85	86
	89	90
	91	90
	93	90
	98	95
	103	100
	104	101
	105	102
	106	103
	108	105
	109	106
	110	107
	111	108
	114	112
	115	113
net/minecraft/client/gui/components/events/ContainerEventHandler	252	254
	27	30
	28	31
	29	32
	32	36
	37	41
	38	42
	39	43
	40	44
	41	45
	43	48
	46	52
	51	57
	52	58
	53	59
	54	60
	57	64
	62	69
	63	69
	65	69
	74	78
	80	83
	85	88
	90	93
	101	103
	105	107
	111	113
	112	114
	113	114
	115	114
	121	120
	124	121
	125	122
	126	123
	127	124
	132	128
	133	129
	135	131
	136	131
	139	131
	144	137
	145	138
	146	139
	147	140
	150	141
	151	143
	152	144
	154	145
	155	146
	157	148
	161	151
	163	152
	164	153
	166	155
	167	156
	168	157
	169	158
	170	159
	173	163
	178	168
	179	169
	180	170
	181	171
	182	172
	184	174
	185	175
	190	183
	191	184
	192	185
	193	186
	195	187
	196	189
	197	190
	200	191
	201	192
	202	193
	203	194
	204	195
	205	196
	206	196
	207	197
	213	204
	214	207
	215	209
	216	211
	217	212
	218	213
	219	214
	222	218
	227	225
	228	226
	230	227
	232	229
	233	232
	234	233
	237	234
	238	236
	240	238
	241	239
	242	240
	245	245
	246	247
	247	248
	248	249
	249	250
	252	254
net/minecraft/client/particle/FallingDustParticle	96	89
	64	57
	67	60
	68	61
	69	62
	70	64
	76	71
	77	72
	82	76
	19	21
	83	77
	20	22
	84	78
	22	23
	23	24
	87	80
	24	25
	88	81
	89	82
	26	26
	90	83
	28	27
	92	86
	93	87
	30	28
	94	88
	31	29
	32	30
	96	89
	34	31
	35	32
	36	33
	40	37
	45	42
	50	47
	51	48
	52	49
	54	50
	55	51
	56	64
	59	53
	61	54
	62	55
	63	56
net/minecraft/client/model/PiglinHeadModel	42	41
	32	32
	34	33
	35	34
	36	35
	37	36
	41	40
	42	41
	17	18
	18	19
	19	20
	20	21
	23	24
	24	25
	26	26
	31	31
net/minecraft/client/gui/font/providers/GlyphProviderType	32	32
	32	32
	22	23
	23	24
	24	25
	28	28
net/minecraft/client/renderer/entity/player/PlayerRenderer	245	244
	47	49
	49	50
	50	53
	51	54
	52	55
	54	58
	55	59
	56	60
	57	61
	58	62
	59	63
	60	64
	61	65
	62	66
	63	67
	67	70
	68	71
	69	72
	73	75
	74	76
	77	77
	81	81
	82	82
	83	83
	84	84
	85	85
	87	87
	89	88
	90	89
	91	90
	92	91
	93	92
	94	93
	96	94
	98	95
	99	96
	102	97
	103	98
	106	101
	107	102
	108	103
	110	105
	111	106
	114	109
	118	112
	119	113
	120	114
	123	116
	124	117
	125	118
	126	119
	127	122
	128	123
	129	126
	130	127
	131	130
	132	131
	133	134
	134	135
	135	138
	136	139
	137	142
	138	143
	141	145
	142	146
	146	149
	151	154
	156	158
	157	159
	158	160
	162	165
	164	166
	165	167
	166	168
	167	169
	168	170
	169	171
	170	172
	171	174
	172	181
	176	185
	177	186
	178	187
	181	190
	182	191
	185	194
	186	195
	189	200
	190	201
	192	202
	193	203
	194	204
	195	205
	196	206
	197	207
	198	208
	199	209
	200	210
	201	211
	205	214
	206	215
	208	216
	209	217
	211	218
	212	219
	214	220
	215	221
	218	224
	219	225
	220	226
	221	227
	222	228
	223	229
	224	230
	225	231
	227	233
	228	234
	232	235
	235	236
	236	237
	238	238
	240	239
	243	242
	245	244
net/minecraft/client/renderer/block/model/Variant	126	119
	64	59
	65	61
	67	60
	72	69
	73	70
	74	71
	75	72
	76	72
	25	27
	26	28
	27	29
	91	87
	28	30
	29	31
	93	88
	94	89
	95	90
	32	34
	96	91
	98	92
	37	39
	102	96
	42	44
	106	100
	107	101
	109	102
	46	48
	110	103
	111	104
	113	106
	51	52
	117	111
	121	115
	123	116
	124	117
	61	56
	62	57
	126	119
com/mojang/realmsclient/gui/screens/RealmsLongRunningMcoTaskScreen	111	112
	67	64
	69	65
	70	66
	72	68
	76	72
	77	73
	78	74
	80	76
	85	82
	86	83
	87	84
	88	85
	89	87
	90	89
	91	90
	95	94
	96	95
	97	96
	100	99
	101	100
	38	36
	39	37
	103	103
	40	38
	104	104
	41	39
	42	40
	107	107
	108	108
	45	42
	46	43
	110	111
	47	44
	111	112
	48	45
	49	46
	50	50
	51	51
	52	52
	58	55
	60	56
	61	57
	62	58
	63	60
net/minecraft/client/renderer/blockentity/LecternRenderer	44	39
	32	30
	34	31
	35	32
	37	33
	39	34
	40	35
	41	36
	43	37
	44	39
	19	22
	20	23
	24	26
	25	27
	26	39
	29	28
	30	29
net/minecraft/client/gui/font/providers/UnihexProvider	471	487
	260	190
	267	466
	271	470
	272	471
	273	473
	274	474
	275	475
	276	476
	277	477
	278	478
	279	479
	281	482
	286	487
	295	360
	299	364
	300	365
	301	366
	302	368
	303	369
	304	370
	305	371
	306	372
	307	373
	308	374
	53	49
	309	375
	54	50
	310	376
	311	377
	313	380
	59	55
	317	384
	318	385
	319	386
	64	60
	320	388
	321	389
	322	390
	323	391
	324	392
	68	442
	325	393
	69	443
	326	394
	70	444
	327	395
	71	445
	328	396
	72	447
	329	397
	330	398
	331	399
	75	450
	76	451
	333	402
	78	452
	339	330
	344	335
	90	302
	91	303
	92	303
	93	305
	349	340
	98	310
	354	345
	102	314
	359	350
	107	318
	112	322
	117	197
	118	198
	119	199
	120	201
	126	207
	127	208
	128	209
	132	213
	137	218
	141	227
	142	243
	399	87
	143	239
	401	88
	403	91
	147	247
	404	92
	148	248
	405	93
	150	286
	152	254
	153	255
	410	97
	154	256
	411	98
	155	257
	156	258
	413	101
	414	103
	415	104
	161	262
	418	107
	419	108
	163	264
	420	109
	164	265
	421	111
	165	266
	422	112
	166	267
	423	113
	167	269
	424	114
	168	270
	425	115
	169	271
	170	272
	427	117
	430	120
	431	121
	175	277
	432	122
	176	278
	177	279
	434	94
	178	280
	179	281
	180	282
	437	127
	182	295
	183	294
	441	131
	442	132
	443	133
	444	134
	445	135
	446	136
	447	137
	448	138
	449	139
	193	413
	450	140
	194	415
	451	141
	195	416
	452	143
	453	144
	197	419
	454	145
	455	146
	456	147
	457	148
	201	423
	202	424
	459	142
	206	427
	208	428
	465	154
	209	429
	466	155
	467	156
	211	431
	468	159
	212	432
	469	160
	214	435
	471	163
	220	65
	221	66
	223	68
	224	69
	225	73
	227	70
	228	71
	231	76
	234	79
	235	80
	236	81
	238	83
	243	171
	247	175
	248	176
	249	178
	250	179
	251	180
	252	181
	253	182
	255	185
net/minecraft/client/particle/ItemPickupParticle	97	105
	64	62
	65	63
	67	64
	68	65
	69	66
	71	67
	72	68
	73	69
	74	81
	75	82
	79	86
	80	87
	81	88
	83	91
	84	92
	85	93
	88	96
	89	97
	90	98
	91	99
	94	102
	95	103
	32	33
	96	104
	33	34
	97	105
	36	39
	37	40
	38	41
	39	42
	40	43
	41	44
	42	45
	43	46
	46	49
	47	49
	50	49
	55	54
	60	59
	61	60
	63	61
net/minecraft/client/model/SheepModel	52	45
	32	30
	33	31
	36	33
	41	37
	43	38
	44	39
	45	40
	49	43
	18	19
	19	20
	51	44
	52	45
	22	23
	23	24
	25	25
	26	26
	27	26
	28	26
	30	28
	31	30
net/minecraft/client/color/block/BlockColor	0	0
net/minecraft/client/sounds/SoundEngineExecutor	63	60
	32	30
	37	34
	41	38
	42	39
	44	41
	13	14
	15	15
	49	44
	18	18
	50	45
	19	19
	20	20
	21	21
	53	48
	22	22
	54	49
	56	52
	57	53
	58	54
	27	26
	60	57
	61	58
	62	59
	63	60
net/minecraft/client/renderer/debug/VillageSectionsDebugRenderer	48	45
	32	30
	33	31
	37	35
	39	36
	40	37
	41	38
	43	40
	44	41
	47	44
	48	45
	20	18
	24	22
	25	23
	28	26
	29	27
net/minecraft/client/gui/components/EditBox	580	555
	514	496
	515	497
	518	500
	522	504
	523	505
	524	506
	528	509
	529	526
	532	510
	534	511
	535	512
	536	513
	538	514
	539	515
	541	518
	542	519
	543	520
	544	521
	547	524
	548	526
	551	529
	552	530
	555	533
	559	537
	560	538
	563	541
	564	542
	55	55
	567	545
	568	545
	570	545
	62	61
	63	62
	575	550
	576	551
	66	65
	67	66
	579	554
	580	555
	70	69
	71	70
	72	71
	73	72
	75	74
	78	77
	79	78
	82	81
	83	82
	87	86
	88	87
	92	91
	93	102
	96	92
	97	93
	99	95
	102	98
	103	99
	104	100
	105	102
	108	105
	112	109
	113	110
	115	111
	119	115
	120	116
	123	119
	124	120
	125	121
	126	122
	127	142
	130	123
	131	124
	132	125
	133	126
	134	127
	136	130
	137	131
	140	134
	141	135
	142	142
	145	136
	146	137
	147	138
	149	139
	150	142
	153	145
	154	146
	156	148
	159	151
	160	152
	162	154
	164	156
	167	159
	168	166
	171	160
	172	161
	173	166
	176	163
	177	166
	180	169
	181	170
	184	173
	185	188
	188	174
	189	175
	190	188
	193	177
	194	178
	195	179
	196	188
	199	180
	201	181
	202	188
	205	182
	206	183
	207	188
	210	191
	214	195
	218	199
	219	200
	220	201
	222	203
	223	204
	224	215
	225	216
	227	219
	228	220
	231	205
	233	206
	234	207
	235	208
	237	210
	238	211
	244	225
	248	229
	249	230
	252	233
	256	237
	258	238
	259	239
	262	242
	263	243
	266	246
	267	247
	268	248
	271	251
	272	252
	275	255
	276	256
	280	260
	281	329
	284	261
	286	314
	287	315
	289	317
	292	320
	294	306
	295	307
	297	309
	300	312
	302	263
	303	264
	306	267
	308	300
	309	301
	312	304
	314	322
	316	323
	318	325
	320	326
	323	274
	324	275
	325	276
	326	277
	327	278
	328	279
	329	280
	330	281
	331	282
	332	283
	334	286
	335	288
	336	289
	337	290
	338	291
	340	294
	343	297
	347	334
	352	339
	353	340
	355	341
	356	342
	357	343
	360	346
	363	348
	368	354
	369	355
	370	356
	372	359
	373	360
	374	361
	378	365
	382	369
	383	423
	386	370
	387	371
	388	372
	391	375
	392	376
	393	377
	394	378
	395	379
	396	380
	397	381
	398	382
	400	383
	402	384
	403	385
	404	386
	407	389
	408	390
	410	391
	411	392
	412	393
	413	394
	414	395
	417	398
	418	399
	421	402
	422	403
	425	406
	426	407
	429	410
	430	411
	431	412
	433	414
	437	418
	438	419
	439	420
	441	423
	444	426
	445	427
	446	428
	447	429
	449	432
	450	433
	451	434
	452	435
	455	438
	456	439
	458	442
	459	443
	462	446
	463	447
	466	450
	468	451
	469	452
	470	453
	472	455
	475	458
	479	462
	483	466
	487	470
	488	471
	491	474
	492	475
	495	478
	496	479
	500	483
	501	489
	503	484
	504	485
	505	486
	507	489
	510	492
net/minecraft/client/gui/components/Button	107	98
	64	86
	65	87
	69	91
	70	92
	74	96
	75	97
	76	98
	16	18
	81	23
	88	27
	90	28
	91	29
	92	30
	96	34
	97	35
	101	39
	38	60
	39	61
	40	62
	106	44
	107	45
	43	65
	44	66
	45	67
	49	71
	50	72
	54	76
	55	77
	56	78
	60	82
com/mojang/realmsclient/dto/Backup	59	55
	32	26
	33	27
	35	30
	36	31
	37	32
	38	33
	39	34
	40	36
	41	36
	42	37
	43	38
	47	42
	48	43
	50	46
	54	50
	58	54
	59	55
net/minecraft/client/model/SquidModel	69	62
	65	58
	69	62
	20	21
	21	22
	22	23
	25	26
	29	30
	30	31
	31	32
	33	33
	34	34
	35	35
	36	35
	37	35
	40	37
	41	38
	42	38
	44	40
	45	41
	46	42
	47	43
	48	44
	50	45
	51	46
	53	47
	56	50
	61	55
	63	56
net/minecraft/client/color/item/package-info	0	0
net/minecraft/client/renderer/blockentity/BlockEntityRenderer	20	23
	16	19
	20	23
	12	15
net/minecraft/client/renderer/entity/LlamaSpitRenderer	44	39
	32	31
	34	32
	35	33
	37	34
	39	35
	40	36
	44	39
	20	22
	21	23
	22	24
	26	27
	28	28
	29	29
	30	30
com/mojang/realmsclient/util/task/OpenServerTask	74	76
	64	65
	66	68
	67	69
	70	72
	74	76
	25	26
	26	27
	27	28
	28	29
	29	30
	33	33
	34	35
	35	36
	36	37
	40	41
	41	42
	42	43
	43	44
	44	45
	47	48
	49	49
	50	50
	52	52
	54	54
	57	57
	58	58
	59	59
	61	62
	62	63
	63	64
net/minecraft/realms/RealmsConnect	117	116
	30	31
	31	32
	34	35
	35	36
	36	37
	38	38
	39	39
	40	40
	43	42
	45	45
	47	46
	48	47
	51	50
	53	53
	54	54
	57	58
	58	60
	59	61
	62	64
	63	65
	66	68
	68	69
	69	70
	72	73
	73	74
	74	75
	75	76
	76	77
	77	78
	79	79
	80	80
	83	83
	84	84
	86	85
	87	86
	88	87
	91	91
	92	93
	94	95
	95	97
	96	98
	99	101
	101	102
	102	102
	103	103
	104	104
	107	106
	110	109
	111	110
	112	111
	114	113
	117	116
net/minecraft/client/resources/model/BlockStateModelLoader	259	296
	257	264
	258	265
	259	267
	67	69
	72	81
	73	82
	74	83
	75	84
	77	85
	78	86
	79	87
	82	90
	83	91
	85	92
	86	94
	87	95
	89	98
	90	99
	93	102
	95	103
	97	104
	99	105
	100	106
	102	107
	104	108
	107	111
	108	112
	109	113
	112	115
	113	116
	114	119
	116	123
	119	126
	121	130
	122	135
	123	137
	124	138
	125	141
	127	145
	128	147
	129	148
	131	156
	133	158
	135	160
	136	161
	137	162
	138	163
	141	165
	142	166
	143	167
	144	168
	145	169
	146	170
	148	173
	151	176
	152	177
	153	178
	154	179
	156	181
	158	182
	159	183
	160	185
	161	186
	162	187
	163	188
	164	189
	168	193
	169	194
	171	196
	173	198
	176	201
	177	203
	178	204
	179	205
	180	206
	181	207
	182	208
	183	209
	184	210
	185	211
	186	215
	188	212
	190	216
	191	217
	196	222
	198	223
	199	224
	200	233
	203	225
	204	226
	205	227
	209	231
	215	240
	219	244
	220	245
	221	246
	224	249
	229	255
	230	256
	235	280
	236	281
	237	283
	238	284
	239	285
	240	286
	241	287
	245	291
	246	292
	250	296
net/minecraft/client/DebugQueryHandler	47	47
	35	35
	36	36
	40	40
	41	41
	42	42
	45	45
	46	46
	47	47
	21	21
	22	22
	25	25
	26	26
	27	27
	28	28
	31	30
net/minecraft/client/renderer/texture/SpriteLoader	134	149
	129	141
	134	149
	39	40
	40	41
	41	42
	42	43
	43	44
	46	47
	50	51
	51	52
	53	53
	54	54
	56	56
	57	57
	58	58
	59	59
	60	60
	61	68
	64	71
	68	74
	69	75
	72	77
	73	78
	74	79
	76	81
	80	85
	81	86
	82	87
	83	88
	84	93
	85	96
	86	97
	91	100
	92	101
	93	102
	94	103
	97	105
	98	107
	100	110
	103	113
	107	120
	108	122
	112	126
	116	132
	117	133
	118	134
	119	135
	123	139
	125	140
	126	140
net/minecraft/client/renderer/entity/layers/RenderLayer	40	60
	32	52
	33	53
	36	56
	40	60
	18	21
	19	22
	22	40
	23	41
	24	42
	25	43
	26	44
	28	46
	31	51
net/minecraft/client/gui/layouts/package-info	0	0
net/minecraft/client/gui/layouts/Layout	27	23
	22	18
	23	19
	24	20
	26	22
	27	23
	12	14
	13	15
net/minecraft/client/renderer/blockentity/VaultRenderer	50	60
	34	31
	35	32
	36	41
	39	33
	40	34
	41	36
	42	41
	45	55
	46	56
	47	57
	48	58
	49	59
	50	60
	20	24
	21	25
	25	28
	26	41
	29	29
	30	30
	31	41
net/minecraft/client/gui/screens/inventory/tooltip/ClientTextTooltip	29	31
	18	20
	23	25
	28	30
	13	15
	29	31
	14	16
net/minecraft/client/model/PufferfishSmallModel	72	60
	65	53
	70	58
	71	59
	72	60
	19	21
	20	22
	21	23
	22	24
	25	27
	26	28
	28	29
	29	30
	30	31
	31	31
	32	31
	34	33
	35	34
	36	34
	37	34
	39	36
	40	37
	41	37
	42	37
	44	39
	45	40
	46	40
	47	40
	49	42
	50	43
	51	43
	52	43
	54	45
	55	46
	56	46
	57	46
	60	48
net/minecraft/client/renderer/item/package-info	0	0
net/minecraft/client/gui/screens/inventory/CreativeInventoryListener	22	23
	17	19
	18	20
	22	23
	12	15
	13	16
net/minecraft/client/renderer/chunk/VisGraph	162	160
	128	125
	130	128
	133	130
	134	131
	136	134
	139	136
	140	137
	142	140
	145	142
	146	143
	148	146
	151	148
	152	149
	154	152
	157	154
	30	30
	158	155
	31	31
	160	158
	33	32
	34	34
	162	160
	35	35
	36	36
	37	37
	38	38
	43	43
	48	47
	49	48
	50	49
	53	52
	57	56
	61	60
	63	61
	64	62
	65	63
	66	64
	68	66
	69	67
	70	68
	75	73
	79	77
	81	78
	82	79
	83	80
	85	82
	86	83
	87	84
	89	86
	90	87
	91	88
	92	89
	93	90
	97	95
	101	99
	102	100
	103	101
	104	102
	105	103
	108	106
	109	107
	110	108
	111	109
	112	110
	115	113
	116	114
	117	115
	118	116
	119	117
	121	119
	124	122
	127	124
net/minecraft/client/model/VexModel	138	146
	128	136
	129	137
	130	138
	133	141
	134	142
	136	144
	138	146
	28	30
	29	31
	30	32
	31	33
	32	34
	33	35
	34	36
	35	37
	36	38
	39	41
	40	42
	42	43
	43	44
	44	45
	45	45
	47	47
	48	50
	49	52
	50	54
	52	56
	53	58
	54	59
	55	61
	56	63
	57	64
	59	66
	60	68
	61	69
	62	71
	63	73
	64	74
	66	76
	71	80
	72	81
	73	82
	74	83
	76	84
	77	85
	79	86
	80	87
	81	88
	83	90
	85	93
	86	94
	87	95
	88	96
	89	97
	90	98
	91	99
	94	102
	95	103
	96	104
	97	105
	98	106
	99	107
	100	108
	101	122
	104	110
	105	111
	106	112
	107	113
	109	116
	110	117
	111	118
	112	119
	114	122
	118	126
	123	131
	124	132
	125	133
	126	134
	127	135
net/minecraft/client/gui/components/Renderable	0	0
net/minecraft/client/resources/sounds/package-info	0	0
net/minecraft/client/resources/sounds/EntityBoundSoundInstance	37	38
	34	34
	35	35
	36	36
	37	38
	12	15
	13	16
	14	17
	15	18
	17	19
	18	20
	19	21
	20	22
	24	26
	29	31
	30	32
	31	38
net/minecraft/client/renderer/block/ModelBlockRenderer	648	961
	512	772
	513	773
	514	774
	516	775
	517	776
	518	777
	519	778
	521	779
	522	780
	523	781
	524	782
	526	783
	527	784
	528	785
	529	786
	531	787
	532	788
	533	789
	534	790
	537	806
	538	808
	539	809
	541	811
	544	814
	545	815
	547	818
	548	819
	550	822
	39	43
	551	823
	40	44
	553	826
	43	58
	44	59
	45	60
	557	830
	558	831
	47	63
	559	832
	48	64
	50	66
	52	68
	53	69
	54	70
	56	71
	57	72
	58	73
	60	75
	63	89
	64	90
	65	91
	67	92
	68	94
	580	960
	69	95
	581	961
	70	96
	71	97
	75	98
	76	99
	77	100
	81	105
	82	106
	83	107
	84	108
	86	110
	89	124
	90	125
	91	127
	92	128
	93	129
	94	130
	98	131
	99	132
	103	133
	105	134
	108	139
	109	140
	110	141
	111	142
	113	144
	116	158
	117	159
	118	160
	630	629
	631	630
	120	161
	632	631
	121	166
	633	632
	634	633
	635	634
	636	635
	126	179
	639	647
	640	648
	641	649
	642	650
	643	651
	644	652
	133	201
	645	653
	134	202
	135	203
	136	204
	648	656
	137	205
	139	207
	140	208
	141	209
	144	212
	145	213
	148	218
	149	219
	150	220
	151	221
	152	222
	153	223
	154	225
	155	226
	156	227
	157	228
	158	229
	159	230
	160	231
	161	232
	162	233
	163	234
	166	237
	167	238
	168	239
	169	240
	170	241
	171	242
	172	243
	173	244
	174	245
	175	246
	176	247
	177	248
	178	249
	179	250
	182	253
	183	254
	184	255
	186	257
	187	258
	188	259
	190	261
	191	262
	192	263
	194	265
	195	266
	196	267
	198	269
	199	270
	200	271
	202	273
	203	274
	204	275
	206	277
	207	278
	210	280
	213	294
	214	295
	215	296
	217	297
	218	298
	221	301
	222	302
	223	302
	228	304
	231	309
	232	310
	233	312
	234	313
	235	314
	237	317
	238	318
	239	319
	242	322
	246	326
	247	327
	248	328
	249	329
	251	331
	252	332
	253	333
	255	336
	257	338
	273	851
	274	852
	275	853
	276	854
	277	855
	278	856
	279	857
	282	861
	283	862
	284	863
	285	864
	286	865
	289	868
	299	876
	304	877
	305	878
	308	887
	309	881
	314	882
	315	883
	319	890
	320	891
	323	894
	324	895
	325	896
	326	897
	329	900
	330	901
	331	902
	332	903
	333	904
	337	908
	338	909
	339	910
	340	911
	342	914
	344	917
	348	921
	349	922
	350	923
	351	924
	352	925
	356	929
	357	930
	358	931
	359	932
	361	935
	363	938
	370	341
	371	342
	374	345
	375	346
	382	666
	385	671
	386	672
	388	673
	390	674
	392	675
	393	676
	394	677
	395	678
	397	679
	398	680
	399	681
	400	682
	402	683
	403	684
	404	685
	405	686
	407	687
	408	688
	409	689
	410	690
	412	691
	413	692
	414	693
	415	694
	416	695
	417	696
	418	697
	419	698
	430	701
	431	705
	432	706
	433	707
	434	708
	436	702
	437	703
	439	713
	440	717
	441	718
	442	719
	443	720
	445	714
	446	715
	448	725
	449	729
	450	730
	451	731
	452	732
	454	726
	455	727
	457	737
	458	741
	459	742
	460	743
	461	744
	463	738
	464	739
	467	747
	468	748
	469	749
	470	750
	471	751
	474	754
	475	755
	476	756
	478	757
	480	758
	481	792
	482	793
	483	794
	484	795
	486	796
	487	797
	488	798
	489	799
	491	800
	492	801
	493	802
	494	803
	496	759
	497	760
	498	761
	499	762
	501	763
	502	764
	503	765
	504	766
	506	767
	507	768
	508	769
	509	770
	511	771
net/minecraft/client/multiplayer/chat/report/package-info	0	0
com/mojang/realmsclient/gui/screens/RealmsUploadScreen	455	456
	97	91
	98	92
	99	93
	100	94
	101	95
	102	96
	103	97
	104	98
	105	99
	109	103
	110	104
	111	105
	113	106
	114	107
	115	108
	116	109
	118	111
	119	112
	120	113
	122	116
	123	117
	124	118
	125	119
	126	120
	127	121
	128	122
	130	124
	131	125
	135	130
	136	132
	137	133
	141	137
	142	138
	145	141
	146	142
	149	145
	150	146
	151	147
	155	151
	156	152
	157	153
	159	155
	161	158
	163	160
	168	166
	170	167
	171	171
	172	172
	175	175
	177	176
	178	177
	181	180
	182	181
	183	182
	186	185
	187	186
	188	187
	189	188
	192	191
	195	194
	196	195
	198	196
	199	197
	200	198
	201	199
	203	200
	204	201
	207	204
	208	205
	209	206
	210	207
	211	208
	213	211
	214	212
	217	215
	218	216
	220	218
	222	220
	225	223
	226	224
	227	225
	228	226
	229	227
	231	229
	235	233
	237	234
	239	235
	240	236
	241	237
	243	239
	246	242
	247	243
	248	244
	249	245
	251	248
	252	249
	253	250
	255	253
	260	259
	261	260
	264	263
	265	264
	266	385
	269	266
	271	268
	273	270
	274	271
	275	272
	278	275
	279	276
	282	279
	283	280
	287	284
	288	285
	289	385
	292	287
	294	288
	295	289
	296	385
	299	290
	300	291
	301	385
	304	293
	305	294
	307	295
	308	296
	309	385
	313	297
	314	339
	315	340
	316	341
	318	342
	319	343
	321	344
	322	345
	323	346
	325	385
	328	349
	329	350
	330	351
	332	385
	335	298
	337	300
	339	309
	340	310
	341	311
	342	312
	343	313
	344	314
	346	317
	348	318
	349	319
	351	321
	354	323
	356	325
	357	326
	358	327
	359	328
	360	329
	364	333
	365	334
	366	335
	370	359
	372	361
	374	363
	376	365
	378	366
	379	367
	381	382
	384	368
	386	369
	387	370
	389	373
	390	374
	393	377
	394	378
	395	379
	398	387
	399	388
	402	391
	403	392
	406	395
	407	396
	408	397
	411	400
	415	404
	417	408
	418	409
	419	410
	420	411
	421	412
	422	420
	424	415
	425	416
	431	424
	432	456
	435	425
	436	426
	437	427
	438	428
	440	429
	441	430
	442	433
	443	444
	444	445
	446	447
	447	448
	449	449
	450	450
	451	451
	455	456
net/minecraft/client/main/SilentInitException	14	14
	9	9
	10	10
	13	13
	14	14
net/minecraft/client/ClientBrandRetriever	12	13
	12	13
net/minecraft/client/gui/components/toasts/package-info	0	0
net/minecraft/client/renderer/entity/EntityRenderers	200	211
	24	27
	25	29
	29	74
	30	75
	31	76
	32	77
	33	78
	34	79
	35	80
	36	81
	37	82
	38	83
	39	84
	40	85
	41	86
	42	87
	43	88
	44	89
	45	90
	46	91
	47	92
	48	93
	49	94
	50	95
	51	96
	52	97
	53	98
	54	99
	55	100
	56	101
	57	102
	58	103
	59	104
	60	105
	61	106
	62	107
	63	108
	64	109
	65	110
	66	111
	67	112
	68	113
	69	114
	70	115
	71	116
	72	117
	73	118
	74	119
	75	120
	76	121
	77	122
	78	123
	79	124
	80	125
	81	126
	82	127
	83	128
	84	129
	85	130
	86	131
	87	132
	88	133
	89	134
	90	135
	91	136
	92	137
	93	138
	94	139
	95	140
	96	141
	97	142
	98	143
	99	144
	100	145
	101	146
	102	147
	103	148
	104	149
	105	150
	106	151
	107	152
	108	153
	109	156
	110	158
	111	159
	112	160
	113	161
	114	162
	115	163
	116	164
	117	165
	118	166
	119	167
	120	168
	121	169
	122	170
	123	171
	124	172
	125	173
	126	174
	127	175
	128	176
	129	177
	130	178
	131	179
	132	180
	133	181
	134	182
	135	183
	136	184
	137	185
	138	186
	139	187
	140	188
	141	189
	142	190
	143	191
	144	192
	145	193
	146	194
	147	195
	148	196
	149	197
	150	198
	151	199
	152	200
	153	201
	154	202
	155	203
	156	204
	157	207
	158	211
	161	33
	162	34
	165	37
	166	38
	168	40
	169	41
	170	42
	172	44
	173	45
	178	49
	179	50
	181	52
	182	53
	183	54
	185	56
	186	57
	190	61
	191	63
	192	64
	195	64
	196	65
	197	66
	200	70
net/minecraft/client/renderer/blockentity/StructureBlockRenderer	207	166
	25	25
	29	28
	30	97
	33	29
	34	30
	36	31
	37	97
	39	32
	40	97
	43	33
	44	34
	49	35
	53	36
	56	39
	58	41
	59	42
	60	43
	62	45
	63	46
	64	47
	66	49
	67	50
	71	57
	73	59
	74	60
	75	61
	76	62
	77	63
	79	65
	80	66
	81	67
	82	68
	83	69
	85	71
	86	72
	87	73
	88	74
	89	75
	91	77
	92	78
	93	79
	94	80
	98	83
	99	84
	100	85
	102	86
	103	87
	104	88
	107	91
	108	92
	110	97
	113	100
	114	101
	116	102
	117	103
	119	105
	120	106
	121	107
	122	108
	123	109
	124	110
	125	111
	126	112
	127	113
	129	114
	130	115
	131	116
	132	117
	133	118
	134	119
	136	120
	138	121
	140	122
	142	123
	144	124
	145	125
	146	126
	147	127
	163	131
	166	134
	167	135
	168	158
	171	136
	172	137
	174	138
	175	139
	177	141
	178	142
	179	143
	180	143
	181	143
	182	143
	187	147
	188	148
	189	149
	190	150
	191	151
	192	152
	193	153
	194	154
	196	155
	197	156
	198	158
	202	161
	207	166
net/minecraft/client/resources/sounds/AmbientSoundHandler	0	0
com/mojang/blaze3d/font/SpaceProvider	50	54
	49	53
	34	36
	50	54
	22	24
	38	42
	23	25
	39	42
	24	26
	40	43
	44	48
	29	31
net/minecraft/client/multiplayer/ClientAdvancements	107	111
	64	67
	68	71
	71	74
	74	77
	78	81
	79	82
	80	83
	82	86
	83	87
	84	88
	85	89
	88	92
	91	95
	92	96
	93	97
	94	98
	95	99
	96	100
	97	101
	99	103
	100	104
	37	37
	38	38
	102	106
	39	39
	42	42
	106	110
	43	43
	107	111
	44	44
	47	47
	48	48
	49	50
	50	51
	51	52
	52	53
	53	54
	54	55
	55	56
	56	57
	58	60
	59	61
	60	62
	62	65
	63	66
net/minecraft/client/gui/screens/recipebook/OverlayRecipeComponent	271	259
	257	232
	258	233
	260	234
	261	235
	262	236
	264	237
	265	238
	268	241
	270	244
	271	245
	56	58
	57	59
	59	60
	60	61
	63	64
	65	65
	66	66
	68	67
	69	68
	71	69
	72	70
	73	71
	74	72
	77	73
	78	74
	79	75
	80	76
	83	79
	84	80
	85	81
	86	82
	89	85
	90	86
	91	87
	92	88
	95	91
	97	92
	98	94
	99	95
	100	96
	102	97
	103	98
	104	99
	105	100
	107	102
	111	106
	112	107
	115	110
	120	115
	125	120
	126	121
	129	123
	130	124
	131	125
	132	126
	136	130
	141	136
	146	141
	147	159
	150	142
	152	143
	154	144
	155	145
	157	146
	158	147
	159	148
	161	149
	162	150
	164	151
	166	153
	167	154
	170	157
	171	159
	174	162
	175	163
	178	166
	184	171
	188	175
	193	251
	194	252
	198	256
	199	257
	200	258
	201	259
	210	185
	211	186
	212	187
	213	188
	214	189
	216	190
	217	191
	220	194
	221	195
	225	199
	226	200
	230	203
	231	204
	232	205
	234	207
	239	212
	240	213
	241	214
	243	216
	246	218
	247	219
	249	223
	252	228
	254	229
	255	230
net/minecraft/client/particle/CritParticle	92	92
	67	69
	68	70
	72	73
	9	12
	73	74
	10	13
	74	75
	11	14
	75	76
	12	15
	76	77
	13	16
	14	17
	15	18
	16	19
	17	20
	19	21
	20	22
	84	53
	21	23
	85	54
	22	24
	23	25
	25	26
	89	57
	90	58
	27	27
	91	59
	28	28
	92	60
	29	29
	33	33
	38	38
	39	39
	40	40
	41	41
	45	45
	52	86
	53	87
	57	90
	58	91
	59	92
net/minecraft/client/renderer/block/model/multipart/package-info	0	0
net/minecraft/client/resources/model/AtlasSet	76	89
	64	84
	33	35
	34	36
	35	37
	68	88
	69	89
	38	40
	39	47
	40	48
	41	50
	75	60
	76	61
	50	70
	51	71
	20	23
	52	72
	21	24
	22	25
	23	26
	56	76
	25	28
	28	31
	60	80
net/minecraft/client/renderer/debug/LightSectionDebugRenderer	140	150
	128	138
	129	139
	130	140
	131	141
	132	142
	133	143
	139	149
	140	150
	37	37
	38	38
	39	39
	43	43
	44	44
	45	45
	46	46
	49	51
	50	52
	52	53
	53	54
	54	55
	55	56
	58	68
	59	69
	60	70
	61	71
	62	72
	63	73
	64	74
	67	86
	68	87
	69	88
	70	89
	71	90
	72	91
	73	92
	74	93
	75	94
	76	95
	77	96
	80	101
	81	102
	82	103
	83	104
	93	105
	94	105
	95	105
	96	105
	98	107
	101	112
	102	113
	103	114
	104	115
	105	116
	106	117
	108	118
	109	119
	110	120
	111	121
	119	130
	121	131
	122	132
	124	134
	125	135
	126	136
	127	137
com/mojang/realmsclient/dto/PendingInvitesList	32	36
	32	36
	19	20
	21	23
	22	24
	23	25
	24	26
	25	28
	26	29
	29	32
	30	33
net/minecraft/client/renderer/package-info	0	0
net/minecraft/client/resources/model/UnbakedModel	0	0
com/mojang/realmsclient/gui/RowButton	65	70
	65	70
	16	18
	17	19
	18	20
	19	21
	20	22
	23	25
	24	26
	25	27
	26	28
	27	29
	32	34
	36	38
	42	46
	43	47
	44	48
	47	51
	50	56
	51	57
	53	58
	54	59
	55	60
	56	61
	57	62
	59	64
	60	65
	61	66
net/minecraft/client/renderer/block/model/ItemOverrides	125	129
	29	30
	30	31
	31	32
	34	35
	35	36
	36	37
	37	38
	38	39
	40	40
	41	42
	42	43
	45	46
	46	48
	47	49
	48	50
	50	51
	51	52
	52	53
	53	54
	55	55
	57	58
	58	59
	62	63
	63	64
	64	64
	66	64
	71	69
	72	70
	73	71
	74	73
	75	74
	76	75
	77	76
	78	77
	80	79
	84	83
	85	84
	86	85
	87	86
	88	87
	90	90
	95	95
	103	127
	104	128
	105	129
	114	105
	115	106
	116	107
	119	110
	120	111
	121	112
	122	113
	125	117
net/minecraft/client/renderer/debug/SolidFaceRenderer	97	97
	21	24
	22	25
	26	29
	27	30
	29	31
	32	33
	33	34
	35	35
	40	36
	41	38
	42	39
	44	40
	45	41
	46	42
	48	43
	49	44
	50	45
	52	46
	53	47
	54	48
	55	49
	56	50
	57	51
	58	52
	60	55
	61	56
	62	57
	63	58
	64	59
	65	60
	67	63
	68	64
	69	65
	70	66
	71	67
	72	68
	74	71
	75	72
	76	73
	77	74
	78	75
	79	76
	81	79
	82	80
	83	81
	84	82
	85	83
	86	84
	88	87
	89	88
	90	89
	91	90
	92	91
	93	92
	97	97
com/mojang/realmsclient/util/task/package-info	0	0
net/minecraft/client/particle/SpriteSet	0	0
net/minecraft/client/gui/components/tabs/GridLayoutTab	33	35
	16	18
	32	34
	17	19
	33	35
	21	23
	26	28
	27	29
	31	33
net/minecraft/client/renderer/entity/layers/ElytraLayer	65	60
	64	58
	65	60
	35	36
	36	37
	37	60
	42	39
	43	40
	44	41
	45	42
	46	43
	47	44
	49	46
	52	49
	55	52
	56	53
	58	54
	59	55
	29	31
	61	56
	30	32
	62	57
	31	33
net/minecraft/client/renderer/entity/WitherBossRenderer	47	40
	32	29
	34	29
	39	33
	41	34
	42	35
	43	36
	46	39
	47	40
	18	19
	20	20
	21	21
	25	24
	30	28
	31	29
net/minecraft/client/renderer/entity/SilverfishRenderer	22	23
	17	19
	22	23
	12	15
	13	16
net/minecraft/client/tutorial/FindTreeTutorialStepInstance	96	92
	64	59
	66	61
	70	65
	71	66
	72	67
	73	68
	76	71
	80	75
	81	76
	83	78
	86	81
	90	85
	91	86
	92	87
	93	88
	30	31
	31	32
	96	92
	35	36
	37	37
	38	38
	39	53
	42	40
	43	41
	44	42
	45	42
	46	43
	47	44
	52	48
	53	48
	54	49
	55	50
	58	53
	62	57
	63	58
net/minecraft/client/model/BeeModel	192	151
	40	38
	42	39
	44	40
	45	41
	46	42
	47	43
	49	44
	50	45
	51	46
	52	47
	53	48
	54	49
	57	52
	58	53
	60	54
	61	54
	62	54
	64	55
	65	56
	66	56
	68	58
	69	58
	70	58
	73	59
	74	60
	75	60
	76	60
	78	62
	79	63
	80	63
	81	63
	84	65
	85	66
	86	68
	87	68
	88	69
	90	71
	91	73
	92	73
	93	74
	95	76
	96	77
	97	77
	98	77
	100	79
	101	80
	102	80
	103	80
	105	82
	106	83
	107	83
	108	83
	111	85
	116	89
	118	90
	121	91
	122	92
	126	95
	127	96
	128	97
	129	98
	131	99
	132	100
	133	101
	134	102
	135	103
	136	104
	137	105
	139	106
	140	107
	141	108
	143	110
	144	111
	145	112
	147	113
	148	114
	149	115
	151	116
	152	117
	153	118
	155	119
	156	120
	157	121
	160	124
	161	125
	162	126
	163	127
	166	128
	167	129
	168	130
	170	131
	171	132
	173	133
	174	134
	176	135
	180	139
	181	140
	183	142
	187	146
	192	151
com/mojang/blaze3d/systems/package-info	0	0
net/minecraft/client/gui/screens/Screen	624	638
	512	515
	515	518
	519	522
	520	523
	521	524
	523	527
	524	528
	527	531
	528	533
	529	534
	530	535
	532	536
	533	537
	535	538
	536	539
	538	542
	539	543
	540	546
	541	547
	544	551
	546	553
	549	556
	554	561
	555	562
	556	565
	557	566
	558	567
	559	568
	560	569
	561	573
	563	570
	565	574
	566	575
	570	579
	574	583
	575	584
	578	587
	579	588
	581	590
	584	593
	585	594
	588	597
	589	598
	592	601
	593	602
	595	604
	598	607
	599	608
	602	611
	603	612
	98	97
	99	98
	611	635
	100	99
	612	636
	613	637
	102	101
	614	638
	105	104
	106	105
	619	616
	109	108
	624	621
	113	112
	117	116
	118	117
	119	118
	120	119
	122	121
	126	125
	127	127
	128	128
	130	130
	134	134
	135	135
	136	136
	138	137
	139	138
	141	140
	142	144
	143	143
	144	146
	145	145
	146	141
	147	142
	149	148
	150	149
	152	150
	153	151
	154	152
	156	155
	157	156
	160	160
	164	165
	165	166
	169	170
	173	174
	174	175
	175	176
	176	177
	177	178
	180	181
	183	184
	184	185
	185	186
	187	188
	190	191
	191	192
	192	193
	194	195
	198	199
	199	200
	200	201
	203	204
	207	208
	208	209
	211	212
	212	213
	216	217
	217	218
	221	222
	222	223
	223	224
	227	228
	228	229
	230	232
	231	233
	233	236
	234	237
	237	240
	238	241
	239	242
	240	243
	243	246
	247	252
	250	255
	251	256
	254	258
	255	259
	256	260
	257	261
	259	263
	260	264
	261	265
	262	266
	265	270
	266	271
	267	272
	268	273
	269	274
	271	277
	272	278
	274	280
	276	282
	277	283
	279	285
	280	286
	281	287
	282	288
	283	289
	284	290
	285	291
	286	292
	287	293
	290	296
	292	298
	293	299
	295	301
	298	304
	300	307
	304	312
	305	313
	306	314
	307	315
	308	316
	309	317
	310	318
	312	320
	314	323
	315	324
	317	325
	318	326
	321	329
	322	330
	323	331
	324	332
	325	333
	329	337
	333	341
	336	344
	339	347
	342	350
	345	353
	346	354
	348	357
	349	358
	350	359
	353	362
	354	363
	355	364
	358	367
	359	368
	362	371
	363	372
	366	375
	367	376
	370	379
	371	380
	372	381
	373	382
	374	383
	377	386
	378	387
	381	390
	386	394
	387	395
	390	397
	394	402
	398	407
	402	412
	406	416
	410	420
	414	424
	419	428
	420	429
	424	432
	425	433
	426	434
	427	435
	431	439
	432	440
	433	441
	434	442
	435	443
	436	444
	438	446
	441	449
	442	450
	444	451
	445	452
	448	454
	449	454
	452	454
	457	460
	461	464
	464	467
	465	468
	466	469
	468	471
	471	474
	472	475
	475	478
	476	479
	479	482
	480	483
	483	486
	484	487
	487	490
	491	494
	492	495
	493	496
	494	497
	495	498
	498	501
	501	504
	502	505
	504	507
	507	510
	508	511
	509	512
	510	513
net/minecraft/client/gui/screens/inventory/HangingSignEditScreen	37	38
	32	33
	33	34
	18	21
	20	22
	37	38
	24	26
	25	27
	29	31
	30	32
net/minecraft/client/searchtree/IntersectionIterator	41	39
	32	26
	33	27
	34	28
	35	29
	38	32
	39	33
	41	35
	19	18
	20	19
	22	20
	23	21
	28	25
	29	39
net/minecraft/client/renderer/FaceInfo	81	89
	65	62
	66	63
	69	66
	78	86
	79	87
	80	88
	81	89
	50	48
	51	49
	52	50
	53	51
	54	52
	55	53
	56	54
	61	58
net/minecraft/client/sounds/LoopingAudioStream	56	61
	32	23
	36	27
	41	32
	42	33
	43	34
	44	35
	45	36
	46	37
	49	40
	18	57
	19	58
	54	44
	55	45
	56	46
	24	61
	28	19
	29	20
	30	21
	31	22
net/minecraft/client/model/geom/builders/LayerDefinition	19	22
	19	22
	10	13
	11	14
	12	15
	15	18
net/minecraft/client/renderer/entity/WanderingTraderRenderer	30	30
	17	19
	18	20
	19	21
	23	24
	28	28
	29	29
	30	30
	15	18
net/minecraft/client/resources/GrassColorReloadListener	26	26
	17	18
	18	19
	19	20
	25	25
	26	26
net/minecraft/client/gui/screens/ReceivingLevelScreen	86	87
	65	67
	66	68
	73	74
	74	75
	76	77
	80	81
	81	82
	82	83
	86	87
	23	25
	24	26
	25	27
	26	28
	27	29
	31	33
	36	38
	41	43
	42	44
	43	45
	47	49
	49	57
	50	58
	51	59
	54	51
	55	52
	57	54
	59	61
	62	64
	63	65
com/mojang/realmsclient/dto/PingResult	0	0
net/minecraft/client/particle/HugeExplosionParticle	55	55
	33	34
	34	35
	35	39
	38	37
	39	39
	11	13
	43	43
	12	14
	13	15
	14	16
	15	17
	16	18
	17	19
	18	20
	50	51
	19	21
	51	52
	20	22
	55	55
	24	26
	29	31
	30	32
	31	33
net/minecraft/client/model/FrogModel	162	117
	128	92
	129	92
	132	94
	133	95
	134	95
	135	95
	138	97
	143	101
	145	102
	146	103
	147	104
	149	105
	150	106
	152	108
	155	111
	157	112
	158	113
	31	32
	32	33
	33	34
	34	35
	162	117
	35	36
	36	37
	37	38
	38	39
	39	40
	40	41
	41	42
	44	45
	45	46
	47	47
	48	47
	49	47
	51	48
	52	50
	53	50
	54	50
	55	51
	57	53
	58	55
	59	55
	60	55
	61	56
	63	58
	64	58
	65	58
	67	59
	68	60
	69	60
	70	60
	72	62
	73	63
	74	63
	75	63
	78	65
	79	67
	80	67
	81	68
	84	70
	85	71
	86	71
	87	71
	90	73
	91	74
	92	74
	93	74
	96	76
	97	77
	98	77
	99	77
	102	79
	103	80
	104	80
	105	80
	108	82
	109	83
	110	83
	111	83
	114	85
	115	86
	116	86
	117	86
	120	88
	121	89
	122	89
	123	89
	126	91
	127	92
net/minecraft/client/model/WaterPatchModel	0	0
net/minecraft/client/renderer/entity/DragonFireballRenderer	53	51
	32	30
	34	31
	35	32
	37	33
	38	34
	39	35
	40	36
	42	37
	44	38
	45	39
	48	42
	49	48
	19	20
	20	21
	53	51
	24	24
	29	28
	30	29
net/minecraft/client/gui/screens/recipebook/RecipeBookTabButton	119	105
	31	29
	32	30
	34	31
	35	32
	38	35
	39	36
	40	37
	41	47
	43	38
	44	39
	45	40
	46	41
	48	42
	52	47
	56	51
	57	76
	60	52
	61	53
	62	54
	63	55
	64	56
	65	57
	68	60
	69	61
	71	62
	73	63
	74	64
	75	65
	78	68
	79	69
	81	70
	83	71
	84	72
	85	73
	87	76
	90	79
	92	80
	94	81
	95	82
	96	83
	97	84
	98	85
	100	87
	103	90
	107	94
	108	95
	110	96
	111	97
	112	98
	113	99
	114	100
	119	105
net/minecraft/client/gui/layouts/LinearLayout	110	114
	66	65
	71	70
	72	71
	76	75
	77	76
	16	15
	17	16
	81	80
	20	19
	21	20
	22	21
	86	85
	25	24
	26	25
	90	89
	30	29
	94	93
	34	33
	101	102
	38	37
	102	104
	103	107
	105	109
	42	41
	108	112
	109	113
	46	45
	110	114
	51	50
	52	51
	56	55
	57	56
	61	60
net/minecraft/client/particle/TerrainParticle	110	103
	68	66
	73	71
	76	72
	77	72
	80	72
	21	21
	22	22
	87	103
	25	25
	26	26
	27	27
	28	28
	29	29
	30	30
	31	31
	95	89
	96	90
	33	32
	97	91
	34	33
	98	92
	35	34
	36	35
	100	95
	37	36
	40	39
	42	40
	106	79
	43	41
	107	80
	44	42
	108	82
	110	81
	48	46
	53	51
	58	56
	63	61
net/minecraft/client/model/SpiderModel	143	124
	128	110
	129	111
	130	112
	131	113
	132	114
	133	115
	135	116
	136	117
	137	118
	138	119
	139	120
	140	121
	141	122
	142	123
	143	124
	33	34
	34	35
	35	36
	36	37
	37	38
	38	39
	39	40
	40	41
	41	42
	42	43
	43	44
	46	47
	47	48
	49	49
	50	50
	51	51
	52	51
	53	51
	55	53
	56	54
	57	54
	58	54
	60	56
	61	57
	62	57
	63	57
	65	59
	66	59
	67	60
	68	60
	70	61
	71	62
	72	63
	73	64
	74	65
	75	66
	76	67
	77	68
	79	69
	84	74
	89	79
	90	80
	92	81
	93	82
	94	83
	96	84
	97	85
	99	86
	100	87
	102	88
	103	89
	105	90
	106	91
	107	92
	108	93
	109	94
	110	95
	111	96
	112	97
	113	98
	114	99
	116	100
	117	101
	118	102
	119	103
	121	104
	122	105
	123	106
	124	107
	126	108
	127	109
net/minecraft/client/renderer/entity/TntRenderer	48	46
	32	34
	35	37
	36	38
	37	39
	39	40
	41	41
	43	42
	44	43
	16	19
	48	46
	17	20
	18	21
	19	22
	23	25
	24	26
	25	27
	26	28
	27	29
	28	30
	29	31
	30	32
	31	33
com/mojang/realmsclient/util/UploadTokenCache	19	22
	18	21
	19	22
	10	13
	14	17
	15	18
net/minecraft/client/renderer/entity/BatRenderer	17	19
	17	19
	12	15
	13	16
net/minecraft/client/renderer/entity/SpectralArrowRenderer	15	17
	10	13
	11	14
	15	17
com/mojang/blaze3d/platform/Window	480	464
	64	63
	66	64
	67	65
	69	66
	71	67
	72	68
	73	69
	74	70
	75	71
	77	73
	79	76
	82	77
	84	78
	85	79
	87	80
	89	81
	90	82
	91	83
	92	84
	93	85
	94	86
	96	87
	98	88
	99	89
	100	90
	101	91
	103	93
	104	94
	105	95
	106	96
	107	97
	110	100
	112	101
	116	102
	117	103
	119	104
	121	105
	123	106
	124	107
	125	108
	126	109
	127	110
	128	111
	131	114
	132	116
	133	117
	134	118
	135	119
	136	120
	137	121
	138	122
	139	123
	144	128
	145	129
	150	133
	154	137
	155	138
	156	139
	157	140
	158	141
	159	142
	160	143
	163	146
	167	149
	168	150
	170	153
	171	154
	172	156
	173	157
	174	159
	175	160
	176	161
	177	162
	178	163
	180	164
	181	165
	182	166
	183	167
	187	171
	189	174
	192	177
	195	182
	197	184
	200	187
	201	188
	206	191
	207	192
	210	195
	211	197
	212	199
	216	203
	217	204
	218	205
	219	206
	220	207
	221	208
	224	211
	225	212
	226	213
	228	215
	231	218
	232	219
	233	220
	234	221
	238	224
	239	225
	240	226
	241	227
	242	228
	243	229
	246	232
	247	233
	248	234
	251	237
	252	248
	254	238
	255	239
	257	240
	258	248
	261	241
	262	242
	263	243
	264	244
	266	248
	269	251
	270	252
	271	253
	273	254
	274	255
	275	256
	278	259
	279	260
	280	261
	283	264
	284	265
	286	267
	289	270
	290	271
	292	273
	295	276
	296	277
	299	280
	303	284
	304	285
	305	286
	306	287
	308	289
	311	292
	315	296
	316	297
	317	298
	318	299
	320	301
	323	304
	324	305
	325	306
	326	307
	328	309
	333	312
	334	313
	335	314
	336	315
	337	316
	338	317
	340	319
	342	320
	344	323
	345	324
	346	325
	347	326
	348	327
	349	328
	351	331
	352	332
	353	333
	354	334
	355	335
	356	336
	358	337
	362	341
	363	342
	364	343
	365	344
	366	345
	368	347
	371	350
	372	351
	375	354
	376	355
	377	356
	378	357
	379	358
	382	361
	384	364
	385	365
	386	366
	387	367
	388	368
	389	369
	391	371
	394	374
	395	376
	396	377
	398	380
	399	381
	401	384
	405	388
	406	389
	407	390
	408	391
	409	392
	410	393
	413	396
	414	397
	417	400
	421	404
	425	408
	429	412
	433	416
	434	417
	437	420
	438	421
	441	424
	445	428
	449	432
	453	436
	457	440
	461	444
	465	448
	470	453
	474	457
	475	458
	479	463
	480	464
com/mojang/realmsclient/util/JsonUtils	100	101
	64	69
	65	69
	67	69
	71	73
	72	74
	73	75
	75	77
	14	16
	15	17
	16	18
	80	82
	17	19
	81	83
	18	20
	82	84
	20	22
	84	86
	25	28
	89	91
	26	29
	90	92
	27	30
	91	93
	28	31
	29	32
	93	95
	31	34
	98	100
	35	39
	99	101
	36	40
	100	101
	37	41
	39	43
	43	48
	44	49
	45	50
	47	52
	53	58
	54	59
	55	60
	57	62
	63	68
net/minecraft/client/gui/layouts/GridLayout	215	225
	129	138
	134	143
	135	144
	138	147
	142	151
	146	155
	19	21
	20	22
	23	25
	24	26
	28	30
	156	166
	157	167
	30	31
	158	168
	31	32
	159	169
	160	170
	33	34
	161	171
	34	35
	35	36
	164	174
	38	39
	39	40
	168	178
	41	42
	42	43
	43	44
	44	46
	45	47
	47	50
	48	51
	49	53
	177	188
	50	54
	178	189
	181	192
	54	58
	55	59
	57	60
	185	196
	58	62
	59	63
	61	66
	189	200
	62	68
	63	69
	193	204
	66	72
	194	205
	67	73
	68	75
	196	206
	69	76
	197	207
	198	208
	71	79
	199	209
	72	80
	201	212
	74	81
	75	83
	203	213
	76	84
	78	87
	79	88
	207	217
	82	91
	83	92
	211	221
	84	93
	87	96
	215	225
	91	100
	95	104
	99	108
	103	112
	104	113
	106	114
	107	115
	109	117
	110	118
	111	119
	115	124
	119	128
	120	129
	124	133
	125	134
net/minecraft/client/searchtree/MergingUniqueIterator	46	39
	34	29
	35	30
	37	31
	38	32
	41	34
	42	35
	43	36
	46	39
	20	18
	21	19
	23	20
	24	21
	28	25
	29	26
	30	27
	31	28
com/mojang/realmsclient/util/task/ResettingGeneratedWorldTask	19	22
	18	21
	19	22
	12	15
	13	16
	14	17
net/minecraft/client/gui/font/providers/package-info	0	0
net/minecraft/client/gui/screens/GenericWaitingScreen	96	91
	64	60
	65	61
	67	64
	68	65
	72	69
	74	70
	76	71
	77	72
	78	73
	80	75
	82	77
	86	81
	91	86
	92	87
	29	28
	96	91
	33	32
	37	36
	38	37
	39	38
	40	39
	41	40
	42	41
	46	45
	48	46
	49	47
	52	50
	53	51
	55	52
	56	53
	57	54
	59	55
	60	56
net/minecraft/client/renderer/block/model/ItemTransform	117	98
	26	26
	27	27
	28	28
	29	29
	32	32
	33	46
	35	33
	36	34
	37	35
	39	36
	40	37
	41	38
	44	41
	45	42
	46	43
	47	44
	48	46
	52	49
	53	50
	56	51
	57	54
	59	55
	62	52
	67	60
	68	61
	69	62
	70	62
	82	74
	84	75
	86	76
	87	77
	88	78
	89	78
	90	78
	91	78
	94	79
	95	80
	96	80
	97	80
	98	80
	101	81
	105	85
	106	86
	108	88
	109	89
	110	90
	113	92
	114	94
	115	95
	117	98
net/minecraft/client/gui/components/BossHealthOverlay	185	175
	128	120
	129	121
	133	124
	134	125
	135	126
	136	127
	140	130
	141	131
	142	132
	143	133
	144	134
	146	136
	149	139
	150	140
	153	143
	154	144
	155	145
	156	146
	161	151
	165	155
	166	156
	167	157
	168	158
	173	163
	177	167
	178	168
	179	169
	180	170
	185	175
	58	58
	59	59
	62	62
	63	83
	66	63
	68	64
	70	65
	71	67
	72	68
	74	69
	76	69
	77	70
	78	71
	79	72
	80	73
	81	74
	82	75
	84	76
	89	81
	90	83
	93	86
	94	87
	95	88
	96	89
	98	91
	101	96
	102	97
	103	98
	104	99
	106	102
	107	103
	110	106
	113	108
	114	109
	118	112
	119	113
	123	116
	124	117
net/minecraft/client/renderer/ItemModelShaper	51	53
	35	36
	39	40
	40	41
	43	44
	47	48
	48	50
	49	51
	51	53
	20	22
	21	23
	24	26
	26	27
	31	32
net/minecraft/client/animation/definitions/CamelAnimation	0	0
net/minecraft/client/animation/definitions/BreezeAnimation	0	0
net/minecraft/client/resources/sounds/BeeAggressiveSoundInstance	20	23
	20	23
	9	12
	10	13
	11	14
	15	18
net/minecraft/client/renderer/entity/EntityRendererProvider	67	81
	32	46
	35	49
	67	81
	39	53
	43	57
	47	61
	51	65
	55	69
	25	39
	26	40
	27	41
	59	73
	28	42
	29	43
	30	44
	31	45
	63	77
net/minecraft/client/model/Model	26	27
	16	17
	19	20
	25	26
	26	27
	15	16
net/minecraft/client/player/RemotePlayer	101	96
	65	68
	66	71
	68	69
	71	74
	73	75
	74	76
	75	77
	76	78
	16	19
	80	81
	81	82
	18	20
	82	83
	19	21
	23	24
	24	25
	25	26
	89	86
	27	29
	28	30
	93	89
	94	90
	95	91
	33	34
	99	94
	100	95
	101	96
	38	39
	39	40
	40	41
	44	44
	45	45
	46	46
	48	49
	49	50
	50	51
	52	54
	53	55
	54	57
	55	58
	56	59
	58	62
	60	65
	62	66
net/minecraft/client/main/Main	299	272
	256	227
	258	228
	261	231
	263	233
	264	235
	269	239
	270	239
	272	239
	276	243
	280	247
	286	253
	287	254
	288	255
	289	256
	290	257
	291	258
	294	262
	299	267
	56	271
	57	272
	63	57
	64	58
	66	59
	67	60
	68	61
	69	62
	70	63
	71	64
	72	65
	73	66
	74	67
	75	68
	76	69
	77	70
	78	71
	79	72
	80	73
	81	74
	82	75
	83	76
	84	77
	85	78
	86	79
	87	80
	88	81
	89	82
	90	83
	91	84
	92	85
	93	86
	94	87
	95	88
	96	89
	97	90
	98	91
	100	92
	103	93
	104	94
	110	95
	114	100
	115	101
	118	104
	119	105
	120	106
	121	107
	123	108
	124	109
	125	110
	127	111
	129	112
	130	113
	131	114
	133	115
	135	116
	137	117
	138	118
	139	119
	142	122
	143	123
	144	124
	145	125
	149	128
	150	129
	151	130
	153	132
	154	133
	159	137
	160	138
	161	139
	162	140
	165	142
	170	147
	171	148
	172	149
	173	150
	174	151
	175	152
	176	153
	177	154
	178	155
	179	156
	180	157
	181	158
	184	159
	185	160
	186	161
	187	164
	188	165
	189	166
	191	167
	192	168
	193	169
	194	170
	196	172
	197	175
	204	181
	205	182
	206	183
	207	184
	208	185
	209	186
	210	187
	211	188
	212	189
	215	192
	218	194
	219	195
	220	201
	223	196
	224	197
	225	198
	227	201
	229	203
	230	204
	232	205
	235	208
	236	209
	238	210
	239	211
	240	212
	241	213
	242	214
	243	215
	244	216
	245	217
	246	218
	247	219
	248	220
	249	221
	250	222
	251	223
	254	226
net/minecraft/client/resources/language/FormattedBidiReorder	34	36
	16	18
	32	34
	17	19
	33	35
	18	20
	34	36
	20	21
	21	22
	22	24
	23	25
	24	26
	27	29
net/minecraft/client/renderer/entity/MagmaCubeRenderer	42	40
	32	31
	17	19
	33	32
	18	20
	34	33
	22	23
	38	36
	39	37
	40	38
	41	39
	42	40
	27	27
net/minecraft/client/renderer/chunk/package-info	0	0
net/minecraft/client/renderer/blockentity/SignRenderer	235	244
	52	52
	53	54
	54	54
	56	56
	57	57
	61	60
	62	61
	63	62
	64	63
	65	64
	66	65
	67	66
	70	69
	74	73
	79	87
	80	88
	81	89
	82	90
	83	100
	84	110
	85	111
	88	114
	89	115
	91	116
	92	117
	94	119
	97	122
	98	123
	99	124
	100	125
	101	126
	102	127
	103	128
	104	129
	107	132
	108	133
	109	134
	112	137
	117	141
	118	142
	119	143
	120	144
	121	145
	122	146
	123	147
	129	152
	130	153
	131	154
	132	155
	134	157
	135	158
	136	159
	139	162
	140	163
	141	164
	143	165
	144	166
	146	168
	149	173
	150	174
	153	177
	154	178
	157	181
	158	182
	159	183
	160	184
	163	187
	167	191
	168	192
	171	194
	172	195
	173	196
	174	197
	177	199
	178	200
	186	206
	188	207
	189	208
	192	210
	193	211
	194	212
	195	213
	197	214
	201	219
	205	223
	206	224
	208	225
	209	225
	210	225
	213	226
	214	226
	215	226
	219	227
	227	236
	228	237
	229	238
	230	239
	234	243
	235	244
net/minecraft/client/model/SalmonModel	88	76
	65	53
	66	55
	67	55
	68	56
	71	58
	76	63
	81	68
	82	69
	83	70
	84	71
	21	22
	85	72
	22	23
	23	24
	87	75
	88	76
	26	27
	27	28
	29	29
	30	30
	31	31
	32	31
	33	31
	35	33
	36	34
	37	34
	38	34
	40	36
	41	37
	42	37
	43	37
	45	39
	46	40
	47	40
	48	40
	50	42
	51	43
	52	43
	53	43
	55	45
	56	46
	57	46
	58	46
	60	48
	61	50
	62	50
	63	51
com/mojang/realmsclient/client/RealmsClientConfig	19	22
	16	19
	17	20
	19	22
	12	15
net/minecraft/client/server/LanServer	26	29
	17	20
	21	24
	25	28
	26	29
	11	14
	12	15
	13	16
	14	17
net/minecraft/client/particle/PlayerCloudParticle	89	88
	68	68
	69	69
	73	72
	12	15
	13	16
	14	17
	16	18
	17	19
	81	81
	18	20
	82	82
	19	21
	20	22
	21	23
	22	24
	86	85
	87	86
	24	25
	88	87
	25	26
	89	88
	26	27
	27	28
	28	29
	30	30
	31	31
	33	32
	34	33
	35	34
	39	38
	44	43
	49	48
	50	49
	51	50
	52	51
	53	52
	54	53
	55	54
	56	55
	57	56
	58	57
	62	61
net/minecraft/client/resources/metadata/animation/AnimationFrame	23	26
	16	19
	19	22
	23	26
	10	13
	11	14
	14	17
	15	18
net/minecraft/client/renderer/entity/PandaRenderer	113	99
	18	21
	19	22
	20	23
	21	24
	22	25
	23	26
	24	27
	25	28
	28	31
	30	32
	31	33
	35	36
	40	40
	42	41
	43	42
	44	43
	46	44
	47	45
	49	46
	50	47
	51	48
	52	49
	54	50
	55	51
	56	52
	57	53
	58	54
	59	55
	60	56
	62	57
	63	58
	64	59
	65	60
	66	61
	67	62
	68	63
	70	64
	71	65
	72	66
	73	67
	74	68
	75	69
	76	70
	78	71
	79	72
	83	76
	84	77
	85	78
	86	79
	89	80
	91	81
	92	82
	94	83
	95	84
	96	85
	101	90
	102	91
	103	92
	104	93
	105	94
	107	96
	110	99
	111	99
	113	99
net/minecraft/client/multiplayer/PingDebugMonitor	23	26
	18	21
	19	22
	22	25
	23	26
	13	16
	14	17
	15	18
net/minecraft/client/quickplay/QuickPlay	97	98
	64	65
	65	66
	68	69
	69	70
	70	71
	76	77
	77	78
	78	79
	79	80
	80	81
	81	82
	82	83
	83	84
	84	85
	85	86
	87	89
	88	90
	89	91
	90	92
	91	98
	94	94
	95	95
	96	96
	97	98
	36	38
	37	39
	38	40
	40	41
	41	42
	42	43
	43	44
	44	45
	45	46
	47	48
	50	51
	51	52
	52	53
	53	57
	55	55
	56	57
	59	60
	60	61
	61	62
	62	63
	63	64
net/minecraft/client/gui/narration/NarratableEntry	20	22
	20	22
	9	12
net/minecraft/client/gui/screens/inventory/FurnaceScreen	16	19
	16	19
	15	18
net/minecraft/client/model/BoggedModel	68	64
	65	62
	67	63
	68	64
	18	19
	19	20
	20	21
	23	24
	24	25
	26	26
	28	27
	29	28
	30	30
	31	30
	32	31
	34	33
	35	35
	36	35
	37	36
	39	38
	40	40
	41	40
	42	41
	44	43
	45	45
	46	45
	47	46
	49	48
	50	50
	51	50
	52	51
	54	53
	55	55
	56	55
	57	56
	60	58
net/minecraft/client/model/AxolotlModel	352	278
	34	34
	35	35
	36	36
	37	37
	38	38
	39	39
	40	40
	41	41
	42	42
	43	43
	44	44
	45	45
	48	48
	49	49
	51	50
	52	52
	53	52
	54	52
	55	53
	58	55
	59	56
	60	57
	61	57
	62	57
	65	59
	66	59
	67	60
	68	60
	69	61
	70	61
	72	62
	73	63
	74	64
	76	65
	77	65
	78	66
	79	66
	81	67
	82	68
	83	69
	84	70
	85	71
	86	72
	87	72
	88	72
	91	74
	96	79
	101	84
	106	88
	108	89
	109	90
	111	91
	112	114
	115	93
	116	93
	117	93
	119	94
	120	95
	121	96
	123	98
	126	101
	127	114
	130	103
	131	104
	132	105
	134	107
	138	111
	139	114
	142	117
	143	118
	144	119
	145	120
	146	121
	147	122
	148	123
	149	124
	150	125
	151	126
	152	127
	153	128
	156	131
	160	135
	161	136
	165	139
	166	140
	167	141
	169	142
	170	143
	171	144
	172	145
	173	146
	174	147
	175	148
	176	149
	177	150
	178	151
	179	152
	180	153
	182	155
	183	156
	184	157
	185	158
	186	159
	187	160
	188	161
	189	162
	190	163
	191	164
	193	166
	196	169
	200	173
	204	177
	205	178
	209	181
	210	182
	211	183
	212	184
	213	185
	215	186
	216	187
	217	188
	219	189
	221	190
	222	191
	223	192
	225	193
	226	194
	228	195
	231	196
	234	197
	235	198
	236	199
	240	202
	241	203
	242	204
	243	205
	245	206
	246	207
	247	208
	249	209
	251	210
	252	211
	253	212
	255	213
	256	214
	257	215
	258	216
	261	217
	264	218
	265	219
	266	220
	270	223
	271	224
	272	225
	274	226
	275	227
	277	228
	279	229
	280	230
	281	231
	283	232
	284	233
	286	234
	288	235
	291	236
	292	237
	293	238
	297	241
	298	242
	299	243
	300	244
	302	245
	303	246
	304	247
	306	248
	307	249
	308	250
	310	251
	312	252
	313	253
	315	254
	318	255
	319	256
	320	257
	324	260
	325	261
	327	262
	328	263
	330	264
	333	265
	335	266
	336	267
	337	268
	339	269
	341	270
	342	271
	343	272
	344	273
	350	276
	351	277
	352	278
net/minecraft/client/particle/WhiteSmokeParticle	26	28
	21	24
	22	25
	26	28
	11	13
	12	14
	13	15
	14	16
	15	17
net/minecraft/client/gui/screens/DirectJoinServerScreen	92	97
	65	72
	66	73
	67	74
	71	78
	72	79
	76	83
	77	84
	78	85
	81	88
	82	89
	86	93
	24	25
	88	94
	25	26
	89	95
	26	27
	27	28
	91	96
	28	29
	92	97
	32	33
	33	36
	34	37
	36	34
	41	43
	42	44
	43	45
	44	46
	45	47
	46	49
	47	54
	49	56
	50	57
	54	61
	55	62
	59	66
	60	67
	61	68
	62	69
com/mojang/blaze3d/shaders/EffectProgram	45	44
	32	33
	34	34
	35	35
	37	37
	40	40
	41	41
	43	42
	44	43
	13	15
	45	44
	20	21
	21	22
	24	25
	25	26
	26	27
	27	28
	31	32
net/minecraft/client/resources/model/BakedModel	0	0
net/minecraft/client/gui/screens/reporting/AbstractReportScreen	242	224
	63	59
	64	60
	65	61
	66	62
	67	63
	70	66
	72	67
	73	68
	74	69
	75	70
	77	71
	82	76
	84	77
	85	78
	86	79
	88	80
	90	82
	91	84
	92	85
	95	88
	96	89
	101	95
	102	95
	103	95
	104	95
	105	96
	106	97
	107	98
	108	98
	110	99
	111	100
	112	101
	113	102
	116	105
	117	106
	118	107
	119	108
	123	112
	124	113
	125	114
	128	117
	129	118
	131	119
	132	120
	133	121
	134	122
	136	123
	137	124
	138	125
	139	127
	140	128
	142	131
	144	134
	146	136
	147	137
	150	140
	151	142
	152	143
	155	146
	158	148
	159	149
	161	151
	164	154
	165	155
	168	158
	170	160
	171	161
	174	164
	175	165
	177	167
	180	170
	181	171
	185	175
	186	176
	188	178
	190	180
	194	184
	195	185
	196	186
	206	197
	207	198
	211	202
	212	203
	213	204
	214	205
	215	205
	216	205
	218	206
	219	206
	220	207
	221	208
	222	209
	223	209
	225	210
	226	210
	227	211
	228	212
	229	213
	230	213
	232	214
	237	219
	238	220
	242	224
net/minecraft/client/gui/screens/inventory/ItemCombinerScreen	63	61
	32	35
	34	36
	35	37
	39	41
	41	42
	43	43
	44	44
	47	47
	16	19
	17	20
	18	21
	51	51
	52	52
	21	24
	53	53
	25	28
	26	29
	27	30
	59	58
	28	31
	63	61
com/mojang/blaze3d/vertex/BufferUploader	58	60
	12	14
	13	15
	14	16
	16	18
	19	21
	20	22
	23	25
	24	26
	26	28
	28	30
	31	33
	32	34
	33	35
	36	38
	37	39
	38	40
	41	43
	42	44
	43	45
	44	46
	48	50
	49	51
	50	52
	54	56
	55	57
	56	58
	58	60
net/minecraft/client/model/DolphinModel	93	78
	21	22
	22	23
	23	24
	24	25
	25	26
	28	29
	29	30
	31	31
	32	32
	34	33
	35	34
	36	34
	37	34
	39	36
	40	37
	41	37
	42	37
	44	39
	45	41
	46	41
	47	42
	49	44
	50	46
	51	46
	52	47
	54	49
	55	51
	56	51
	57	52
	59	54
	60	55
	61	55
	62	55
	64	57
	65	58
	66	58
	67	58
	69	60
	70	60
	71	60
	75	61
	80	66
	85	71
	86	72
	88	73
	89	74
	90	75
	91	76
	93	78
net/minecraft/client/resources/ClientPackSource	136	100
	131	96
	133	97
	134	98
	71	53
	72	54
	136	100
	73	55
	76	58
	80	58
	86	63
	87	64
	88	65
	89	66
	92	70
	96	75
	97	75
	98	76
	104	77
	105	77
	106	77
	107	77
	108	77
	113	81
	114	82
	120	87
	126	92
net/minecraft/client/resources/sounds/SoundEventRegistration	28	31
	16	19
	19	22
	23	26
	28	31
	13	16
	14	17
	15	18
net/minecraft/client/gui/screens/ConfirmScreen	113	110
	65	63
	66	64
	67	65
	68	66
	71	69
	72	70
	76	74
	80	78
	84	82
	86	84
	87	85
	89	87
	26	27
	27	28
	93	91
	30	31
	31	32
	95	92
	32	33
	96	93
	33	34
	97	94
	34	35
	35	36
	100	97
	39	40
	104	101
	44	45
	109	106
	46	46
	110	107
	111	108
	48	47
	113	110
	50	48
	51	49
	52	50
	55	53
	56	54
	57	55
	60	58
	61	59
net/minecraft/client/renderer/entity/layers/ParrotOnShoulderLayer	49	44
	34	35
	35	36
	36	37
	37	38
	38	38
	39	38
	43	39
	44	40
	45	41
	47	42
	48	43
	49	44
	23	25
	24	26
	25	27
	29	30
	30	31
	31	32
com/mojang/realmsclient/gui/screens/RealmsNotificationsScreen	194	174
	129	148
	130	149
	133	152
	139	155
	140	156
	141	157
	142	158
	143	159
	144	160
	145	161
	148	164
	149	165
	150	167
	23	24
	151	168
	152	169
	153	170
	156	173
	157	174
	36	62
	37	63
	168	36
	41	67
	170	37
	42	68
	171	38
	44	70
	173	39
	48	74
	49	75
	178	44
	50	76
	54	80
	55	81
	56	82
	185	50
	58	84
	187	51
	189	52
	65	90
	194	57
	66	91
	67	92
	68	93
	69	94
	71	96
	75	100
	76	101
	78	103
	81	106
	85	110
	90	115
	92	116
	93	117
	95	119
	100	123
	103	126
	105	127
	106	128
	108	129
	109	130
	111	131
	113	132
	114	133
	115	134
	118	137
	119	138
	120	139
	121	140
	124	143
	125	144
	126	145
net/minecraft/client/main/package-info	0	0
com/mojang/realmsclient/util/task/GetServerDetailsTask	150	150
	128	129
	129	130
	130	131
	131	132
	132	133
	133	134
	135	136
	142	142
	143	143
	144	144
	145	145
	146	146
	147	147
	148	148
	149	149
	150	150
	42	41
	43	42
	44	43
	50	48
	51	49
	52	50
	53	51
	54	52
	55	53
	57	55
	58	56
	60	58
	61	59
	62	61
	63	63
	64	66
	66	68
	67	69
	68	70
	70	72
	71	73
	72	74
	73	75
	74	76
	75	77
	76	78
	79	81
	81	82
	82	83
	83	84
	85	85
	86	86
	89	89
	90	90
	92	91
	97	96
	101	100
	102	102
	103	103
	104	104
	108	108
	109	109
	110	110
	113	114
	117	118
	121	122
	122	124
	126	127
	127	128
net/minecraft/client/renderer/entity/EndermanRenderer	50	46
	32	31
	33	32
	35	33
	36	34
	40	37
	41	38
	42	39
	45	41
	50	46
	21	23
	23	24
	24	25
	25	26
	30	29
	31	30
net/minecraft/client/multiplayer/ChunkBatchSizeCalculator	33	31
	33	31
	18	21
	22	22
	23	23
	24	24
	25	25
	26	26
	28	28
	14	17
	15	18
net/minecraft/client/gui/components/tabs/package-info	0	0
net/minecraft/client/gui/components/PlayerTabOverlay	393	368
	258	235
	262	239
	263	240
	264	241
	265	242
	266	243
	267	244
	268	245
	269	246
	270	247
	271	248
	273	250
	276	253
	277	254
	278	255
	279	256
	280	257
	283	262
	284	263
	285	264
	286	265
	288	267
	291	271
	292	272
	294	273
	295	274
	296	275
	298	276
	299	320
	302	277
	303	278
	304	279
	305	280
	306	281
	307	282
	309	284
	310	285
	312	287
	59	57
	315	290
	60	58
	316	320
	61	59
	320	292
	321	294
	322	295
	326	298
	327	299
	329	300
	330	301
	331	302
	76	71
	77	72
	333	305
	78	73
	334	306
	81	76
	82	77
	338	310
	339	311
	84	78
	341	314
	342	315
	89	82
	345	320
	348	323
	93	86
	349	324
	94	87
	95	88
	96	89
	352	327
	97	90
	353	328
	98	91
	356	331
	101	94
	357	332
	358	333
	104	97
	105	97
	106	97
	107	97
	113	101
	114	102
	371	346
	116	103
	372	347
	373	348
	118	104
	119	105
	376	351
	121	107
	377	352
	122	108
	378	353
	123	109
	379	354
	380	355
	125	110
	126	111
	127	112
	383	358
	384	359
	129	113
	130	114
	386	361
	131	115
	133	116
	389	364
	134	117
	137	120
	393	368
	138	121
	139	122
	140	123
	141	124
	145	128
	148	131
	149	132
	150	133
	153	136
	154	137
	155	140
	156	140
	157	141
	158	140
	161	144
	164	146
	165	147
	166	148
	168	150
	171	153
	174	156
	176	157
	177	158
	179	159
	181	160
	182	161
	183	162
	184	164
	185	165
	189	169
	190	170
	191	171
	192	173
	193	174
	197	178
	198	179
	199	181
	200	182
	201	183
	202	184
	204	187
	207	190
	209	191
	210	193
	211	194
	212	195
	213	196
	214	197
	216	198
	217	199
	219	200
	220	201
	221	202
	223	203
	224	204
	225	205
	226	206
	227	207
	229	208
	231	209
	234	212
	236	213
	237	214
	238	215
	240	216
	241	217
	245	221
	249	225
	250	226
	251	227
	252	229
	253	230
	254	231
	255	232
net/minecraft/client/gui/spectator/SpectatorMenuListener	0	0
net/minecraft/client/model/AgeableHierarchicalModel	38	38
	33	33
	34	34
	36	36
	38	38
	17	18
	18	19
	21	22
	22	23
	23	24
	24	25
	28	29
	29	30
	30	31
	31	32
net/minecraft/client/multiplayer/chat/report/SkinReport	86	81
	64	66
	65	66
	67	66
	72	72
	73	73
	74	74
	77	76
	79	77
	82	78
	83	79
	85	80
	22	24
	86	81
	23	25
	24	26
	27	29
	32	33
	33	34
	34	35
	35	36
	36	37
	41	42
	46	48
	47	49
	50	52
	51	53
	55	57
	61	63
	62	64
net/minecraft/client/renderer/debug/NeighborsUpdateRenderer	73	71
	67	66
	68	67
	69	68
	71	69
	73	71
	24	27
	25	28
	28	31
	30	32
	31	33
	32	34
	36	38
	38	39
	39	40
	41	41
	42	42
	43	43
	45	44
	46	47
	47	48
	48	49
	49	50
	51	51
	52	52
	55	54
	56	55
	57	56
	59	57
	60	58
	61	59
	62	60
net/minecraft/client/player/inventory/package-info	0	0
net/minecraft/client/renderer/blockentity/BrightnessCombiner	33	30
	16	17
	17	18
	33	30
	19	19
	20	20
	22	21
	12	14
	28	26
	13	15
	14	16
net/minecraft/client/renderer/LevelRenderer	3087	3095
	275	245
	276	246
	277	247
	278	248
	280	250
	281	251
	282	252
	283	253
	284	254
	285	255
	286	256
	290	260
	291	261
	292	262
	293	263
	296	266
	297	267
	298	409
	300	268
	302	269
	304	270
	305	271
	306	272
	308	273
	309	274
	310	275
	311	276
	312	277
	314	278
	315	279
	316	280
	319	283
	321	284
	322	285
	324	286
	325	287
	326	289
	327	290
	328	291
	329	292
	330	293
	332	294
	333	295
	334	296
	338	297
	339	298
	340	299
	342	300
	343	301
	345	304
	346	305
	349	308
	350	309
	351	310
	354	313
	355	314
	357	315
	358	316
	359	317
	360	318
	361	319
	362	320
	364	323
	365	324
	366	325
	369	328
	370	329
	371	330
	372	331
	373	332
	375	333
	376	334
	377	335
	379	336
	381	337
	382	338
	384	339
	385	343
	386	347
	387	351
	388	355
	389	356
	390	357
	391	358
	393	361
	394	362
	396	363
	398	366
	400	367
	401	368
	403	369
	404	370
	405	371
	407	372
	409	373
	410	374
	412	375
	413	376
	415	377
	416	378
	418	379
	419	383
	420	387
	421	391
	426	401
	427	402
	430	405
	431	406
	432	407
	433	409
	436	412
	437	413
	438	457
	441	414
	442	415
	443	416
	445	417
	447	418
	448	420
	449	421
	450	422
	453	423
	454	424
	458	425
	459	426
	460	427
	462	428
	467	432
	468	433
	470	434
	471	435
	472	436
	474	437
	475	438
	476	439
	478	440
	479	443
	483	448
	484	449
	485	450
	487	451
	489	453
	492	457
	497	460
	498	461
	501	464
	502	465
	504	467
	508	470
	509	471
	510	472
	512	474
	515	477
	516	478
	518	481
	520	484
	521	487
	522	488
	523	489
	524	490
	525	491
	526	492
	527	493
	528	494
	529	495
	530	496
	532	498
	535	501
	537	502
	539	506
	540	508
	542	509
	543	510
	544	511
	545	512
	546	513
	548	514
	549	515
	550	516
	551	517
	552	518
	553	519
	555	521
	556	522
	557	523
	560	524
	561	529
	562	531
	563	532
	566	534
	567	535
	570	536
	571	537
	574	540
	577	543
	578	544
	580	545
	581	546
	582	547
	583	548
	584	549
	586	550
	587	551
	588	552
	589	553
	590	554
	591	555
	593	557
	596	560
	597	561
	598	563
	599	565
	600	566
	601	567
	603	569
	606	572
	610	576
	611	577
	614	580
	615	581
	616	582
	617	583
	618	584
	621	587
	622	588
	625	591
	626	592
	627	593
	628	594
	629	595
	632	598
	633	599
	635	600
	636	601
	637	603
	638	604
	640	607
	644	611
	645	612
	648	615
	649	616
	650	617
	651	618
	652	619
	655	622
	656	623
	657	624
	659	625
	660	627
	661	628
	662	629
	663	630
	665	631
	667	632
	668	633
	672	634
	675	635
	677	636
	678	636
	679	636
	681	637
	682	638
	683	639
	684	640
	687	644
	691	648
	692	649
	693	650
	695	651
	696	652
	697	653
	698	654
	700	656
	701	657
	702	658
	704	661
	705	662
	707	665
	708	666
	709	667
	710	668
	712	670
	715	673
	716	674
	718	676
	720	678
	723	681
	724	712
	727	682
	729	683
	731	684
	732	685
	734	689
	736	692
	738	693
	740	694
	742	695
	743	696
	746	699
	748	700
	749	701
	750	702
	752	704
	753	705
	754	706
	756	707
	757	708
	758	709
	760	712
	763	715
	765	716
	766	717
	768	720
	769	721
	771	723
	774	726
	775	727
	777	728
	778	731
	779	732
	780	733
	781	734
	782	735
	787	740
	791	744
	795	748
	799	752
	800	754
	801	755
	802	756
	805	760
	809	765
	813	775
	815	776
	816	777
	819	780
	820	781
	821	782
	822	783
	823	784
	824	785
	825	786
	826	787
	827	788
	828	789
	829	790
	831	791
	834	794
	836	795
	838	796
	841	797
	843	798
	844	799
	845	800
	847	801
	848	802
	851	805
	852	806
	853	807
	855	808
	856	809
	857	810
	858	811
	859	812
	862	815
	863	816
	864	817
	865	818
	867	819
	868	820
	869	821
	870	822
	871	823
	872	824
	875	828
	876	829
	879	832
	883	836
	884	837
	886	839
	887	840
	888	841
	889	842
	890	844
	893	847
	894	848
	897	851
	899	852
	900	853
	901	854
	903	855
	904	856
	905	857
	908	858
	909	859
	910	860
	911	861
	914	862
	915	863
	916	864
	917	865
	919	867
	920	868
	921	869
	923	871
	926	874
	927	875
	928	876
	931	881
	932	882
	934	883
	936	884
	937	885
	939	886
	940	887
	941	888
	942	889
	943	890
	945	891
	946	892
	947	893
	948	894
	950	895
	951	896
	954	898
	955	899
	956	900
	958	902
	961	905
	962	906
	963	907
	964	908
	967	911
	968	912
	969	913
	970	914
	972	915
	973	916
	975	917
	976	918
	977	919
	979	920
	980	921
	981	922
	983	923
	985	924
	986	925
	988	926
	989	927
	990	928
	991	929
	993	930
	994	931
	996	933
	999	936
	1001	937
	1002	938
	1004	939
	1005	940
	1006	941
	1007	942
	1010	945
	1011	946
	1014	949
	1015	950
	1016	951
	1022	954
	1023	955
	1024	956
	1025	957
	1027	958
	1029	959
	1031	960
	1033	962
	1034	963
	1037	964
	1038	965
	1041	966
	1044	967
	1048	968
	1049	969
	1050	970
	1051	971
	1052	972
	1056	976
	1057	977
	1058	978
	1059	979
	1060	980
	1061	981
	1062	981
	1063	981
	1064	981
	1068	983
	1070	986
	1071	987
	1074	992
	1076	993
	1078	994
	1079	995
	1080	996
	1081	997
	1083	998
	1085	1000
	1086	1001
	1087	1002
	1091	1003
	1092	1004
	1093	1005
	1095	1006
	1096	1007
	1098	1008
	1099	1009
	1100	1010
	1101	1011
	1102	1012
	1103	1014
	1104	1016
	1105	1017
	1106	1018
	1107	1018
	1109	1018
	1114	1023
	1115	1024
	1119	1029
	1120	1030
	1121	1031
	1122	1032
	1123	1033
	1124	1034
	1125	1035
	1129	1039
	1132	1040
	1133	1041
	1134	1042
	1135	1043
	1136	1044
	1137	1045
	1138	1046
	1139	1047
	1140	1048
	1141	1049
	1144	1050
	1147	1051
	1148	1052
	1149	1053
	1155	1056
	1157	1058
	1158	1059
	1160	1060
	1161	1061
	1162	1062
	1163	1063
	1167	1064
	1168	1065
	1171	1066
	1172	1067
	1173	1068
	1174	1069
	1175	1071
	1176	1073
	1177	1074
	1180	1079
	1182	1080
	1184	1081
	1185	1082
	1186	1083
	1187	1084
	1188	1085
	1189	1086
	1190	1087
	1194	1091
	1195	1092
	1197	1093
	1198	1094
	1199	1095
	1202	1096
	1203	1097
	1204	1098
	1205	1099
	1206	1100
	1209	1101
	1211	1102
	1213	1103
	1214	1104
	1215	1105
	1217	1106
	1218	1107
	1220	1108
	1221	1109
	1223	1110
	1224	1111
	1226	1112
	1227	1113
	1228	1114
	1230	1115
	1231	1116
	1233	1117
	1235	1119
	1236	1120
	1237	1121
	1239	1124
	1241	1125
	1242	1126
	1244	1127
	1245	1128
	1247	1129
	1248	1130
	1255	1133
	1256	1134
	1257	1135
	1259	1138
	1260	1139
	1263	1142
	1264	1143
	1266	1144
	1267	1145
	1268	1146
	1270	1147
	1272	1148
	1273	1149
	1275	1151
	1277	1152
	1278	1153
	1279	1154
	1281	1155
	1288	1158
	1289	1159
	1291	1160
	1292	1161
	1294	1162
	1295	1163
	1297	1164
	1298	1165
	1301	1168
	1302	1169
	1304	1171
	1307	1174
	1308	1175
	1309	1176
	1310	1177
	1312	1178
	1313	1180
	1316	1183
	1318	1184
	1319	1185
	1320	1186
	1322	1187
	1323	1188
	1324	1189
	1325	1190
	1326	1191
	1327	1192
	1328	1193
	1330	1194
	1331	1195
	1332	1196
	1334	1197
	1335	1198
	1336	1199
	1338	1200
	1339	1202
	1340	1203
	1341	1204
	1345	1209
	1348	1212
	1350	1213
	1360	1214
	1361	1215
	1363	1216
	1364	1217
	1365	1218
	1367	1219
	1369	1221
	1370	1222
	1372	1225
	1376	1226
	1377	1227
	1379	1228
	1380	1229
	1381	1230
	1384	1233
	1385	1234
	1388	1238
	1389	1239
	1391	1242
	1393	1243
	1399	1244
	1401	1245
	1402	1246
	1405	1249
	1406	1250
	1407	1251
	1408	1252
	1410	1254
	1411	1255
	1412	1256
	1415	1257
	1417	1258
	1418	1259
	1419	1260
	1421	1261
	1422	1262
	1423	1263
	1424	1264
	1425	1265
	1426	1266
	1427	1268
	1428	1269
	1429	1270
	1430	1271
	1431	1272
	1432	1273
	1433	1273
	1434	1273
	1435	1275
	1436	1276
	1441	1281
	1442	1282
	1444	1283
	1445	1285
	1446	1286
	1447	1287
	1448	1288
	1449	1289
	1450	1290
	1451	1291
	1452	1291
	1453	1291
	1454	1293
	1455	1294
	1456	1295
	1457	1296
	1458	1296
	1459	1296
	1460	1298
	1461	1299
	1466	1304
	1467	1305
	1469	1306
	1470	1307
	1471	1308
	1472	1309
	1473	1310
	1474	1311
	1476	1312
	1477	1313
	1478	1314
	1479	1315
	1481	1316
	1482	1317
	1483	1318
	1484	1319
	1486	1320
	1487	1321
	1488	1322
	1489	1323
	1491	1324
	1492	1325
	1493	1326
	1494	1327
	1496	1328
	1497	1329
	1498	1330
	1499	1331
	1503	1335
	1507	1340
	1508	1341
	1509	1342
	1510	1347
	1512	1348
	1515	1349
	1518	1350
	1521	1351
	1524	1352
	1527	1353
	1530	1354
	1532	1355
	1534	1356
	1535	1357
	1536	1358
	1537	1359
	1539	1360
	1540	1361
	1542	1362
	1543	1363
	1546	1364
	1547	1365
	1549	1366
	1550	1367
	1552	1368
	1553	1369
	1555	1370
	1556	1371
	1559	1372
	1560	1373
	1562	1374
	1563	1375
	1565	1376
	1566	1377
	1568	1378
	1569	1379
	1571	1380
	1573	1382
	1576	1385
	1577	1388
	1580	1391
	1581	1392
	1582	1394
	1583	1396
	1584	1398
	1585	1400
	1588	1403
	1589	1404
	1592	1407
	1593	1408
	1596	1411
	1597	1412
	1600	1415
	1601	1427
	1604	1416
	1605	1418
	1606	1419
	1608	1420
	1610	1421
	1611	1422
	1612	1423
	1615	1427
	1618	1430
	1619	1431
	1620	1432
	1621	1433
	1622	1434
	1624	1436
	1627	1439
	1629	1440
	1630	1441
	1631	1442
	1632	1443
	1633	1445
	1634	1446
	1635	1447
	1636	1448
	1638	1451
	1639	1452
	1641	1455
	1642	1456
	1644	1459
	1645	1460
	1647	1463
	1648	1464
	1651	1467
	1653	1468
	1654	1469
	1655	1470
	1656	1471
	1657	1472
	1658	1473
	1660	1474
	1662	1477
	1663	1478
	1664	1479
	1667	1482
	1668	1483
	1669	1595
	1671	1484
	1672	1485
	1673	1595
	1676	1486
	1677	1487
	1679	1488
	1680	1489
	1681	1595
	1683	1490
	1684	1595
	1687	1491
	1688	1492
	1689	1493
	1690	1494
	1692	1495
	1694	1496
	1696	1497
	1698	1498
	1700	1499
	1702	1500
	1703	1501
	1704	1502
	1706	1503
	1708	1504
	1709	1505
	1710	1506
	1712	1507
	1714	1508
	1715	1509
	1716	1510
	1717	1511
	1718	1512
	1720	1513
	1721	1514
	1722	1515
	1724	1516
	1725	1517
	1726	1518
	1727	1519
	1728	1521
	1729	1522
	1730	1523
	1731	1524
	1732	1525
	1734	1528
	1735	1529
	1738	1533
	1739	1535
	1741	1536
	1742	1537
	1743	1538
	1744	1539
	1746	1540
	1747	1541
	1748	1542
	1749	1543
	1750	1544
	1751	1545
	1752	1546
	1753	1547
	1754	1548
	1755	1549
	1757	1550
	1758	1551
	1759	1552
	1760	1553
	1761	1554
	1762	1555
	1763	1556
	1764	1557
	1765	1558
	1766	1559
	1767	1560
	1768	1561
	1769	1562
	1770	1563
	1771	1564
	1773	1565
	1774	1566
	1775	1567
	1776	1568
	1777	1569
	1778	1570
	1779	1571
	1780	1572
	1782	1575
	1784	1576
	1785	1577
	1787	1578
	1788	1579
	1790	1580
	1791	1581
	1792	1582
	1793	1583
	1794	1584
	1795	1585
	1796	1586
	1797	1587
	1800	1590
	1801	1591
	1802	1595
	1805	1598
	1806	1600
	1808	1599
	1812	1604
	1813	1605
	1814	1669
	1817	1606
	1818	1607
	1819	1608
	1821	1609
	1822	1610
	1823	1611
	1824	1612
	1825	1613
	1826	1614
	1827	1615
	1828	1616
	1829	1617
	1830	1618
	1832	1619
	1833	1620
	1834	1621
	1835	1622
	1838	1625
	1839	1626
	1841	1627
	1842	1628
	1843	1629
	1844	1630
	1845	1631
	1846	1632
	1849	1635
	1850	1636
	1852	1637
	1853	1638
	1856	1641
	1857	1642
	1858	1643
	1859	1644
	1862	1647
	1864	1648
	1865	1649
	1866	1650
	1867	1651
	1869	1652
	1870	1653
	1872	1654
	1873	1656
	1874	1657
	1875	1658
	1877	1659
	1878	1660
	1880	1661
	1883	1664
	1886	1667
	1887	1669
	1890	1672
	1891	1673
	1892	1674
	1893	1675
	1894	1676
	1897	1677
	1898	1678
	1900	1679
	1901	1680
	1902	1681
	1904	1682
	1905	1683
	1906	1684
	1908	1685
	1909	1686
	1910	1687
	1912	1688
	1913	1689
	1914	1690
	1916	1691
	1918	1692
	1920	1693
	1921	1694
	1922	1695
	1923	1696
	1924	1697
	1926	1698
	1927	1699
	1928	1703
	1929	1707
	1930	1711
	1933	1717
	1934	1718
	1935	1722
	1936	1726
	1937	1730
	1940	1736
	1941	1737
	1942	1738
	1943	1742
	1944	1746
	1945	1750
	1949	1757
	1950	1758
	1951	1759
	1952	1763
	1953	1767
	1954	1771
	1958	1778
	1959	1779
	1960	1780
	1961	1784
	1962	1788
	1963	1792
	1967	1799
	1968	1800
	1969	1801
	1970	1805
	1971	1809
	1972	1813
	1978	1822
	1979	1823
	1980	1825
	1981	1826
	1982	1827
	1983	1831
	1984	1835
	1985	1839
	1990	1847
	1994	1851
	1996	1852
	1997	1853
	1998	1854
	1999	1855
	2000	1857
	2001	1858
	2002	1859
	2003	1860
	2004	1861
	2005	1862
	2006	1863
	2007	1864
	2008	1865
	2010	1868
	2011	1869
	2012	1870
	2013	1871
	2014	1872
	2016	1874
	2020	1879
	2022	1880
	2024	1881
	2026	1883
	2027	1884
	2028	1885
	2031	1888
	2032	1889
	2035	1892
	2037	1893
	2039	1894
	2040	1999
	2043	1898
	2044	1899
	2045	1900
	2047	1901
	2048	1902
	2049	1903
	2051	1904
	2052	1905
	2053	1907
	2054	1909
	2056	1910
	2058	1911
	2059	1912
	2060	1913
	2061	1914
	2062	1915
	2063	1916
	2064	1917
	2065	1918
	2066	1919
	2068	1920
	2069	1921
	2070	1922
	2071	1923
	2073	1924
	2074	1925
	2075	1926
	2076	1927
	2077	1928
	2078	1937
	2079	1931
	2080	1932
	2081	1933
	2082	1934
	2083	1935
	2084	1936
	2087	1941
	2088	1942
	2089	1951
	2090	1945
	2091	1946
	2092	1947
	2093	1948
	2094	1949
	2095	1950
	2099	1955
	2100	1956
	2101	1957
	2102	1958
	2103	1959
	2104	1968
	2105	1962
	2106	1963
	2107	1964
	2108	1965
	2109	1966
	2110	1967
	2113	1972
	2114	1973
	2115	1982
	2116	1976
	2117	1977
	2118	1978
	2119	1979
	2120	1980
	2121	1981
	2125	1986
	2126	1987
	2127	1988
	2130	1991
	2131	1992
	2132	1993
	2133	1994
	2134	1995
	2136	1996
	2137	1997
	2138	1999
	2147	2005
	2149	2016
	2153	2019
	2154	2020
	2155	2021
	2156	2023
	2157	2024
	2158	2025
	2159	2026
	2160	2027
	2161	2028
	2162	2029
	2163	2030
	2169	2035
	2170	2036
	2171	2037
	2172	2038
	2173	2039
	2174	2040
	2178	2046
	2179	2047
	2180	2058
	2182	2048
	2183	2049
	2184	2051
	2185	2052
	2186	2053
	2187	2054
	2188	2055
	2190	2058
	2193	2063
	2194	2064
	2195	2065
	2196	2066
	2197	2067
	2198	2068
	2199	2069
	2200	2070
	2201	2071
	2203	2072
	2204	2073
	2205	2074
	2206	2075
	2209	2078
	2210	2079
	2213	2082
	2214	2083
	2217	2088
	2218	2089
	2222	2108
	2223	2109
	2224	2110
	2225	2111
	2226	2112
	2227	2113
	2228	2114
	2230	2115
	2231	2116
	2233	2117
	2234	2118
	2236	2119
	2237	2120
	2240	2121
	2241	2122
	2243	2123
	2244	2124
	2246	2125
	2247	2126
	2249	2127
	2250	2128
	2252	2129
	2253	2130
	2255	2131
	2256	2132
	2259	2133
	2260	2134
	2262	2135
	2263	2136
	2265	2137
	2266	2138
	2267	2139
	2270	2144
	2271	2145
	2274	2150
	2276	2151
	2277	2152
	2280	2153
	2281	2154
	2282	2155
	2283	2156
	2286	2157
	2287	2158
	2288	2159
	2289	2160
	2292	2161
	2293	2162
	2294	2163
	2295	2164
	2298	2165
	2299	2166
	2300	2167
	2301	2168
	2304	2169
	2305	2170
	2306	2171
	2307	2172
	2309	2173
	2310	2174
	2313	2175
	2314	2176
	2315	2177
	2316	2178
	2318	2179
	2319	2180
	2320	2181
	2323	2198
	2324	2199
	2326	2201
	2327	2202
	2328	2203
	2329	2204
	2330	2205
	2332	2207
	2333	2208
	2334	2209
	2335	2210
	2336	2211
	2338	2213
	2339	2214
	2340	2215
	2341	2216
	2342	2217
	2344	2219
	2345	2220
	2346	2221
	2347	2222
	2348	2223
	2350	2225
	2351	2226
	2352	2227
	2353	2228
	2354	2229
	2356	2231
	2357	2232
	2358	2233
	2359	2234
	2362	2236
	2365	2239
	2366	2240
	2369	2243
	2370	2244
	2371	2245
	2372	2246
	2376	2250
	2379	2253
	2380	2254
	2381	2255
	2382	2256
	2386	2260
	2389	2263
	2390	2264
	2392	2266
	2395	2269
	2396	2270
	2397	2271
	2398	2272
	2402	2276
	2405	2279
	2406	2280
	2409	2283
	2410	2284
	2413	2287
	2414	2297
	2417	2288
	2419	2289
	2420	2290
	2421	2291
	2422	2292
	2423	2293
	2424	2294
	2425	2295
	2426	2297
	2429	2300
	2430	2301
	2431	2302
	2433	2304
	2436	2307
	2437	2308
	2438	2309
	2440	2311
	2443	2314
	2444	2314
	2445	2315
	2447	2317
	2450	2320
	2451	2321
	2455	2325
	2456	2326
	2457	2327
	2458	2328
	2460	2329
	2461	2331
	2462	2333
	2464	2334
	2466	2336
	2469	2339
	2470	2340
	2474	2344
	2479	2349
	2480	2350
	2482	2351
	2483	2352
	2486	2353
	2487	2354
	2490	2356
	2492	2356
	2495	2356
	2499	2361
	2501	2362
	2503	2362
	2504	2363
	2508	2366
	2510	2366
	2511	2367
	2515	2370
	2519	2374
	2522	2377
	2526	2381
	2527	2382
	2529	2383
	2530	2384
	2531	2385
	2533	2386
	2534	2387
	2535	2388
	2536	2389
	2538	2390
	2539	2391
	2540	2392
	2541	2393
	2544	2396
	2545	2397
	2546	2398
	2547	2399
	2549	2401
	2554	2405
	2557	2408
	2558	2409
	2560	2520
	2561	2521
	2563	2514
	2564	2515
	2566	2517
	2567	2518
	2569	2511
	2570	2512
	2572	2414
	2573	2415
	2575	2411
	2576	2412
	2578	2568
	2579	2569
	2581	2571
	2582	2572
	2584	2420
	2585	2421
	2587	2417
	2588	2418
	2590	2574
	2592	2577
	2593	2578
	2595	2632
	2596	2633
	2598	2684
	2599	2685
	2600	2686
	2602	2688
	2603	2689
	2605	2700
	2606	2701
	2607	2702
	2613	2646
	2615	2648
	2616	2649
	2619	2660
	2620	2661
	2621	2662
	2623	2663
	2624	2665
	2625	2666
	2626	2667
	2627	2668
	2628	2669
	2629	2670
	2631	2671
	2632	2674
	2633	2675
	2634	2676
	2635	2677
	2638	2681
	2639	2682
	2642	2635
	2643	2636
	2644	2637
	2645	2638
	2647	2642
	2648	2643
	2650	2862
	2651	2863
	2652	2864
	2654	2867
	2655	2868
	2657	2706
	2658	2707
	2659	2708
	2660	2709
	2662	2710
	2663	2711
	2667	2873
	2668	2874
	2670	2876
	2671	2880
	2672	2881
	2674	2960
	2675	2964
	2678	2883
	2679	2887
	2680	2888
	2682	2940
	2683	2944
	2684	2945
	2686	2947
	2687	2956
	2688	2957
	2689	2958
	2691	2890
	2692	2894
	2693	2895
	2695	2917
	2696	2918
	2698	2897
	2699	2899
	2700	2905
	2704	2910
	2705	2911
	2706	2915
	2708	2920
	2709	2921
	2710	2922
	2711	2923
	2712	2924
	2714	2936
	2715	2938
	2717	2628
	2718	2629
	2719	2630
	2721	2745
	2722	2746
	2724	2748
	2725	2749
	2727	2870
	2728	2871
	2730	2769
	2731	2770
	2733	2772
	2737	2751
	2738	2752
	2740	2786
	2741	2787
	2743	2788
	2744	2789
	2745	2790
	2746	2791
	2748	2794
	2749	2795
	2750	2796
	2751	2797
	2752	2798
	2753	2798
	2754	2798
	2756	2800
	2757	2801
	2758	2802
	2759	2803
	2760	2804
	2763	2807
	2764	2808
	2765	2809
	2766	2810
	2770	2814
	2771	2815
	2772	2816
	2773	2817
	2774	2818
	2775	2820
	2776	2821
	2777	2822
	2778	2823
	2779	2825
	2781	2827
	2788	2838
	2789	2839
	2791	2845
	2792	2846
	2794	2847
	2795	2848
	2799	2776
	2800	2777
	2801	2778
	2803	2780
	2804	2781
	2806	2783
	2807	2784
	2809	2734
	2810	2735
	2812	2580
	2813	2581
	2815	2625
	2816	2626
	2818	2583
	2819	2588
	2820	2589
	2824	2602
	2825	2607
	2826	2608
	2827	2609
	2828	2610
	2830	2611
	2834	2615
	2835	2617
	2836	2618
	2837	2619
	2838	2620
	2840	2621
	2845	2715
	2846	2716
	2847	2717
	2848	2718
	2849	2719
	2850	2720
	2852	2721
	2853	2724
	2854	2725
	2858	2729
	2859	2730
	2863	2737
	2864	2738
	2868	2423
	2869	2424
	2870	2428
	2871	2429
	2875	2502
	2876	2503
	2878	2505
	2879	2506
	2881	2544
	2882	2545
	2884	2508
	2885	2509
	2887	2523
	2888	2524
	2890	2436
	2891	2437
	2893	2439
	2894	2440
	2896	2442
	2897	2444
	2899	2450
	2900	2454
	2902	2446
	2903	2448
	2905	2460
	2906	2464
	2908	2478
	2909	2482
	2911	2472
	2912	2476
	2914	2466
	2915	2470
	2917	2456
	2918	2458
	2920	2484
	2921	2486
	2923	2492
	2924	2494
	2926	2496
	2927	2500
	2929	2526
	2930	2530
	2932	2532
	2933	2536
	2935	2488
	2936	2490
	2938	2538
	2939	2539
	2941	2541
	2942	2542
	2944	2754
	2945	2755
	2946	2764
	2948	2766
	2949	2767
	2951	2547
	2952	2548
	2954	2550
	2955	2554
	2957	2556
	2958	2560
	2960	2562
	2963	2966
	2966	2969
	2967	2989
	2968	2990
	2969	2991
	2972	2970
	2973	2971
	2974	2972
	2977	2975
	2978	2979
	2979	2980
	2982	2983
	2983	2984
	2984	2986
	2986	2994
	2989	2997
	2993	3001
	2994	3002
	2997	3005
	2998	3006
	2999	3007
	3002	3010
	3003	3011
	3004	3012
	3006	3014
	3009	3017
	3013	3021
	3015	3022
	3017	3024
	3018	3025
	3019	3026
	3020	3027
	3021	3028
	3023	3031
	3027	3036
	3028	3037
	3033	3042
	3038	3047
	3043	3052
	3048	3057
	3053	3062
	3058	3067
	3063	3094
	3064	3095
	3068	3071
	3069	3072
	3070	3073
	3071	3074
	3073	3075
	3074	3076
	3075	3077
	3077	3079
	3078	3080
	3079	3081
	3080	3082
	3081	3083
	3082	3084
	3083	3085
	3084	3086
	3085	3087
	3087	3089
net/minecraft/client/gui/components/WidgetTooltipHolder	70	69
	33	34
	67	66
	68	67
	37	38
	38	39
	70	69
	39	57
	42	41
	43	42
	44	43
	45	44
	47	47
	50	50
	51	51
	52	52
	53	53
	24	25
	56	57
	25	26
	59	60
	28	29
	60	61
	29	30
	62	62
net/minecraft/client/gui/components/Tooltip	55	57
	35	36
	40	41
	41	42
	43	44
	46	47
	47	48
	48	49
	49	50
	51	53
	55	57
	26	27
	27	28
	28	29
	31	32
net/minecraft/client/resources/metadata/texture/TextureMetadataSection	22	24
	18	20
	22	24
	13	15
	14	16
	15	17
net/minecraft/client/gui/components/toasts/SystemToast	211	222
	128	130
	147	217
	148	218
	151	221
	152	222
	156	134
	157	135
	31	36
	32	36
	160	138
	33	36
	161	139
	162	140
	35	38
	164	142
	38	41
	166	144
	39	42
	40	43
	41	44
	169	147
	170	148
	171	149
	45	48
	173	151
	46	49
	47	50
	48	51
	176	154
	49	52
	177	155
	52	55
	180	158
	181	159
	184	162
	57	60
	185	163
	188	167
	189	172
	62	65
	192	176
	193	181
	66	69
	67	70
	196	184
	197	185
	71	74
	199	187
	72	75
	200	188
	73	76
	202	190
	76	79
	77	80
	205	193
	78	81
	206	194
	80	83
	208	196
	209	197
	82	84
	83	85
	211	199
	84	86
	86	88
	87	89
	90	92
	93	95
	94	96
	96	98
	97	100
	98	101
	102	105
	103	106
	104	107
	108	111
	109	112
	112	113
	113	114
	114	116
	115	117
	117	120
	118	121
	121	124
	122	125
	123	126
	124	127
net/minecraft/client/particle/BlockMarker	30	33
	19	22
	24	27
	10	13
	11	14
	12	15
	13	16
	14	17
	30	33
	15	18
com/mojang/realmsclient/gui/screens/RealmsCreateRealmScreen	108	109
	64	59
	66	61
	67	63
	68	64
	72	68
	73	69
	77	73
	78	74
	81	77
	82	79
	83	79
	84	80
	85	81
	86	82
	89	84
	90	85
	93	101
	94	90
	95	91
	96	100
	35	35
	99	93
	36	36
	100	100
	37	37
	38	38
	102	103
	103	104
	41	41
	42	42
	43	43
	107	108
	44	44
	108	109
	48	48
	50	49
	52	50
	53	51
	55	52
	56	53
	57	54
	59	55
	60	56
	62	57
	63	58
com/mojang/realmsclient/util/task/SwitchSlotTask	54	57
	33	34
	34	35
	37	38
	38	39
	39	40
	41	43
	42	44
	43	45
	44	46
	46	49
	47	50
	50	53
	19	20
	20	21
	21	22
	22	23
	54	57
	26	26
	27	28
	29	30
	30	31
net/minecraft/client/multiplayer/chat/report/Report	104	103
	64	66
	65	67
	69	71
	104	103
	73	75
	74	76
	43	45
	44	46
	45	47
	77	79
	78	80
	48	50
	52	54
	84	86
	85	86
	87	86
	56	58
	25	26
	26	27
	27	28
	28	29
	60	62
	31	32
net/minecraft/client/gui/screens/EditServerScreen	95	104
	64	75
	65	76
	66	77
	67	78
	68	79
	71	82
	72	83
	73	84
	74	85
	78	89
	79	90
	82	93
	83	94
	87	98
	89	99
	26	28
	90	100
	27	29
	91	101
	28	30
	29	31
	93	102
	30	32
	94	103
	95	104
	34	36
	35	37
	36	38
	37	39
	39	40
	40	41
	41	42
	42	43
	43	44
	45	45
	46	47
	47	48
	48	55
	50	59
	51	62
	53	64
	54	65
	58	69
	59	70
	63	74
net/minecraft/client/renderer/chunk/RenderRegionCache	62	69
	38	20
	39	21
	40	22
	43	24
	44	25
	45	26
	46	27
	48	28
	49	30
	50	31
	51	32
	19	57
	52	33
	20	58
	53	34
	23	61
	57	38
	27	65
	28	66
	61	43
	62	46
	30	69
net/minecraft/client/renderer/entity/AbstractZombieRenderer	24	24
	19	20
	24	24
	12	15
	14	16
	15	17
net/minecraft/client/renderer/entity/RavagerRenderer	17	19
	17	19
	12	15
	13	16
net/minecraft/client/gui/screens/worldselection/SelectWorldScreen	125	113
	81	72
	82	73
	86	77
	87	78
	91	82
	92	83
	96	87
	98	88
	100	89
	101	90
	104	93
	41	30
	105	94
	42	31
	106	95
	43	32
	107	96
	108	97
	109	98
	47	36
	111	100
	48	37
	112	101
	49	38
	113	102
	114	103
	51	39
	115	104
	53	43
	117	106
	54	48
	56	53
	57	58
	58	64
	122	110
	59	70
	123	111
	125	113
net/minecraft/client/resources/model/Material	75	74
	64	62
	65	63
	34	35
	38	39
	70	70
	42	43
	43	44
	75	74
	45	47
	49	51
	53	55
	25	26
	26	27
	58	59
	27	28
	59	60
	61	61
	30	31
	62	65
net/minecraft/client/gui/components/MultilineTextField	377	360
	258	178
	259	179
	262	251
	266	257
	270	261
	275	266
	276	267
	280	271
	284	275
	285	276
	286	277
	289	279
	34	32
	35	33
	36	34
	37	35
	294	285
	295	286
	40	38
	298	288
	44	42
	45	43
	301	290
	302	291
	47	45
	49	47
	306	294
	307	295
	52	50
	310	298
	56	54
	57	55
	315	304
	60	58
	316	305
	61	59
	319	307
	64	62
	65	63
	66	64
	322	309
	67	65
	323	310
	68	66
	71	69
	327	313
	328	314
	75	73
	331	317
	76	81
	79	74
	335	322
	336	324
	81	75
	337	325
	83	76
	340	328
	85	77
	86	78
	88	79
	344	332
	89	81
	345	333
	346	334
	347	335
	92	84
	93	85
	350	338
	96	88
	352	339
	97	89
	353	340
	354	349
	100	92
	357	344
	104	96
	360	345
	105	97
	361	346
	363	349
	108	100
	366	352
	367	352
	112	104
	369	352
	116	108
	117	109
	373	356
	118	110
	374	357
	119	111
	375	358
	377	360
	122	115
	126	119
	130	123
	131	125
	132	128
	133	131
	135	134
	136	135
	138	136
	139	137
	141	139
	144	142
	145	148
	148	143
	150	144
	151	145
	152	146
	153	148
	156	151
	157	152
	159	153
	160	154
	162	155
	163	156
	166	159
	168	160
	169	161
	170	162
	171	163
	172	164
	173	165
	174	166
	175	167
	176	168
	177	169
	178	170
	179	171
	180	172
	181	173
	184	175
	186	208
	187	209
	188	210
	190	212
	192	215
	195	199
	196	200
	197	201
	199	203
	201	206
	204	223
	205	224
	207	227
	210	217
	211	218
	213	221
	216	229
	217	230
	220	232
	221	233
	224	235
	225	236
	227	238
	229	241
	232	243
	233	244
	235	246
	237	249
	240	181
	241	182
	242	183
	244	185
	246	188
	249	190
	250	191
	251	192
	253	194
	255	197
net/minecraft/client/gui/screens/debug/package-info	0	0
net/minecraft/client/renderer/EffectInstance	451	443
	74	61
	75	62
	77	63
	78	140
	79	69
	81	70
	82	71
	84	72
	85	73
	86	74
	87	76
	89	78
	90	79
	91	80
	92	81
	93	82
	95	85
	99	89
	100	90
	101	91
	102	92
	103	93
	104	95
	106	97
	107	98
	108	99
	109	100
	110	101
	112	104
	115	107
	116	108
	119	111
	120	112
	121	113
	122	115
	124	117
	125	118
	126	119
	127	120
	128	121
	130	124
	134	128
	136	129
	137	130
	139	131
	140	132
	142	133
	144	134
	145	135
	146	136
	147	137
	150	155
	151	156
	152	157
	153	158
	156	161
	157	162
	160	165
	161	166
	162	167
	166	170
	167	171
	168	172
	169	177
	170	176
	171	189
	173	193
	176	196
	180	201
	181	202
	183	204
	184	205
	185	206
	186	207
	187	208
	188	209
	189	210
	191	211
	192	212
	193	213
	194	214
	198	218
	199	219
	200	220
	201	221
	205	225
	206	226
	207	227
	208	228
	212	232
	213	233
	214	234
	215	235
	217	238
	220	241
	221	242
	222	243
	223	244
	225	247
	229	250
	230	251
	234	253
	235	253
	237	253
	243	259
	244	260
	246	263
	247	264
	251	267
	252	268
	253	269
	254	270
	257	272
	258	273
	262	274
	263	275
	265	278
	276	281
	278	282
	280	283
	282	284
	283	285
	284	286
	287	289
	288	290
	289	291
	290	292
	294	293
	295	294
	296	295
	299	296
	301	297
	305	302
	306	303
	308	305
	312	309
	313	310
	317	314
	318	315
	322	319
	323	320
	327	324
	328	325
	329	327
	330	328
	331	329
	332	330
	333	331
	334	332
	335	333
	338	335
	342	339
	343	340
	346	343
	347	344
	348	345
	349	346
	350	347
	353	349
	354	350
	355	351
	357	354
	360	357
	361	358
	363	359
	365	360
	366	361
	367	365
	369	363
	370	365
	373	368
	374	369
	377	372
	378	373
	379	374
	382	377
	383	378
	384	379
	385	380
	386	381
	388	382
	389	383
	390	384
	393	386
	394	388
	396	390
	397	391
	398	392
	399	393
	400	394
	402	397
	406	400
	407	403
	408	402
	412	407
	413	408
	415	409
	417	410
	418	411
	420	412
	423	414
	426	417
	427	419
	431	423
	436	428
	441	433
	442	434
	443	435
	446	438
	451	443
com/mojang/blaze3d/vertex/Tesselator	43	44
	34	35
	35	36
	38	39
	42	43
	43	44
	16	15
	17	16
	19	18
	20	20
	23	23
	24	24
	26	26
	30	31
	31	32
net/minecraft/client/renderer/SpriteCoordinateExpander	48	51
	32	35
	48	51
	17	20
	37	40
	22	25
	42	45
	11	14
	27	30
	12	15
	13	16
	47	50
net/minecraft/client/gui/screens/BanNoticeScreens	121	122
	67	69
	71	73
	72	74
	73	74
	74	74
	79	79
	80	80
	81	81
	82	82
	83	83
	85	85
	86	86
	87	87
	88	88
	90	90
	92	93
	29	32
	94	95
	33	37
	34	44
	98	100
	99	101
	36	39
	100	102
	37	40
	101	104
	39	43
	40	44
	104	107
	109	112
	110	113
	111	114
	112	115
	113	117
	50	48
	114	117
	51	49
	116	117
	53	51
	54	52
	56	55
	57	56
	121	122
	59	60
net/minecraft/client/multiplayer/ClientPacketListener	2438	2442
	2048	2062
	2049	2063
	2050	2064
	2054	2068
	2055	2069
	2057	2071
	2061	2074
	2062	2075
	2063	2076
	2064	2077
	2065	2078
	2067	2081
	2068	2092
	2069	2093
	2072	2096
	2073	2097
	2074	2098
	2075	2099
	2076	2100
	2077	2101
	2078	2102
	2080	2105
	2081	2116
	2082	2117
	2083	2118
	2087	2122
	2091	2125
	2092	2126
	2093	2127
	2094	2148
	2096	2128
	2097	2129
	2100	2131
	2101	2133
	2102	2134
	2104	2135
	2105	2136
	2108	2138
	2109	2139
	2111	2141
	2112	2142
	2115	2148
	2119	2151
	2121	2152
	2122	2153
	2123	2161
	2126	2154
	2127	2155
	2128	2156
	2129	2157
	2131	2159
	2132	2161
	2136	2164
	2137	2165
	2138	2166
	2139	2167
	2140	2168
	2141	2169
	2144	2172
	2145	2173
	2146	2174
	2147	2175
	2149	2176
	2151	2177
	2152	2178
	2153	2179
	2154	2180
	2156	2181
	2157	2182
	2161	2185
	2162	2186
	2163	2187
	2164	2188
	2165	2189
	2166	2190
	2167	2191
	2168	2192
	2170	2194
	2174	2197
	2175	2198
	2176	2199
	2177	2200
	2178	2201
	2182	2204
	2183	2205
	2184	2206
	2185	2207
	2189	2210
	2190	2211
	2191	2212
	2195	2215
	2196	2216
	2197	2217
	2201	2220
	2202	2222
	2203	2223
	2205	2225
	2209	2228
	2210	2229
	2211	2229
	2212	2230
	2214	2232
	2218	2235
	2219	2236
	2223	2239
	2224	2240
	2225	2241
	2229	2244
	2230	2245
	2234	2248
	2235	2249
	2238	2252
	2239	2253
	2240	2254
	2241	2255
	2242	2256
	2243	2257
	2244	2258
	2247	2261
	2250	2264
	2255	2268
	2259	2272
	2263	2276
	2267	2280
	2272	2285
	2277	2290
	2278	2291
	2279	2292
	2283	2296
	2287	2300
	2291	2304
	2295	2308
	2299	2312
	2303	2316
	2307	2320
	2311	2324
	2315	2328
	2319	2332
	2320	2333
	2321	2333
	2322	2334
	2325	2336
	2328	2339
	2329	2340
	2330	2341
	2332	2343
	2335	2346
	2336	2347
	2337	2348
	2338	2349
	2339	2350
	2340	2351
	2343	2354
	2344	2355
	2345	2356
	2346	2367
	2349	2358
	2350	2359
	2351	2360
	2352	2361
	2353	2362
	2354	2363
	2356	2365
	2357	2367
	2360	2370
	2361	2371
	2362	2372
	2364	2374
	2368	2379
	2373	2383
	2374	2384
	2375	2385
	2376	2386
	2380	2390
	2382	2391
	2383	2392
	2386	2395
	2388	2396
	2389	2397
	2390	2398
	2392	2400
	2396	2403
	2397	2410
	2399	2404
	2400	2410
	2403	2405
	2404	2406
	2405	2407
	2406	2410
	2410	2414
	2414	2418
	2418	2422
	372	364
	373	365
	374	366
	2422	2426
	375	367
	376	368
	377	369
	378	370
	2426	2430
	379	371
	380	372
	381	373
	382	374
	2430	2434
	2431	2435
	384	377
	385	378
	2434	2438
	388	381
	2438	2442
	392	385
	393	386
	394	387
	395	388
	398	391
	399	392
	400	393
	403	396
	410	400
	412	401
	413	402
	415	403
	416	404
	418	405
	419	406
	420	407
	422	408
	423	409
	425	410
	426	411
	427	412
	428	413
	429	414
	430	426
	433	427
	434	428
	435	429
	436	430
	437	431
	441	435
	443	436
	444	437
	445	438
	446	439
	447	440
	448	441
	449	442
	450	443
	451	444
	452	445
	453	446
	454	447
	455	448
	456	449
	460	450
	461	451
	462	452
	463	453
	464	454
	467	457
	468	458
	470	459
	472	460
	473	462
	474	464
	475	465
	477	467
	481	470
	483	471
	484	472
	485	473
	486	474
	488	475
	490	477
	492	479
	496	483
	497	484
	498	485
	499	486
	500	487
	501	488
	503	490
	505	493
	509	498
	510	499
	511	500
	512	501
	514	503
	515	504
	517	506
	519	509
	521	511
	525	514
	526	515
	527	516
	528	517
	530	518
	531	519
	532	520
	533	521
	534	522
	535	523
	536	524
	540	527
	541	528
	542	529
	543	532
	545	530
	546	532
	550	535
	551	536
	552	537
	553	538
	555	540
	559	543
	560	544
	561	545
	562	557
	564	546
	565	547
	566	548
	567	549
	569	550
	570	551
	571	552
	572	553
	573	554
	575	557
	579	560
	580	561
	581	566
	583	562
	584	563
	585	564
	586	566
	590	569
	591	570
	592	574
	594	571
	595	572
	596	574
	600	577
	601	578
	602	579
	604	581
	608	584
	609	585
	610	586
	611	604
	613	587
	614	588
	615	589
	616	590
	617	591
	618	592
	619	593
	620	594
	621	595
	622	596
	623	597
	624	598
	626	601
	628	604
	632	607
	633	608
	634	609
	635	613
	637	610
	638	611
	639	613
	643	616
	644	617
	645	617
	657	617
	658	618
	662	621
	663	622
	665	623
	667	624
	668	625
	669	626
	676	629
	677	630
	678	631
	679	632
	680	633
	682	635
	683	636
	684	637
	685	638
	691	643
	692	644
	693	645
	694	646
	695	647
	697	649
	698	650
	699	651
	700	652
	706	657
	707	658
	708	659
	709	660
	710	661
	712	663
	713	664
	714	665
	715	666
	718	669
	719	670
	721	671
	722	672
	724	673
	725	674
	726	675
	728	677
	729	678
	731	681
	732	682
	733	683
	735	685
	736	686
	739	689
	740	690
	741	691
	745	694
	747	695
	748	696
	752	699
	753	700
	754	701
	755	702
	756	703
	757	704
	758	705
	759	706
	760	707
	761	708
	763	710
	764	711
	768	714
	770	716
	771	717
	774	720
	775	721
	778	724
	779	725
	780	726
	781	727
	782	728
	787	733
	790	738
	791	742
	792	745
	795	748
	796	749
	797	750
	798	752
	799	753
	800	754
	801	755
	802	756
	804	758
	808	761
	809	762
	810	763
	811	764
	814	767
	815	768
	816	769
	817	770
	818	772
	819	773
	820	774
	821	775
	823	778
	824	779
	826	781
	827	782
	831	785
	832	786
	833	787
	837	790
	841	791
	843	792
	845	793
	846	794
	848	795
	866	817
	867	818
	868	819
	872	822
	873	823
	874	824
	875	825
	876	826
	878	829
	879	830
	880	831
	882	843
	885	856
	886	859
	888	860
	889	861
	890	862
	892	865
	893	866
	895	868
	896	869
	899	872
	903	875
	904	876
	905	877
	909	880
	911	881
	912	882
	913	883
	914	915
	917	885
	919	886
	920	887
	921	888
	922	889
	923	890
	924	915
	927	892
	929	894
	930	895
	932	897
	935	901
	936	907
	937	908
	938	909
	940	911
	942	915
	946	918
	947	919
	948	920
	952	923
	954	924
	955	925
	956	926
	957	933
	960	928
	962	929
	963	930
	965	933
	969	936
	970	937
	971	938
	972	954
	974	939
	975	940
	976	941
	977	942
	978	943
	979	944
	980	945
	981	946
	982	947
	983	948
	984	949
	985	950
	986	951
	988	954
	992	957
	993	958
	994	959
	995	962
	997	960
	998	962
	1002	965
	1003	966
	1004	967
	1005	968
	1006	969
	1010	972
	1011	973
	1012	974
	1016	977
	1017	978
	1018	979
	1019	980
	1020	1003
	1023	982
	1024	983
	1026	985
	1027	986
	1028	987
	1029	988
	1030	989
	1031	990
	1032	991
	1033	992
	1034	993
	1036	996
	1037	997
	1038	998
	1042	1003
	1046	1006
	1047	1007
	1048	1007
	1049	1008
	1051	1010
	1054	1013
	1055	1014
	1056	1015
	1057	1016
	1060	1020
	1065	1024
	1066	1025
	1067	1026
	1069	1027
	1071	1040
	1073	1029
	1075	1032
	1076	1033
	1077	1034
	1078	1035
	1079	1036
	1082	1043
	1085	1046
	1089	1049
	1090	1050
	1091	1051
	1092	1054
	1095	1052
	1096	1054
	1100	1057
	1101	1058
	1102	1059
	1103	1060
	1104	1061
	1108	1064
	1109	1065
	1110	1072
	1114	1075
	1115	1076
	1116	1077
	1117	1078
	1118	1079
	1119	1080
	1120	1081
	1121	1082
	1122	1083
	1123	1084
	1124	1085
	1125	1086
	1126	1087
	1127	1088
	1128	1089
	1129	1101
	1130	1102
	1133	1105
	1134	1106
	1135	1107
	1139	1111
	1140	1112
	1142	1116
	1145	1119
	1147	1120
	1148	1121
	1149	1122
	1150	1123
	1152	1126
	1154	1127
	1155	1128
	1156	1129
	1157	1130
	1161	1134
	1162	1135
	1164	1137
	1167	1140
	1168	1141
	1169	1142
	1170	1143
	1171	1144
	1172	1145
	1173	1146
	1174	1147
	1175	1148
	1176	1149
	1177	1150
	1178	1151
	1179	1152
	1181	1155
	1182	1156
	1185	1159
	1186	1160
	1187	1161
	1188	1162
	1189	1163
	1190	1164
	1193	1168
	1198	1172
	1199	1174
	1200	1186
	1202	1193
	1203	1193
	1204	1193
	1205	1193
	1207	1195
	1211	1198
	1212	1199
	1213	1199
	1214	1200
	1215	1201
	1216	1202
	1217	1204
	1218	1206
	1219	1207
	1221	1209
	1225	1212
	1226	1214
	1227	1216
	1231	1219
	1232	1220
	1233	1221
	1234	1222
	1236	1223
	1238	1224
	1240	1225
	1241	1226
	1243	1228
	1244	1229
	1246	1231
	1248	1232
	1249	1233
	1252	1236
	1253	1237
	1254	1238
	1255	1239
	1256	1240
	1259	1244
	1260	1245
	1261	1247
	1264	1250
	1268	1253
	1269	1254
	1270	1255
	1271	1256
	1272	1260
	1273	1261
	1275	1266
	1279	1269
	1280	1270
	1282	1271
	1283	1272
	1285	1274
	1286	1275
	1287	1276
	1288	1277
	1290	1279
	1294	1282
	1295	1283
	1296	1284
	1297	1285
	1298	1286
	1299	1287
	1302	1290
	1303	1291
	1305	1293
	1306	1294
	1310	1297
	1311	1298
	1312	1299
	1313	1300
	1315	1302
	1319	1305
	1320	1306
	1321	1306
	1322	1307
	1324	1309
	1328	1312
	1329	1313
	1330	1314
	1334	1317
	1335	1318
	1336	1323
	1340	1326
	1341	1327
	1342	1330
	1346	1333
	1347	1334
	1348	1335
	1349	1336
	1350	1337
	1351	1338
	1352	1339
	1353	1340
	1354	1341
	1355	1342
	1356	1343
	1357	1344
	1358	1345
	1359	1346
	1360	1347
	1361	1348
	1362	1349
	1363	1350
	1364	1351
	1365	1352
	1366	1353
	1367	1354
	1368	1355
	1369	1356
	1370	1357
	1371	1358
	1372	1372
	1373	1373
	1374	1374
	1375	1375
	1376	1376
	1377	1377
	1379	1379
	1380	1380
	1381	1381
	1382	1382
	1383	1383
	1384	1384
	1385	1385
	1386	1386
	1387	1387
	1388	1388
	1390	1389
	1391	1390
	1393	1392
	1394	1393
	1395	1394
	1396	1395
	1397	1396
	1398	1396
	1399	1397
	1402	1399
	1405	1402
	1406	1403
	1407	1404
	1411	1407
	1412	1408
	1413	1409
	1414	1410
	1416	1411
	1417	1413
	1418	1415
	1421	1418
	1422	1419
	1423	1420
	1427	1423
	1428	1424
	1429	1425
	1431	1427
	1433	1429
	1437	1432
	1438	1433
	1439	1434
	1443	1437
	1444	1438
	1445	1439
	1446	1440
	1448	1442
	1449	1443
	1451	1445
	1455	1448
	1456	1449
	1457	1450
	1461	1453
	1462	1454
	1463	1455
	1467	1458
	1468	1459
	1469	1460
	1473	1463
	1474	1464
	1476	1465
	1477	1466
	1479	1467
	1480	1468
	1484	1471
	1485	1472
	1486	1473
	1487	1474
	1489	1476
	1493	1479
	1495	1480
	1496	1481
	1498	1483
	1502	1486
	1504	1488
	1505	1489
	1506	1490
	1508	1491
	1511	1494
	1512	1495
	1514	1497
	1518	1500
	1520	1501
	1521	1502
	1523	1503
	1524	1504
	1526	1506
	1527	1507
	1531	1511
	1532	1512
	1534	1515
	1535	1516
	1539	1520
	1540	1521
	1541	1522
	1542	1523
	1543	1524
	1544	1525
	1546	1527
	1551	1531
	1553	1532
	1554	1533
	1556	1535
	1560	1538
	1561	1539
	1562	1540
	1563	1557
	1566	1541
	1567	1543
	1568	1551
	1569	1552
	1571	1555
	1572	1557
	1576	1560
	1577	1561
	1578	1562
	1579	1563
	1580	1564
	1581	1565
	1582	1566
	1586	1569
	1590	1572
	1594	1575
	1596	1576
	1597	1577
	1598	1578
	1599	1579
	1601	1581
	1604	1584
	1608	1587
	1609	1588
	1610	1589
	1611	1590
	1615	1593
	1616	1594
	1617	1595
	1618	1596
	1620	1598
	1624	1601
	1625	1602
	1627	1603
	1629	1604
	1630	1605
	1631	1606
	1633	1608
	1636	1611
	1637	1612
	1638	1613
	1639	1614
	1643	1617
	1644	1618
	1645	1619
	1649	1622
	1650	1623
	1651	1628
	1655	1631
	1656	1632
	1657	1633
	1661	1636
	1662	1637
	1663	1638
	1667	1641
	1668	1642
	1669	1643
	1673	1646
	1674	1647
	1675	1648
	1676	1649
	1678	1651
	1682	1654
	1683	1655
	1684	1660
	1687	1656
	1688	1657
	1690	1658
	1691	1660
	1695	1663
	1696	1664
	1697	1665
	1701	1668
	1702	1669
	1703	1670
	1707	1673
	1708	1674
	1709	1675
	1713	1678
	1714	1679
	1715	1680
	1719	1683
	1720	1684
	1721	1687
	1725	1690
	1726	1691
	1727	1692
	1728	1693
	1732	1696
	1733	1697
	1734	1698
	1736	1700
	1740	1703
	1741	1705
	1742	1706
	1743	1707
	1744	1708
	1745	1709
	1748	1712
	1752	1715
	1754	1717
	1755	1718
	1756	1719
	1757	1720
	1761	1724
	1762	1725
	1763	1726
	1764	1727
	1768	1729
	1769	1730
	1772	1734
	1775	1741
	1776	1743
	1778	1746
	1780	1746
	1782	1747
	1784	1750
	1785	1751
	1787	1753
	1788	1754
	1790	1756
	1793	1760
	1794	1763
	1796	1765
	1799	1768
	1800	1769
	1801	1770
	1802	1771
	1803	1772
	1804	1787
	1806	1774
	1807	1775
	1809	1777
	1810	1778
	1811	1779
	1812	1780
	1813	1781
	1816	1784
	1818	1787
	1821	1790
	1826	1794
	1827	1795
	1828	1796
	1829	1797
	1830	1798
	1831	1799
	1832	1800
	1833	1801
	1834	1802
	1838	1805
	1839	1806
	1840	1819
	1844	1822
	1845	1823
	1846	1824
	1847	1837
	1849	1825
	1850	1837
	1854	1840
	1855	1841
	1856	1842
	1860	1845
	1861	1846
	1862	1847
	1864	1849
	1866	1851
	1870	1854
	1871	1855
	1872	1856
	1873	1857
	1874	1864
	1876	1866
	1880	1869
	1881	1870
	1882	1871
	1883	1872
	1884	1873
	1886	1875
	1890	1879
	1891	1880
	1892	1884
	1893	1885
	1894	1887
	1895	1888
	1896	1892
	1897	1893
	1898	1902
	1899	1903
	1900	1904
	1901	1906
	1902	1908
	1903	1909
	1904	1910
	1905	1911
	1906	1912
	1907	1913
	1908	1914
	1909	1915
	1910	1916
	1911	1917
	1912	1918
	1913	1919
	1914	1920
	1915	1921
	1916	1922
	1917	1923
	1918	1924
	1919	1933
	1920	1934
	1921	1935
	1922	1936
	1923	1937
	1924	1938
	1925	1939
	1926	1940
	1927	1944
	1928	1945
	1933	1947
	1936	1949
	1940	1952
	1941	1953
	1945	1956
	1947	1957
	1948	1958
	1949	1959
	1951	1969
	1952	1970
	1953	1971
	1954	1972
	1955	1973
	1956	1974
	1957	1975
	1958	1976
	1962	1980
	1966	1983
	1967	1984
	1969	1985
	1970	1986
	1971	1987
	1972	1988
	1973	1989
	1974	1990
	1975	1991
	1977	1993
	1979	1995
	1983	1998
	1984	1999
	1986	2000
	1987	2001
	1988	2002
	1990	2004
	1991	2005
	1992	2006
	1994	2008
	1997	2011
	2001	2014
	2003	2015
	2004	2016
	2005	2017
	2006	2018
	2010	2021
	2013	2022
	2015	2024
	2016	2025
	2018	2027
	2019	2028
	2020	2029
	2021	2035
	2025	2039
	2027	2040
	2028	2041
	2029	2042
	2030	2043
	2031	2044
	2032	2045
	2033	2046
	2035	2049
	2036	2050
	2037	2051
	2039	2054
	2040	2055
	2041	2056
	2043	2057
	2044	2058
	2045	2059
	2046	2060
net/minecraft/client/model/ChestRaftModel	54	51
	32	34
	34	35
	36	36
	37	38
	38	38
	39	39
	42	41
	43	43
	44	43
	45	44
	48	46
	49	48
	18	20
	50	48
	19	21
	51	49
	54	51
	23	25
	24	26
	25	27
	26	28
	27	29
	31	33
net/minecraft/client/gui/screens/worldselection/PresetEditor	65	68
	64	67
	33	34
	65	68
	34	35
	35	36
	36	37
	37	38
	38	39
	40	41
	41	42
	44	49
	47	49
	52	56
	53	57
	54	58
	59	63
	60	64
	62	65
	63	66
com/mojang/realmsclient/gui/screens/RealmsSelectWorldTemplateScreen	389	388
	256	350
	257	351
	260	354
	261	355
	265	359
	266	360
	267	361
	269	363
	274	368
	275	369
	276	370
	277	371
	281	375
	286	380
	290	384
	294	388
	321	261
	322	262
	323	263
	325	264
	327	266
	329	269
	330	270
	76	69
	332	271
	77	70
	334	273
	80	75
	336	275
	81	76
	82	77
	83	78
	340	279
	85	79
	341	280
	86	80
	342	281
	343	282
	89	82
	345	285
	90	83
	346	286
	347	287
	92	85
	349	290
	350	291
	95	88
	96	89
	353	294
	100	93
	102	94
	358	299
	359	300
	104	95
	360	301
	105	96
	361	302
	106	97
	107	98
	363	303
	108	99
	364	304
	109	100
	365	305
	111	101
	367	308
	368	309
	113	103
	369	310
	114	105
	115	106
	371	313
	372	314
	373	315
	374	316
	119	110
	375	317
	120	111
	376	318
	121	112
	377	319
	379	321
	125	116
	126	117
	127	118
	383	325
	128	119
	384	327
	385	328
	130	122
	386	329
	387	330
	389	333
	134	126
	135	127
	136	128
	137	129
	141	133
	142	134
	145	137
	146	138
	148	140
	151	143
	152	144
	154	146
	157	149
	158	150
	160	152
	163	155
	166	157
	167	158
	168	160
	170	161
	173	162
	174	163
	175	164
	176	165
	177	166
	179	169
	181	171
	182	173
	183	174
	185	177
	187	178
	188	179
	189	180
	190	181
	192	184
	194	186
	195	189
	197	191
	198	192
	199	193
	203	197
	204	198
	205	199
	211	205
	213	206
	215	207
	216	208
	219	211
	220	212
	221	213
	222	214
	225	217
	228	220
	229	221
	230	222
	231	223
	232	224
	233	226
	234	227
	235	228
	236	229
	237	230
	238	231
	240	234
	243	237
	246	240
	251	340
	252	341
	255	345
net/minecraft/client/gui/screens/inventory/CommandBlockEditScreen	101	113
	21	25
	22	26
	26	30
	31	35
	36	40
	37	41
	38	43
	39	44
	40	45
	41	46
	44	50
	45	51
	46	52
	47	53
	50	55
	51	56
	52	57
	53	58
	54	59
	57	61
	58	62
	59	63
	60	64
	61	65
	64	67
	65	68
	68	71
	69	72
	70	73
	71	74
	72	75
	73	76
	76	79
	77	80
	78	81
	79	82
	80	83
	81	84
	83	85
	84	86
	85	87
	86	88
	88	89
	89	90
	90	91
	94	95
	95	96
	96	97
	100	101
	101	113
com/mojang/realmsclient/client/Ping	73	79
	71	77
	72	78
	73	79
	17	18
	18	19
	22	22
	23	24
	24	25
	28	28
	29	29
	33	33
	34	34
	35	35
	36	37
	38	39
	39	40
	40	41
	41	42
	42	43
	43	44
	44	45
	46	47
	49	51
	53	55
	57	59
net/minecraft/client/animation/definitions/SnifferAnimation	0	0
net/minecraft/client/server/IntegratedPlayerList	51	46
	32	32
	51	46
	20	22
	36	35
	37	36
	22	23
	23	24
	40	37
	27	27
	28	28
	45	41
	31	31
net/minecraft/client/renderer/entity/layers/CarriedBlockLayer	40	38
	32	30
	33	31
	34	32
	35	33
	36	34
	38	35
	39	36
	40	38
	17	20
	18	21
	19	22
	23	25
	24	26
	25	38
	28	27
	30	28
	31	29
com/mojang/realmsclient/client/RealmsError	167	155
	64	150
	133	29
	69	155
	135	30
	138	31
	139	32
	78	56
	83	61
	150	35
	151	36
	152	37
	88	66
	153	38
	154	39
	155	40
	157	40
	30	115
	97	76
	163	42
	35	120
	164	43
	36	121
	101	81
	37	122
	167	46
	40	124
	105	86
	41	125
	42	126
	43	127
	109	90
	47	131
	114	95
	52	137
	119	100
	59	145
	124	105
	125	106
	127	107
net/minecraft/client/renderer/RenderBuffers	72	68
	64	60
	68	64
	72	68
	21	20
	23	21
	24	23
	25	24
	27	25
	28	26
	30	27
	31	28
	32	29
	33	30
	34	31
	35	32
	36	33
	37	34
	38	35
	39	36
	40	37
	41	38
	43	39
	44	40
	46	42
	47	43
	48	44
	49	45
	52	48
	53	49
	56	52
	60	56
com/mojang/blaze3d/platform/GlDebug	183	185
	129	126
	130	127
	131	128
	132	129
	133	130
	134	131
	136	134
	137	135
	138	136
	140	139
	141	140
	142	141
	143	142
	144	143
	146	146
	147	147
	148	148
	150	151
	24	33
	152	154
	28	37
	30	39
	32	41
	34	43
	163	166
	36	45
	164	167
	165	168
	38	47
	166	169
	167	170
	40	49
	168	171
	42	51
	171	174
	47	56
	175	174
	49	58
	51	60
	180	178
	53	62
	181	181
	182	183
	55	64
	183	185
	57	66
	59	68
	61	70
	63	72
	68	77
	70	81
	72	83
	74	85
	76	79
	78	87
	88	92
	91	94
	92	95
	93	96
	94	99
	95	100
	96	101
	98	97
	102	105
	103	106
	106	109
	107	110
	108	112
	109	113
	111	116
	121	121
	125	125
	126	154
net/minecraft/client/gui/components/CycleButton	266	287
	128	139
	129	140
	130	141
	131	142
	132	143
	134	145
	264	285
	137	148
	265	286
	266	287
	141	151
	145	155
	149	159
	153	163
	157	167
	165	176
	39	52
	40	53
	41	54
	42	55
	43	56
	44	57
	172	182
	45	58
	173	183
	46	59
	47	60
	48	61
	176	186
	49	62
	50	63
	53	66
	181	191
	54	67
	185	195
	58	71
	59	72
	61	74
	189	199
	63	76
	193	203
	66	79
	194	204
	67	80
	68	81
	70	82
	198	208
	71	83
	199	209
	72	84
	75	87
	203	213
	76	88
	204	214
	205	215
	206	216
	208	219
	81	93
	82	94
	83	95
	84	96
	212	223
	213	224
	86	99
	217	228
	90	103
	218	229
	91	104
	92	105
	93	106
	222	233
	97	109
	98	110
	226	237
	101	113
	102	114
	230	241
	103	115
	231	242
	104	116
	232	243
	105	117
	235	245
	108	120
	236	246
	237	247
	239	249
	112	124
	116	128
	121	133
	249	280
	250	281
	127	138
net/minecraft/client/renderer/entity/VillagerRenderer	41	36
	32	32
	36	35
	37	36
	39	36
	41	36
	16	19
	18	20
	19	21
	20	22
	21	23
	25	26
	30	30
	31	31
net/minecraft/client/renderer/entity/StriderRenderer	45	42
	32	33
	17	19
	34	33
	19	20
	20	25
	39	37
	24	28
	40	38
	41	39
	29	32
	45	42
	30	33
net/minecraft/client/animation/definitions/BatAnimation	0	0
net/minecraft/client/renderer/block/model/multipart/MultiPart	116	119
	64	63
	69	69
	74	76
	79	82
	80	83
	85	88
	87	90
	88	91
	89	92
	90	93
	94	97
	101	105
	38	40
	102	106
	39	41
	40	42
	106	109
	43	45
	110	113
	47	49
	112	115
	49	51
	113	116
	50	52
	116	119
	53	55
	58	59
	59	60
	61	62
	62	64
net/minecraft/client/gui/font/providers/GlyphProviderDefinition	35	30
	32	26
	33	27
	34	28
	35	30
net/minecraft/client/gui/screens/inventory/package-info	0	0
net/minecraft/client/gui/spectator/SpectatorMenu	181	170
	132	120
	133	121
	137	125
	142	130
	143	131
	147	135
	156	145
	157	146
	158	147
	31	30
	162	151
	35	34
	163	152
	167	156
	40	39
	44	43
	172	161
	173	162
	175	164
	177	166
	181	170
	54	52
	55	53
	56	54
	59	57
	61	58
	62	59
	63	60
	64	61
	65	61
	67	61
	71	62
	72	63
	75	65
	76	65
	78	65
	82	70
	84	72
	85	73
	88	76
	92	80
	96	84
	100	88
	102	89
	103	90
	104	91
	106	93
	109	96
	112	99
	113	100
	116	103
	120	107
	121	108
	122	109
	123	110
	126	113
net/minecraft/client/gui/screens/inventory/InventoryScreen	230	212
	33	33
	34	34
	35	35
	39	39
	40	40
	41	47
	44	45
	45	47
	49	51
	50	52
	51	69
	54	57
	55	58
	56	59
	57	60
	59	61
	60	62
	61	63
	63	64
	65	65
	66	66
	67	67
	68	69
	72	73
	73	74
	77	78
	78	79
	79	80
	81	82
	82	83
	83	84
	86	87
	87	88
	89	89
	90	90
	91	91
	95	95
	96	96
	97	97
	99	98
	100	99
	103	104
	104	105
	106	106
	108	107
	109	108
	111	109
	112	110
	113	111
	115	112
	116	113
	117	114
	118	115
	119	116
	121	117
	122	118
	123	119
	124	120
	125	121
	127	122
	128	123
	129	124
	130	125
	132	126
	133	127
	134	128
	135	129
	136	130
	138	131
	139	132
	142	137
	143	138
	144	139
	145	140
	146	141
	148	142
	150	143
	151	144
	152	145
	154	148
	155	150
	156	152
	157	153
	159	154
	161	155
	162	156
	167	160
	168	160
	170	160
	175	165
	176	165
	178	165
	183	170
	188	175
	189	176
	190	177
	193	179
	194	179
	197	179
	202	185
	203	186
	204	187
	207	189
	212	195
	213	196
	218	201
	220	202
	221	203
	225	207
	226	208
	230	212
net/minecraft/client/GraphicsStatus	44	42
	20	21
	36	34
	21	22
	37	35
	22	23
	38	36
	39	37
	26	26
	44	42
	31	30
net/minecraft/client/model/EndermanModel	142	124
	128	111
	129	112
	130	113
	131	114
	132	115
	134	116
	135	117
	136	118
	139	121
	140	122
	141	123
	142	124
	18	20
	19	21
	22	24
	23	25
	24	26
	26	27
	27	28
	28	29
	29	29
	32	31
	33	31
	34	31
	37	32
	38	33
	39	33
	40	33
	42	35
	43	36
	44	36
	45	36
	47	38
	48	39
	49	39
	50	39
	52	41
	53	42
	54	42
	55	42
	57	44
	58	45
	59	45
	60	45
	63	47
	68	52
	70	53
	72	54
	73	55
	74	56
	75	57
	77	58
	78	59
	80	60
	81	61
	82	62
	83	63
	85	64
	86	65
	87	66
	89	69
	90	70
	92	73
	93	74
	95	77
	96	78
	98	81
	99	82
	101	85
	102	86
	104	89
	105	90
	107	93
	108	94
	111	97
	112	98
	113	99
	114	100
	115	101
	118	104
	119	105
	121	106
	122	107
	124	108
	125	109
	127	110
net/minecraft/client/gui/layouts/EqualSpacingLayout	168	168
	130	132
	131	133
	132	134
	137	139
	138	141
	139	144
	141	146
	144	149
	145	151
	146	154
	148	156
	151	159
	152	160
	153	161
	26	19
	27	20
	30	23
	158	166
	31	24
	159	167
	32	25
	160	168
	36	29
	38	30
	39	70
	167	101
	168	102
	42	31
	43	32
	45	34
	46	35
	47	36
	50	39
	52	40
	54	41
	55	42
	56	43
	57	44
	58	45
	59	46
	60	48
	61	49
	62	50
	63	51
	64	52
	68	56
	69	58
	70	59
	73	62
	74	64
	75	67
	77	70
	81	74
	82	75
	85	78
	89	82
	93	86
	97	90
	98	91
	102	95
	109	111
	110	112
	111	113
	116	118
	117	119
	118	120
	123	125
	124	126
	125	127
net/minecraft/client/gui/components/events/package-info	0	0
net/minecraft/client/model/CodModel	78	69
	68	58
	73	63
	74	64
	75	65
	77	68
	78	69
	18	20
	19	21
	20	22
	23	25
	24	26
	26	27
	27	28
	28	29
	29	29
	30	29
	32	31
	33	32
	34	32
	35	32
	37	34
	38	35
	39	35
	40	35
	42	37
	43	39
	44	39
	45	40
	47	42
	48	44
	49	44
	50	45
	52	47
	53	48
	54	48
	55	48
	57	50
	58	51
	59	51
	60	51
	63	53
com/mojang/blaze3d/font/TrueTypeGlyphProvider	147	137
	129	122
	130	123
	132	124
	134	125
	135	126
	137	127
	138	128
	142	132
	147	137
	34	34
	35	35
	37	36
	39	37
	41	38
	42	39
	44	40
	45	41
	46	43
	47	44
	48	45
	50	47
	55	52
	57	53
	58	54
	61	56
	62	57
	63	58
	67	60
	68	61
	70	62
	72	63
	73	64
	74	65
	75	66
	76	67
	78	68
	79	68
	82	68
	86	74
	87	77
	89	75
	94	83
	95	84
	96	85
	97	86
	98	88
	100	91
	101	92
	102	93
	106	97
	107	98
	108	100
	109	101
	110	103
	111	103
	112	104
	113	103
	116	108
	117	109
net/minecraft/client/tutorial/package-info	0	0
net/minecraft/client/gui/screens/advancements/AdvancementsScreen	275	259
	256	242
	257	243
	261	246
	262	247
	263	248
	267	252
	268	253
	274	258
	275	259
	61	53
	62	54
	65	57
	66	58
	67	59
	68	60
	72	64
	73	65
	74	66
	75	67
	76	68
	77	69
	78	70
	81	72
	83	75
	85	77
	86	79
	87	80
	91	84
	92	85
	96	89
	97	90
	101	94
	102	95
	103	96
	104	97
	106	99
	110	103
	111	104
	112	105
	114	107
	115	108
	116	109
	117	110
	121	115
	126	120
	127	121
	128	122
	129	123
	131	125
	136	131
	138	132
	139	133
	140	134
	141	135
	142	136
	143	137
	147	141
	148	142
	149	143
	152	145
	153	146
	154	147
	155	148
	157	151
	162	157
	163	158
	164	159
	166	161
	170	166
	171	167
	172	168
	173	169
	174	170
	175	171
	176	175
	179	173
	180	175
	183	178
	185	179
	187	180
	188	181
	189	182
	192	185
	193	186
	197	190
	198	191
	201	194
	202	195
	203	196
	205	197
	206	198
	207	199
	209	200
	212	203
	213	204
	214	205
	215	206
	219	210
	223	213
	224	214
	225	217
	227	215
	228	217
	232	220
	236	223
	237	224
	238	225
	240	227
	244	230
	248	234
	249	235
	250	236
	252	238
com/mojang/blaze3d/pipeline/RenderTarget	292	259
	256	225
	257	226
	258	227
	259	228
	261	229
	262	230
	263	231
	264	232
	265	233
	266	234
	268	235
	270	236
	271	237
	272	238
	275	241
	276	242
	277	243
	278	244
	279	245
	280	246
	281	247
	283	250
	284	251
	285	252
	288	255
	35	31
	36	31
	292	259
	37	31
	38	31
	39	31
	45	35
	47	36
	48	37
	49	38
	50	39
	53	42
	54	43
	55	43
	56	43
	58	45
	60	47
	63	50
	64	51
	66	52
	67	53
	69	56
	72	57
	73	58
	76	61
	77	62
	78	63
	80	64
	81	65
	82	66
	84	69
	85	70
	86	71
	88	74
	89	75
	90	76
	91	77
	93	79
	96	82
	98	83
	99	84
	100	85
	102	86
	103	87
	106	90
	108	91
	109	92
	110	125
	113	93
	114	94
	116	95
	117	96
	119	97
	120	98
	121	99
	122	100
	123	101
	124	102
	125	103
	126	104
	127	105
	128	106
	129	107
	132	110
	133	111
	134	112
	135	113
	136	114
	138	115
	139	116
	141	117
	143	118
	146	121
	148	122
	149	123
	150	127
	153	130
	154	131
	157	134
	158	135
	159	136
	160	137
	161	138
	162	139
	163	140
	165	142
	168	145
	169	146
	170	147
	171	164
	172	148
	173	149
	174	150
	175	151
	176	152
	177	153
	178	154
	179	155
	180	156
	181	157
	182	158
	183	159
	185	161
	190	167
	191	168
	192	169
	195	172
	196	173
	197	174
	201	177
	202	178
	203	178
	204	178
	206	180
	208	182
	211	185
	212	186
	213	187
	214	188
	216	190
	220	193
	221	194
	222	194
	223	194
	225	196
	227	198
	230	201
	231	202
	232	203
	233	204
	234	205
	237	208
	238	209
	241	212
	242	213
	245	216
	246	217
	247	218
	248	219
	250	220
	252	221
	253	222
net/minecraft/client/renderer/entity/AllayRenderer	27	26
	17	18
	18	19
	22	22
	27	26
	15	17
net/minecraft/client/renderer/block/model/multipart/Selector	100	92
	65	64
	66	64
	69	64
	74	69
	76	70
	77	71
	80	72
	81	73
	82	74
	83	75
	84	76
	85	77
	86	78
	87	79
	88	80
	89	81
	90	82
	28	30
	92	84
	29	31
	31	32
	95	87
	32	33
	34	35
	35	36
	36	38
	100	92
	39	41
	43	45
	48	49
	53	53
	59	59
	61	60
net/minecraft/client/gui/screens/inventory/MenuAccess	0	0
net/minecraft/client/gui/screens/options/AccessibilityOptionsScreen	66	77
	65	76
	66	77
	20	22
	21	23
	22	25
	23	27
	24	29
	25	31
	26	33
	27	35
	28	37
	29	39
	30	41
	31	43
	32	45
	33	47
	38	52
	39	53
	43	57
	44	58
	45	59
	46	59
	47	60
	48	61
	51	63
	55	67
	56	68
	60	72
	61	73
	62	74
	63	74
com/mojang/blaze3d/vertex/VertexFormat	241	227
	128	128
	131	131
	132	132
	133	136
	135	134
	136	136
	139	139
	140	140
	142	142
	145	145
	146	146
	147	147
	149	150
	28	27
	29	28
	30	29
	158	160
	31	30
	32	32
	33	33
	161	163
	34	34
	162	164
	35	35
	163	165
	164	166
	37	37
	40	40
	168	170
	169	171
	45	44
	173	175
	46	46
	174	176
	47	47
	175	177
	48	48
	176	178
	49	49
	50	50
	51	51
	52	52
	53	53
	54	54
	55	55
	57	58
	188	191
	61	62
	189	192
	190	193
	65	66
	193	196
	194	196
	196	196
	69	70
	73	74
	77	78
	81	82
	85	86
	216	217
	89	90
	217	218
	90	91
	218	219
	91	92
	219	220
	220	221
	93	94
	224	224
	98	99
	99	100
	101	101
	231	226
	104	104
	105	105
	235	225
	110	109
	238	227
	241	224
	114	113
	115	114
	116	118
	118	116
	119	118
	122	121
	123	123
	124	124
	125	125
	126	126
net/minecraft/client/renderer/entity/WindChargeRenderer	47	42
	32	29
	34	30
	35	31
	36	32
	38	33
	39	35
	42	38
	47	42
	22	23
	23	24
	24	25
	28	28
	29	35
net/minecraft/client/model/ArmorStandArmorModel	73	64
	64	57
	65	58
	66	59
	68	60
	69	61
	70	62
	72	63
	73	64
	16	17
	17	18
	20	21
	21	22
	22	23
	23	24
	24	24
	25	24
	27	26
	28	28
	29	28
	30	29
	32	31
	33	33
	34	33
	35	34
	37	36
	38	38
	39	38
	40	39
	43	41
	48	45
	49	46
	50	47
	52	48
	53	49
	54	50
	56	51
	57	52
	58	53
	60	54
	61	55
	62	56
net/minecraft/client/renderer/entity/layers/ShulkerHeadLayer	25	26
	16	19
	17	20
	21	23
	22	24
	24	25
	25	26
net/minecraft/client/renderer/OutlineBufferSource	85	90
	64	69
	69	74
	70	75
	75	80
	80	85
	20	21
	21	22
	85	90
	25	26
	26	27
	27	28
	29	30
	30	31
	31	32
	32	33
	33	35
	34	37
	36	39
	40	45
	41	46
	42	47
	43	48
	44	49
	47	52
	48	53
	53	58
	54	59
	58	63
	59	64
net/minecraft/client/multiplayer/chat/report/ChatReportContextBuilder	105	103
	65	65
	80	76
	81	77
	82	78
	22	24
	86	81
	23	25
	87	82
	89	84
	26	28
	90	85
	91	86
	28	30
	92	87
	29	30
	93	88
	30	31
	31	32
	95	90
	32	33
	33	34
	34	35
	98	94
	35	36
	99	95
	36	37
	101	98
	39	30
	41	41
	105	103
	44	44
	45	45
	48	48
	50	49
	51	51
	52	52
	53	53
	54	54
	55	55
	56	56
	61	61
net/minecraft/client/renderer/SectionBufferBuilderPool	66	66
	32	31
	34	33
	66	66
	35	34
	37	35
	38	37
	39	38
	43	42
	48	47
	49	48
	50	49
	19	20
	51	50
	20	21
	21	22
	53	52
	57	57
	26	25
	58	58
	27	26
	59	59
	29	27
	62	62
	31	30
net/minecraft/client/resources/server/PackReloadConfig	0	0
net/minecraft/client/gui/components/MultiLineEditBox	233	229
	32	30
	33	31
	34	32
	35	33
	36	34
	37	35
	40	38
	41	39
	44	42
	45	43
	48	46
	49	47
	52	50
	57	55
	58	56
	62	60
	63	61
	64	62
	65	63
	67	65
	72	71
	73	72
	76	73
	77	74
	78	75
	79	76
	80	77
	83	79
	88	85
	93	90
	94	94
	97	91
	98	92
	103	100
	104	101
	105	102
	106	167
	109	106
	110	107
	111	108
	113	109
	114	110
	115	111
	116	113
	117	114
	119	115
	120	116
	121	117
	122	118
	123	119
	126	122
	127	123
	129	127
	132	130
	135	133
	136	134
	139	137
	140	138
	142	139
	143	140
	144	142
	145	143
	146	144
	148	146
	152	150
	153	151
	155	153
	156	154
	158	156
	160	159
	163	162
	166	167
	170	171
	172	172
	173	173
	174	174
	175	175
	177	177
	181	181
	186	186
	191	191
	195	195
	196	196
	199	199
	201	200
	203	201
	204	202
	206	204
	208	205
	209	206
	213	210
	214	211
	217	214
	221	218
	222	219
	224	220
	225	221
	229	225
	230	226
	231	227
	233	229
net/minecraft/client/gui/components/events/GuiEventListener	76	65
	33	31
	37	35
	69	61
	70	61
	72	61
	41	39
	76	65
	45	43
	18	16
	21	19
	56	48
	25	23
	60	52
	29	27
net/minecraft/client/resources/SplashManager	70	84
	32	33
	65	79
	66	80
	67	82
	36	42
	68	83
	70	84
	39	41
	40	59
	41	60
	47	65
	48	66
	49	67
	53	71
	54	72
	56	73
	57	74
	58	75
	59	76
	60	77
	61	78
	31	32
net/minecraft/client/model/geom/builders/CubeDeformation	25	28
	17	20
	18	21
	21	24
	25	28
	11	14
	12	15
	13	16
	14	17
net/minecraft/client/renderer/texture/atlas/SpriteSource	31	35
	21	24
	22	25
	31	35
net/minecraft/client/model/GiantZombieModel	13	15
	8	11
	9	12
	13	15
net/minecraft/client/gui/screens/social/SocialInteractionsPlayerList	199	187
	128	121
	129	121
	131	121
	133	123
	135	124
	136	125
	137	126
	142	127
	145	131
	147	132
	148	133
	151	136
	152	137
	153	138
	154	139
	155	140
	156	141
	157	142
	160	145
	161	146
	162	147
	35	34
	36	35
	164	149
	37	36
	167	152
	168	153
	42	40
	171	156
	47	44
	175	160
	176	162
	177	163
	178	164
	51	48
	179	165
	52	49
	182	169
	55	52
	183	170
	56	53
	184	171
	57	54
	185	173
	58	55
	186	175
	59	56
	187	176
	62	59
	190	178
	63	61
	64	62
	65	63
	193	181
	66	64
	194	182
	67	65
	195	183
	196	184
	70	68
	199	187
	73	71
	74	71
	76	73
	77	74
	78	78
	79	85
	80	86
	83	90
	84	91
	88	96
	90	98
	93	101
	95	103
	96	104
	97	104
	98	105
	102	109
	106	113
	107	113
	115	114
	116	115
	118	116
	119	117
	121	118
	126	119
net/minecraft/client/model/geom/builders/MaterialDefinition	11	14
	9	12
	10	13
	11	14
net/minecraft/client/resources/model/ModelState	11	14
	7	10
	11	14
net/minecraft/client/gui/components/AbstractSliderButton	147	138
	128	118
	129	119
	131	122
	132	123
	136	127
	137	128
	138	129
	142	133
	146	137
	147	138
	31	31
	32	32
	33	33
	36	36
	37	36
	39	36
	44	40
	45	40
	47	40
	53	45
	58	50
	59	51
	60	52
	61	53
	63	55
	66	58
	70	62
	72	63
	74	64
	75	65
	76	66
	77	67
	78	68
	80	69
	82	70
	83	71
	84	72
	88	76
	89	77
	93	81
	94	82
	95	83
	96	90
	98	85
	99	86
	100	87
	102	90
	106	94
	107	95
	108	96
	110	98
	111	99
	112	100
	113	101
	114	102
	115	103
	118	107
	122	112
	123	113
	126	116
	127	117
net/minecraft/client/model/ColorableHierarchicalModel	19	21
	18	20
	19	21
	13	15
	14	16
net/minecraft/client/sounds/SoundEngine	553	488
	512	451
	513	452
	516	455
	517	459
	520	456
	521	457
	522	459
	525	462
	526	463
	527	464
	528	465
	532	468
	533	469
	535	471
	536	472
	537	473
	542	477
	545	480
	549	484
	553	488
	89	78
	90	79
	91	80
	92	81
	95	84
	96	86
	97	87
	98	88
	99	89
	100	90
	101	91
	105	96
	106	97
	107	98
	110	101
	111	114
	115	103
	116	104
	117	105
	118	106
	119	107
	120	108
	121	109
	122	110
	123	111
	125	114
	128	117
	129	117
	132	117
	136	121
	137	137
	140	122
	141	123
	142	137
	145	125
	146	126
	148	127
	149	128
	150	129
	152	131
	154	133
	155	134
	156	137
	159	140
	160	141
	161	142
	162	143
	163	144
	165	146
	168	149
	169	150
	171	152
	174	155
	175	156
	176	157
	177	158
	180	161
	183	164
	184	165
	185	166
	186	167
	187	168
	188	169
	189	170
	190	171
	191	172
	192	173
	194	175
	197	178
	198	179
	201	182
	202	183
	210	186
	211	187
	212	188
	215	190
	216	191
	217	192
	218	193
	220	194
	221	195
	222	196
	223	197
	224	198
	225	199
	226	200
	229	202
	230	203
	231	204
	234	207
	235	208
	239	212
	243	217
	244	218
	246	221
	247	222
	249	225
	250	226
	253	229
	255	230
	256	231
	259	233
	260	234
	261	235
	263	238
	265	239
	266	240
	268	242
	269	243
	270	244
	271	245
	272	246
	273	247
	274	248
	275	249
	276	250
	277	251
	283	256
	284	258
	285	259
	287	260
	288	261
	289	262
	291	263
	292	264
	293	265
	297	266
	298	267
	299	268
	300	269
	301	270
	303	273
	304	274
	305	275
	308	278
	309	279
	313	282
	314	283
	320	289
	321	291
	322	292
	324	293
	325	294
	328	295
	329	296
	332	299
	333	300
	336	303
	339	306
	343	310
	347	314
	351	318
	352	319
	355	321
	356	322
	359	323
	363	328
	364	416
	367	329
	368	416
	371	330
	372	331
	373	332
	374	333
	375	334
	378	416
	384	337
	386	338
	387	416
	390	339
	391	340
	392	341
	394	416
	397	344
	398	345
	400	346
	401	347
	402	348
	404	349
	405	350
	407	351
	408	352
	409	416
	412	354
	414	355
	415	356
	416	358
	417	359
	421	363
	422	364
	423	416
	426	366
	427	367
	429	368
	430	370
	431	371
	432	372
	433	373
	435	416
	438	376
	440	377
	441	378
	442	379
	444	380
	445	381
	446	382
	447	383
	448	384
	450	386
	453	389
	454	390
	455	391
	456	392
	458	393
	459	394
	460	394
	461	394
	462	395
	463	396
	464	397
	466	399
	467	399
	468	399
	469	400
	470	401
	471	402
	474	405
	475	406
	477	416
	480	419
	481	420
	484	423
	485	424
	488	427
	492	431
	496	435
	500	439
	501	440
	503	442
	506	445
	507	446
	509	448
net/minecraft/client/model/ArmadilloModel	109	135
	65	75
	67	80
	69	85
	71	90
	73	95
	75	100
	77	105
	82	110
	87	114
	88	115
	89	116
	90	117
	91	118
	92	119
	93	120
	95	122
	96	123
	97	124
	34	35
	98	125
	35	36
	99	126
	36	37
	37	38
	101	127
	38	39
	102	128
	39	40
	40	41
	104	131
	41	42
	42	43
	106	132
	107	133
	108	134
	109	135
	47	46
	48	47
	50	48
	51	53
	53	57
	55	62
	57	63
	59	68
	61	69
	63	74
net/minecraft/client/model/TadpoleModel	59	54
	32	33
	33	33
	34	33
	36	35
	37	36
	38	36
	39	36
	42	38
	47	43
	19	21
	20	22
	52	48
	21	23
	22	24
	25	27
	57	52
	26	28
	58	53
	59	54
	28	29
	29	30
	30	31
	31	32
com/mojang/blaze3d/pipeline/RenderCall	0	0
net/minecraft/client/multiplayer/ClientConfigurationPacketListenerImpl	151	165
	67	66
	68	67
	72	70
	73	71
	137	153
	74	72
	138	154
	139	155
	78	75
	79	76
	143	158
	80	77
	144	159
	84	80
	148	163
	85	81
	150	164
	151	165
	89	84
	90	85
	91	86
	94	89
	95	90
	96	91
	100	94
	101	95
	104	98
	105	99
	108	106
	109	122
	110	118
	48	49
	49	50
	50	51
	51	52
	52	53
	116	127
	53	54
	117	129
	119	131
	57	57
	62	62
	63	63
net/minecraft/client/multiplayer/ServerData	181	163
	130	127
	134	131
	135	132
	146	159
	147	160
	150	163
	40	39
	41	40
	42	41
	170	136
	43	42
	172	138
	173	139
	46	45
	174	140
	47	46
	48	47
	176	142
	177	143
	50	48
	51	49
	181	147
	54	52
	55	53
	56	54
	57	55
	60	58
	64	62
	68	66
	69	67
	72	70
	74	71
	76	73
	77	74
	78	75
	79	76
	83	80
	84	81
	85	82
	87	84
	90	87
	93	90
	98	95
	102	99
	103	100
	106	103
	110	107
	114	111
	118	115
	119	116
	120	117
	121	118
	124	121
	125	122
	126	123
	127	124
net/minecraft/client/gui/components/spectator/SpectatorGui	160	146
	129	115
	130	116
	131	117
	134	120
	138	124
	139	126
	140	127
	143	130
	144	131
	145	132
	147	134
	150	137
	152	138
	153	139
	154	140
	155	141
	158	144
	31	31
	32	32
	160	146
	35	35
	37	36
	38	37
	40	39
	42	41
	45	44
	46	45
	50	49
	51	63
	54	50
	55	51
	56	52
	57	63
	60	54
	61	55
	62	56
	63	57
	65	58
	67	59
	69	60
	70	63
	73	66
	74	67
	75	68
	77	69
	78	70
	80	73
	82	75
	83	76
	86	79
	87	80
	90	83
	91	84
	93	85
	94	86
	96	87
	97	88
	98	89
	99	90
	101	91
	103	92
	104	93
	105	94
	108	97
	111	100
	113	101
	114	102
	115	103
	117	104
	118	105
	119	106
	120	107
	122	108
	125	111
net/minecraft/client/renderer/texture/TextureAtlas	186	193
	129	135
	130	136
	132	138
	135	141
	136	143
	137	144
	139	146
	143	150
	144	151
	146	153
	148	155
	151	158
	152	159
	153	160
	155	162
	159	167
	160	168
	162	169
	163	170
	164	171
	165	172
	166	173
	169	176
	173	180
	177	184
	52	45
	53	46
	181	188
	54	47
	185	192
	186	193
	59	51
	63	54
	64	55
	65	56
	66	57
	67	58
	69	59
	71	60
	72	61
	73	62
	74	63
	77	65
	78	66
	80	68
	81	69
	84	72
	85	73
	86	74
	87	75
	89	76
	90	77
	92	78
	95	81
	96	82
	97	83
	101	87
	102	88
	113	90
	117	94
	118	95
	119	96
	120	97
	123	100
	124	120
	125	106
	126	107
	127	108
net/minecraft/client/particle/ParticleDescription	34	34
	16	18
	32	33
	17	19
	34	34
	20	22
	24	26
	25	27
	26	28
	29	30
	30	31
	31	32
net/minecraft/client/renderer/entity/SheepRenderer	20	21
	16	18
	20	21
	13	16
	15	17
net/minecraft/client/color/block/package-info	0	0
net/minecraft/client/particle/VibrationSignalParticle	117	106
	24	24
	26	25
	28	26
	29	27
	31	28
	32	29
	33	30
	34	31
	35	32
	36	33
	37	34
	38	35
	40	37
	44	41
	45	42
	46	43
	48	44
	49	45
	50	46
	52	47
	53	48
	54	49
	58	53
	63	58
	68	63
	69	64
	70	65
	72	66
	73	67
	74	88
	77	69
	80	70
	81	71
	82	88
	85	73
	86	74
	88	75
	90	76
	91	77
	92	78
	94	79
	95	80
	96	81
	98	82
	99	83
	101	84
	102	85
	103	88
	109	95
	110	96
	114	102
	115	104
	116	105
	117	106
net/minecraft/client/renderer/blockentity/CampfireRenderer	47	45
	34	33
	35	34
	37	35
	38	36
	39	37
	40	38
	41	39
	42	40
	44	41
	45	42
	47	45
	20	22
	21	23
	25	26
	27	27
	28	28
	29	30
	30	31
	31	32
net/minecraft/client/gui/screens/ConfirmLinkScreen	122	119
	21	23
	22	24
	25	27
	26	28
	29	31
	30	32
	33	35
	34	36
	37	39
	39	40
	40	41
	41	42
	42	43
	43	44
	46	47
	50	51
	56	56
	57	57
	58	58
	59	59
	60	60
	61	61
	62	62
	65	65
	66	66
	70	70
	72	71
	73	72
	75	74
	78	77
	79	78
	81	79
	82	80
	84	83
	85	84
	87	85
	90	88
	91	89
	93	90
	94	91
	96	94
	97	95
	99	96
	102	99
	103	100
	106	103
	107	104
	110	107
	114	111
	118	115
	122	119
net/minecraft/client/renderer/debug/RaidDebugRenderer	57	53
	33	30
	35	32
	36	33
	37	34
	40	37
	43	40
	44	41
	45	42
	46	43
	49	46
	50	47
	51	48
	53	49
	54	50
	24	21
	25	22
	57	53
	28	25
	29	26
net/minecraft/client/gui/screens/LoadingOverlay	195	203
	128	120
	129	121
	130	122
	131	123
	133	124
	135	125
	136	126
	138	127
	139	128
	142	131
	143	132
	146	135
	148	137
	149	138
	150	139
	151	140
	153	143
	154	144
	156	145
	159	148
	34	34
	162	151
	163	152
	164	153
	167	154
	169	155
	170	156
	171	157
	172	158
	173	159
	177	163
	182	169
	55	54
	183	170
	56	55
	57	56
	58	57
	59	58
	187	174
	188	175
	189	176
	62	61
	190	177
	63	62
	192	185
	193	201
	66	65
	194	202
	195	203
	71	70
	72	71
	73	72
	75	73
	76	74
	79	77
	80	78
	83	80
	84	81
	85	82
	87	85
	88	86
	89	87
	90	88
	91	89
	92	90
	94	93
	95	94
	96	95
	98	97
	99	98
	100	99
	101	100
	104	101
	105	102
	106	103
	109	106
	110	107
	112	108
	113	109
	114	110
	115	111
	117	112
	118	113
	120	114
	121	115
	123	116
	124	117
	125	118
	126	119
net/minecraft/client/model/BoatModel	147	130
	130	115
	135	120
	139	124
	141	125
	142	126
	144	127
	145	128
	147	130
	29	32
	30	33
	31	34
	33	35
	34	36
	37	39
	38	40
	39	41
	40	42
	41	43
	42	44
	43	45
	48	49
	52	53
	53	54
	54	55
	55	56
	57	57
	59	58
	60	60
	61	60
	62	61
	64	63
	65	65
	66	65
	67	66
	69	68
	70	70
	71	70
	72	71
	74	73
	75	75
	76	75
	77	76
	79	78
	80	79
	81	79
	82	79
	85	81
	86	82
	87	83
	88	84
	90	85
	91	87
	92	87
	93	87
	94	87
	95	88
	97	90
	98	92
	99	92
	100	92
	101	92
	102	93
	104	95
	105	97
	106	97
	107	97
	108	98
	110	100
	113	103
	114	104
	116	105
	119	106
	124	110
	125	111
	126	112
net/minecraft/client/renderer/blockentity/BlockEntityRenderDispatcher	126	132
	65	70
	66	71
	67	78
	71	72
	72	78
	75	73
	76	78
	79	74
	80	78
	84	83
	85	85
	86	86
	88	88
	90	91
	91	92
	94	95
	95	96
	96	97
	98	99
	99	100
	104	106
	105	107
	106	108
	43	48
	107	109
	44	49
	45	50
	109	110
	46	51
	47	52
	111	111
	48	53
	113	113
	116	116
	53	57
	117	117
	118	118
	120	120
	57	61
	58	62
	60	65
	124	124
	61	66
	125	131
	62	67
	126	132
net/minecraft/client/renderer/entity/ItemFrameRenderer	157	154
	129	127
	134	132
	139	136
	144	140
	145	148
	148	144
	149	145
	151	146
	156	153
	157	154
	43	42
	44	43
	45	44
	46	45
	50	48
	51	49
	53	50
	58	54
	59	55
	61	56
	63	57
	65	58
	67	59
	68	60
	70	61
	71	62
	73	63
	74	64
	75	65
	76	66
	77	67
	79	68
	80	69
	81	70
	82	83
	85	86
	86	87
	88	88
	89	89
	91	91
	94	94
	95	95
	97	96
	98	97
	99	98
	100	99
	101	100
	103	101
	104	102
	105	103
	106	104
	107	105
	110	108
	112	109
	113	110
	117	115
	118	116
	121	119
	125	123
	126	124
	127	125
net/minecraft/client/player/inventory/Hotbar	81	80
	64	61
	65	62
	66	63
	68	66
	69	67
	72	70
	73	71
	74	72
	77	76
	81	80
	28	28
	29	28
	41	34
	42	35
	45	38
	46	39
	49	42
	50	44
	51	46
	52	47
	53	48
	55	50
	59	54
	60	55
	61	57
	62	58
	63	59
net/minecraft/client/gui/screens/reporting/package-info	0	0
net/minecraft/client/renderer/RenderStateShard	579	629
	513	301
	516	303
	517	304
	519	306
	520	307
	521	308
	523	310
	526	312
	527	313
	529	315
	530	316
	531	317
	533	319
	539	460
	540	461
	541	462
	542	463
	31	330
	32	331
	544	465
	33	332
	34	333
	547	468
	548	469
	37	336
	549	470
	38	337
	551	472
	552	473
	41	340
	553	474
	42	341
	557	478
	46	344
	51	596
	52	597
	565	374
	566	375
	56	30
	57	30
	570	322
	571	322
	61	34
	62	35
	63	36
	575	325
	64	37
	576	326
	65	38
	577	327
	66	39
	578	327
	579	327
	69	43
	70	44
	71	45
	72	46
	73	47
	74	48
	77	53
	78	55
	79	57
	80	59
	81	60
	82	61
	85	66
	86	68
	87	70
	88	72
	89	73
	90	74
	93	79
	94	81
	95	86
	96	88
	97	89
	98	90
	104	543
	105	543
	106	543
	108	544
	109	545
	112	548
	113	548
	114	548
	116	549
	117	550
	121	554
	183	421
	184	422
	187	425
	188	426
	191	429
	199	487
	200	488
	201	490
	202	491
	203	492
	204	493
	206	495
	207	496
	208	497
	212	501
	216	505
	239	565
	240	566
	241	567
	242	568
	243	569
	245	570
	246	571
	247	572
	248	573
	252	577
	257	582
	267	589
	268	590
	278	512
	279	512
	280	512
	281	512
	282	512
	284	513
	288	348
	289	349
	290	350
	293	351
	296	352
	297	353
	298	354
	301	233
	302	233
	303	233
	304	234
	307	236
	308	236
	309	236
	310	237
	316	361
	317	362
	318	363
	322	367
	328	443
	329	444
	330	445
	332	447
	333	448
	334	449
	336	451
	337	452
	345	526
	346	527
	347	528
	349	530
	350	531
	351	532
	353	534
	354	535
	362	381
	363	382
	364	383
	366	385
	367	386
	368	387
	370	389
	371	390
	381	398
	382	399
	383	400
	384	401
	386	403
	387	404
	388	405
	389	406
	391	408
	392	409
	393	410
	397	414
	411	606
	412	607
	413	608
	415	611
	416	612
	418	614
	419	615
	420	616
	422	619
	423	620
	425	622
	426	623
	427	624
	428	625
	432	629
	442	436
	443	437
	451	253
	452	254
	453	255
	454	256
	455	257
	456	258
	459	260
	460	261
	461	262
	462	263
	463	264
	464	265
	465	266
	466	267
	467	268
	471	519
	472	520
	480	272
	481	272
	482	273
	483	274
	486	276
	487	277
	489	279
	490	280
	491	281
	493	283
	496	285
	497	286
	499	288
	500	289
	501	290
	503	292
	506	294
	507	295
	509	297
	510	298
	511	299
net/minecraft/client/gui/screens/worldselection/WorldSelectionList	592	657
	512	565
	513	566
	514	567
	516	568
	517	569
	518	571
	519	573
	520	575
	521	576
	526	582
	528	599
	529	600
	530	601
	531	602
	532	603
	533	605
	534	607
	535	608
	536	609
	539	613
	542	616
	543	617
	546	620
	547	621
	548	627
	549	626
	550	642
	551	643
	552	644
	555	647
	557	649
	561	653
	562	654
	565	657
	575	270
	576	271
	580	275
	581	276
	582	277
	584	278
	585	279
	586	280
	587	281
	588	282
	592	286
	97	100
	98	101
	100	102
	102	103
	103	104
	104	105
	106	107
	108	110
	109	111
	113	115
	114	116
	115	117
	120	122
	121	123
	122	124
	128	129
	129	130
	133	134
	134	135
	135	136
	136	137
	137	138
	138	139
	140	142
	143	146
	148	151
	150	152
	151	153
	153	156
	154	157
	157	160
	158	161
	160	163
	162	166
	163	167
	166	170
	167	171
	169	174
	170	175
	175	180
	176	181
	177	182
	178	183
	179	184
	182	187
	183	188
	184	189
	187	191
	188	191
	189	192
	190	193
	195	199
	196	200
	197	202
	198	203
	199	204
	203	208
	204	209
	207	212
	211	216
	212	217
	213	218
	214	219
	217	222
	218	223
	219	224
	222	227
	223	228
	227	232
	232	236
	233	237
	234	238
	237	241
	238	242
	239	242
	241	242
	245	246
	250	251
	251	252
	252	256
	254	254
	255	256
	260	261
	276	303
	277	304
	278	305
	279	306
	280	307
	282	308
	284	309
	285	310
	288	313
	289	336
	292	315
	293	316
	294	317
	295	318
	296	319
	297	320
	299	322
	302	326
	303	327
	305	329
	306	330
	307	331
	308	332
	309	333
	311	336
	315	340
	316	342
	317	342
	318	342
	320	344
	321	345
	323	348
	324	349
	326	352
	331	357
	332	358
	333	359
	334	360
	335	361
	338	364
	339	365
	342	368
	344	369
	345	370
	346	371
	348	372
	349	373
	350	374
	352	375
	353	376
	354	377
	356	378
	357	379
	358	380
	359	381
	360	382
	361	383
	362	384
	363	385
	364	386
	367	389
	368	390
	369	391
	370	392
	372	394
	373	395
	374	396
	375	397
	377	399
	378	400
	379	401
	380	402
	382	404
	383	405
	384	406
	385	407
	386	408
	387	409
	389	414
	390	415
	391	416
	392	417
	396	424
	399	427
	403	431
	404	432
	406	434
	408	435
	409	439
	410	440
	411	441
	413	444
	416	436
	417	437
	421	450
	425	454
	426	464
	429	455
	430	456
	431	464
	434	458
	435	459
	436	460
	437	461
	438	464
	441	468
	443	471
	444	472
	445	473
	447	476
	448	477
	449	478
	450	479
	451	480
	454	484
	457	487
	458	488
	460	495
	461	494
	462	510
	463	511
	464	512
	466	515
	467	516
	470	519
	471	520
	474	524
	475	525
	476	526
	477	527
	478	528
	479	529
	480	530
	481	531
	482	532
	483	533
	487	538
	489	539
	490	540
	491	541
	493	544
	494	545
	496	546
	497	547
	498	548
	499	549
	500	550
	501	551
	503	554
	504	555
	507	558
	508	584
	509	561
	511	564
net/minecraft/realms/DisconnectedRealmsScreen	49	53
	32	36
	36	40
	41	45
	42	46
	46	50
	47	51
	48	52
	49	53
	18	21
	19	22
	20	23
	21	24
	25	28
	27	29
	28	30
	30	31
	31	32
net/minecraft/client/gui/screens/inventory/LoomScreen	279	285
	257	264
	258	265
	259	266
	261	267
	262	268
	264	269
	265	270
	268	273
	269	274
	272	277
	273	278
	274	279
	276	282
	277	283
	278	284
	279	285
	69	66
	70	67
	71	68
	72	69
	76	73
	77	74
	78	75
	82	79
	83	80
	84	81
	87	84
	92	89
	93	90
	94	91
	96	92
	97	93
	98	94
	99	95
	100	96
	101	97
	103	100
	104	101
	106	104
	107	105
	110	108
	111	109
	112	110
	114	111
	115	112
	116	113
	117	114
	118	115
	119	116
	120	117
	121	118
	122	119
	123	120
	124	121
	125	123
	126	133
	127	134
	128	135
	129	136
	131	139
	132	140
	133	141
	135	142
	137	145
	138	146
	139	147
	140	148
	141	149
	145	153
	146	154
	148	155
	150	157
	151	158
	152	159
	153	160
	155	162
	157	165
	158	166
	162	171
	163	172
	166	175
	167	176
	168	177
	169	178
	170	179
	171	180
	172	181
	173	182
	175	183
	176	184
	178	185
	179	185
	180	185
	182	187
	184	189
	185	190
	186	191
	190	195
	191	196
	192	197
	193	198
	195	200
	196	201
	197	202
	198	203
	199	204
	200	205
	201	206
	202	207
	203	208
	204	209
	209	214
	210	215
	211	216
	212	217
	216	221
	221	226
	222	227
	223	228
	224	229
	225	230
	226	231
	227	232
	228	233
	230	235
	235	241
	236	242
	237	243
	238	244
	239	245
	241	248
	246	253
	250	257
	251	258
	252	259
	254	261
net/minecraft/client/gui/screens/ShareToLanScreen	122	119
	37	38
	38	39
	39	40
	43	44
	44	45
	45	46
	46	47
	47	49
	48	50
	49	51
	51	54
	53	56
	54	57
	57	59
	58	60
	60	62
	63	65
	64	66
	65	67
	67	68
	68	69
	69	70
	70	71
	71	72
	72	73
	73	74
	74	75
	76	77
	77	78
	78	79
	80	81
	81	82
	82	83
	83	84
	84	85
	85	86
	89	90
	90	91
	94	95
	95	96
	96	97
	99	100
	101	101
	102	102
	103	104
	104	104
	106	104
	108	106
	109	107
	110	108
	117	115
	119	116
	120	117
	121	118
	122	119
net/minecraft/client/resources/model/WeightedBakedModel	89	91
	32	35
	33	36
	68	71
	38	41
	43	46
	75	79
	76	80
	78	83
	48	51
	83	88
	84	89
	53	56
	86	91
	87	91
	24	27
	25	28
	89	91
	26	29
	58	61
	27	30
	31	34
	63	66
net/minecraft/client/renderer/ShaderInstance	509	527
	116	98
	117	99
	118	100
	121	155
	122	106
	124	107
	125	108
	127	109
	128	110
	129	111
	130	113
	132	115
	133	116
	134	117
	135	118
	136	119
	138	122
	142	126
	143	127
	144	128
	145	130
	147	132
	148	133
	149	134
	150	135
	151	136
	153	139
	157	143
	158	144
	160	145
	162	146
	163	148
	164	149
	165	150
	168	153
	170	154
	171	170
	172	171
	173	172
	174	173
	177	176
	179	177
	180	178
	181	179
	183	180
	185	181
	186	182
	187	183
	189	184
	190	185
	191	186
	192	187
	193	188
	195	189
	197	190
	199	191
	200	192
	204	195
	205	197
	206	198
	207	199
	208	245
	209	203
	210	204
	215	209
	217	210
	218	211
	221	213
	222	221
	223	237
	224	238
	225	239
	226	240
	230	257
	232	261
	235	264
	240	268
	241	269
	243	272
	244	273
	248	276
	249	277
	250	278
	251	279
	253	280
	256	282
	257	283
	261	284
	262	285
	265	289
	266	290
	270	293
	278	294
	280	295
	282	296
	283	297
	284	298
	287	301
	289	303
	290	304
	292	305
	296	306
	297	307
	299	308
	300	309
	301	310
	302	311
	303	312
	304	313
	305	314
	306	315
	307	316
	309	319
	312	320
	315	325
	317	327
	318	328
	320	330
	324	334
	325	335
	329	339
	330	340
	334	344
	335	345
	339	349
	340	350
	341	352
	342	353
	343	354
	344	355
	345	356
	346	357
	347	358
	350	360
	354	364
	355	365
	356	366
	359	369
	360	370
	361	371
	362	372
	363	373
	366	375
	367	376
	368	377
	370	380
	373	383
	374	384
	376	385
	378	386
	379	387
	380	391
	382	389
	383	391
	386	394
	387	395
	388	396
	391	399
	392	400
	393	401
	394	402
	395	403
	397	404
	398	405
	399	406
	402	408
	403	410
	405	412
	406	413
	407	414
	408	415
	409	416
	411	419
	415	422
	416	425
	417	424
	421	429
	422	430
	424	431
	426	432
	427	433
	429	434
	432	436
	435	439
	436	441
	440	445
	445	450
	450	455
	451	456
	452	457
	455	460
	459	464
	464	469
	468	473
	469	474
	470	475
	472	478
	473	479
	475	482
	476	483
	478	486
	479	487
	481	490
	482	491
	484	494
	485	495
	487	498
	488	499
	490	502
	491	503
	493	506
	494	507
	496	510
	497	511
	499	514
	500	515
	502	518
	503	519
	505	522
	506	523
	508	526
	509	527
net/minecraft/client/gui/screens/advancements/AdvancementWidgetType	41	48
	34	41
	38	45
	39	46
	40	47
	41	48
	27	34
	28	35
	29	36
	30	37
	31	38
net/minecraft/client/searchtree/IdSearchTree	41	38
	18	20
	19	21
	35	32
	20	22
	21	23
	39	36
	40	37
	41	38
	27	27
	28	28
	29	28
	31	28
net/minecraft/client/model/geom/builders/PartDefinition	43	54
	33	41
	34	45
	36	47
	37	48
	38	49
	39	50
	43	54
	19	22
	20	23
	21	24
	24	27
	25	28
	26	29
	27	30
	29	33
net/minecraft/client/sounds/FiniteAudioStream	0	0
net/minecraft/client/telemetry/TelemetryPropertyMap	110	117
	66	73
	74	80
	79	84
	83	88
	20	22
	21	23
	24	26
	90	96
	28	30
	93	99
	94	100
	31	32
	32	34
	33	35
	98	104
	35	38
	99	105
	101	108
	39	44
	40	45
	41	45
	105	112
	106	113
	43	45
	110	117
	48	50
	49	52
	50	53
	52	56
	56	62
	57	63
	58	64
	59	65
	61	67
net/minecraft/client/Minecraft	3095	2895
	2050	1904
	2051	1905
	2052	1906
	2053	1907
	2055	1909
	2056	1910
	2057	1911
	2059	1914
	2063	1918
	2064	1919
	2065	1920
	2067	1922
	2068	1923
	2071	1927
	2072	1928
	2074	1931
	2075	1932
	2076	1933
	2079	1942
	2080	1943
	2081	1943
	2082	1944
	2087	1948
	2088	1949
	2090	1952
	2091	1953
	2094	1956
	2095	1957
	2096	1958
	2097	1959
	2100	1962
	2102	1965
	2104	1968
	2107	1971
	2108	1972
	2110	1975
	2111	1976
	2113	1979
	2114	1980
	2118	1984
	2119	1985
	2122	1988
	2123	1989
	2126	1992
	2130	1996
	2134	2000
	2138	2004
	2142	2008
	2143	2009
	2144	2010
	2147	2013
	2148	2014
	2149	2015
	2150	2016
	2151	2017
	2153	2019
	2154	2020
	2155	2021
	2156	2022
	2158	2025
	2159	2026
	2160	2027
	2161	2028
	2162	2029
	2163	2030
	2165	2031
	2166	2032
	2168	2033
	2171	2036
	2172	2037
	2174	2040
	2176	2041
	2177	2042
	2178	2044
	2179	2045
	2180	2046
	2182	2049
	2183	2050
	2185	2044
	2187	2054
	2188	2055
	2190	2056
	2191	2057
	2192	2058
	2193	2059
	2197	2061
	2198	2062
	2199	2063
	2202	2066
	2203	2067
	2204	2068
	2206	2069
	2207	2070
	2208	2071
	2209	2072
	2210	2073
	2212	2075
	2215	2078
	2216	2079
	2219	2082
	2220	2083
	2225	2086
	2226	2087
	2227	2088
	2228	2089
	2229	2090
	2230	2091
	2233	2095
	2235	2096
	2236	2097
	2239	2100
	2240	2101
	2242	2102
	2243	2103
	2245	2104
	2246	2105
	2248	2108
	2250	2109
	2251	2110
	2252	2111
	2253	2113
	2254	2114
	2256	2117
	2258	2120
	2259	2121
	2262	2124
	2263	2125
	2264	2126
	2266	2128
	2267	2131
	2268	2132
	2272	2135
	2274	2136
	2275	2137
	2278	2140
	2279	2141
	2280	2142
	2283	2145
	2284	2146
	2287	2149
	2288	2150
	2290	2151
	2291	2152
	2293	2155
	2297	2156
	2298	2157
	2299	2158
	2300	2159
	2302	2161
	2303	2164
	2304	2165
	2308	2168
	2309	2169
	2311	2170
	2312	2171
	2314	2172
	2315	2173
	2316	2174
	2317	2175
	2320	2178
	2321	2179
	2322	2180
	2323	2181
	2324	2182
	2327	2185
	2328	2186
	2329	2187
	2330	2188
	2331	2189
	2334	2192
	2338	2196
	2342	2200
	2346	2204
	2347	2204
	2349	2204
	2353	2208
	2354	2208
	2355	2208
	2356	2208
	2360	2212
	2365	2217
	2369	2221
	2370	2222
	2375	2226
	2376	2228
	2378	2227
	2382	2232
	2383	2233
	2385	2234
	2386	2235
	2388	2237
	2389	2237
	2391	2237
	2395	2242
	2400	2247
	2404	2251
	2408	2255
	2412	2259
	2416	2263
	2420	2267
	2421	2328
	2424	2268
	2425	2269
	2428	2270
	2429	2272
	2430	2273
	2432	2274
	2434	2275
	2435	2276
	2438	2279
	2439	2280
	2440	2281
	2441	2282
	2444	2285
	2445	2286
	2447	2289
	2448	2293
	2449	2294
	2450	2295
	2451	2296
	405	387
	2454	2290
	2457	2300
	2458	2301
	2459	2302
	2460	2303
	2461	2304
	2462	2305
	2464	2308
	2465	2328
	2468	2310
	2469	2311
	2470	2312
	2473	2315
	2474	2316
	2476	2317
	430	407
	2478	2318
	431	408
	2479	2319
	2480	2320
	433	409
	2481	2321
	435	410
	2483	2323
	436	411
	437	412
	438	413
	2486	2328
	439	414
	441	415
	442	416
	2490	2331
	2491	2332
	444	417
	445	418
	446	420
	2494	2333
	447	422
	2495	2334
	2496	2335
	449	425
	450	426
	451	427
	2499	2338
	452	428
	2500	2339
	453	429
	2501	2340
	454	430
	455	431
	2503	2341
	456	432
	2504	2342
	458	434
	459	435
	2507	2345
	460	436
	2508	2346
	461	437
	463	439
	2511	2349
	2512	2350
	465	440
	466	441
	468	442
	2516	2356
	469	443
	2517	2357
	470	444
	2518	2358
	472	445
	2521	2361
	474	446
	475	447
	476	448
	477	449
	479	450
	2527	2365
	481	451
	2529	2366
	483	452
	2531	2367
	484	453
	485	454
	2533	2368
	2534	2369
	487	455
	2537	2374
	490	457
	2538	2375
	491	459
	2539	2376
	2540	2377
	2542	2380
	2543	2381
	2544	2382
	2545	2383
	499	466
	2547	2384
	2548	2385
	2549	2386
	502	469
	2550	2387
	504	470
	2552	2388
	505	471
	2553	2389
	506	472
	2554	2390
	2555	2391
	508	473
	2556	2392
	2557	2393
	511	476
	512	477
	2560	2397
	513	478
	2561	2398
	2563	2401
	516	481
	2564	2402
	518	482
	519	483
	2567	2405
	2568	2406
	521	484
	522	485
	2570	2409
	2571	2410
	524	486
	2572	2411
	2573	2412
	526	487
	2574	2413
	527	488
	528	489
	530	490
	2578	2417
	532	491
	533	492
	2582	2421
	535	493
	536	494
	537	495
	2586	2425
	539	497
	2587	2426
	540	498
	2589	2428
	542	499
	543	500
	545	501
	2593	2432
	547	502
	548	503
	2597	2436
	550	504
	551	505
	553	506
	2601	2440
	554	507
	556	508
	558	509
	2606	2445
	559	510
	560	511
	561	512
	562	513
	2610	2449
	2611	2450
	564	514
	565	515
	567	516
	2615	2454
	569	517
	571	518
	2619	2458
	573	519
	574	520
	2623	2462
	576	521
	2624	2463
	577	522
	2625	2463
	579	523
	2627	2463
	580	524
	582	525
	583	528
	2631	2467
	585	529
	586	530
	2635	2471
	588	531
	589	532
	2639	2475
	592	535
	593	536
	594	537
	595	538
	2643	2479
	596	540
	2647	2483
	603	547
	2651	2487
	606	550
	2655	2491
	608	551
	609	552
	611	553
	2659	2495
	612	556
	614	557
	615	558
	2663	2499
	617	559
	618	560
	2667	2503
	620	561
	621	562
	623	563
	2671	2507
	624	564
	626	565
	627	566
	2675	2511
	629	567
	630	568
	2679	2515
	632	569
	2680	2516
	633	570
	2681	2517
	635	571
	2683	2518
	636	572
	2684	2519
	2685	2520
	638	573
	2686	2520
	640	574
	2688	2520
	642	575
	644	576
	2692	2522
	2693	2523
	646	577
	2694	2528
	648	578
	2697	2524
	650	579
	2698	2525
	652	582
	653	587
	2701	2526
	654	588
	2704	2532
	657	591
	658	592
	659	593
	660	594
	2708	2537
	661	595
	664	598
	2712	2541
	665	599
	666	600
	668	601
	2717	2546
	670	602
	672	603
	673	604
	2721	2550
	2722	2551
	675	605
	2723	2552
	676	606
	678	607
	2726	2555
	679	608
	681	609
	683	610
	2731	2560
	687	611
	2736	2564
	689	612
	690	613
	691	614
	692	615
	2741	2568
	694	616
	695	617
	696	618
	697	619
	2745	2572
	698	620
	700	623
	701	624
	2749	2576
	702	625
	705	627
	2753	2580
	706	628
	709	631
	2757	2584
	710	632
	711	633
	713	635
	2761	2588
	716	638
	2765	2592
	718	639
	719	640
	720	641
	2769	2596
	722	642
	723	643
	2773	2600
	726	646
	2777	2604
	730	650
	731	651
	733	652
	2781	2608
	734	653
	735	654
	737	656
	2785	2612
	739	658
	741	660
	2789	2616
	742	661
	743	662
	2793	2620
	746	665
	2797	2624
	750	669
	751	670
	2801	2628
	754	673
	755	674
	756	681
	757	676
	2805	2632
	758	677
	760	680
	761	681
	2809	2636
	764	684
	765	685
	766	686
	2814	2641
	767	687
	2815	2642
	768	688
	769	689
	2818	2645
	771	692
	2819	2646
	772	693
	2820	2647
	2822	2648
	775	696
	2823	2649
	2824	2650
	2825	2651
	2826	2652
	779	700
	780	701
	781	702
	2829	2656
	2830	2657
	2832	2658
	2833	2659
	786	707
	2834	2661
	787	708
	2835	2662
	2837	2664
	790	711
	2838	2665
	791	712
	2839	2666
	792	713
	2841	2668
	794	716
	2842	2669
	795	717
	2843	2670
	797	718
	2845	2672
	798	719
	2846	2673
	799	720
	2847	2674
	800	721
	801	722
	2849	2676
	802	723
	2850	2677
	803	724
	2851	2678
	804	725
	805	726
	2853	2680
	806	729
	2854	2681
	2855	2682
	808	727
	2858	2685
	2859	2686
	812	733
	2862	2689
	2863	2690
	816	737
	817	738
	2865	2691
	2866	2692
	819	739
	2868	2695
	2869	2696
	823	743
	2871	2699
	2874	2702
	827	747
	2875	2704
	828	748
	2877	2705
	830	750
	2878	2706
	2879	2707
	832	752
	2880	2723
	2882	2710
	835	755
	2883	2711
	836	756
	2884	2712
	837	757
	2885	2713
	839	758
	2887	2714
	841	759
	2889	2715
	842	760
	2890	2716
	843	761
	2891	2717
	845	762
	2893	2718
	846	763
	2894	2719
	2896	2720
	849	766
	850	767
	851	768
	852	769
	854	772
	855	773
	2903	2728
	856	774
	2905	2729
	859	777
	2907	2730
	860	778
	2908	2731
	861	779
	2909	2732
	2911	2734
	864	782
	2912	2735
	2913	2736
	866	783
	867	784
	2915	2737
	2916	2738
	2917	2739
	2918	2740
	871	788
	2919	2741
	872	790
	2920	2742
	873	791
	2921	2743
	2922	2744
	2923	2745
	876	794
	2924	2746
	877	795
	878	796
	2926	2749
	879	797
	880	798
	2929	2752
	882	799
	2930	2753
	2931	2754
	884	800
	2932	2756
	885	801
	886	802
	2934	2757
	887	803
	2935	2758
	888	804
	2936	2759
	2937	2760
	890	805
	892	808
	893	809
	894	810
	2942	2765
	895	811
	896	812
	2947	2770
	900	815
	901	816
	902	817
	903	818
	2951	2774
	904	819
	905	820
	907	822
	2956	2779
	910	825
	911	826
	2960	2783
	914	829
	915	830
	916	831
	2964	2787
	919	834
	2968	2791
	923	838
	2972	2795
	927	842
	2976	2799
	2977	2800
	931	846
	932	847
	2980	2803
	2984	2807
	938	850
	939	851
	2988	2811
	942	854
	2990	2812
	2991	2813
	944	855
	946	857
	2995	2817
	949	860
	950	861
	951	862
	2999	2821
	952	863
	3003	2825
	956	866
	957	867
	959	868
	3007	2829
	3008	2830
	961	869
	963	870
	3011	2833
	966	873
	967	874
	3015	2837
	968	875
	969	876
	970	877
	971	878
	3019	2841
	973	880
	974	881
	3023	2845
	976	883
	979	886
	3027	2849
	983	890
	3031	2853
	3035	2857
	989	894
	990	895
	3039	2861
	992	897
	3040	2862
	993	898
	3041	2863
	994	899
	3042	2864
	995	900
	3045	2868
	999	902
	1000	903
	1001	904
	1002	905
	1005	908
	1006	912
	1007	913
	1009	914
	1010	915
	1012	917
	1014	919
	1015	920
	1016	921
	1017	922
	1018	923
	1019	924
	1020	925
	1023	929
	1027	935
	1030	936
	1031	937
	3080	2891
	1033	939
	3081	2892
	1034	940
	1035	941
	1036	942
	3084	2895
	1037	943
	1038	944
	1039	945
	1046	951
	1047	953
	3095	2873
	1048	954
	1049	955
	1050	956
	1052	957
	1058	962
	1059	963
	1060	964
	1061	965
	1063	966
	1064	967
	1069	971
	1071	972
	1073	973
	1074	974
	1076	976
	1079	979
	1083	983
	1084	984
	1085	985
	1086	986
	1087	987
	1088	988
	1089	989
	1091	992
	1092	993
	1094	995
	1095	996
	1096	997
	1097	998
	1100	1001
	1102	1003
	1105	1006
	1106	1007
	1109	1010
	1110	1011
	1112	1013
	1115	1016
	1116	1017
	1118	1019
	1119	1020
	1120	1021
	1121	1022
	1122	1023
	1124	1025
	1128	1029
	1129	1030
	1130	1031
	1134	1034
	1136	1035
	1137	1036
	1138	1037
	1143	1038
	1144	1039
	1146	1041
	1147	1042
	1150	1045
	1151	1047
	1154	1050
	1155	1051
	1159	1055
	1161	1058
	1162	1059
	1165	1063
	1166	1064
	1168	1067
	1169	1068
	1173	1071
	1174	1072
	1176	1075
	1178	1077
	1179	1078
	1180	1079
	1183	1082
	1187	1085
	1188	1086
	1191	1090
	1192	1091
	1193	1092
	1194	1093
	1195	1094
	1196	1095
	1197	1096
	1198	1097
	1199	1098
	1200	1099
	1201	1100
	1202	1101
	1203	1102
	1204	1103
	1205	1104
	1206	1105
	1207	1106
	1208	1107
	1209	1108
	1211	1110
	1212	1111
	1213	1113
	1218	1116
	1220	1117
	1221	1118
	1225	1121
	1226	1122
	1227	1123
	1228	1124
	1232	1128
	1233	1129
	1236	1132
	1238	1133
	1239	1134
	1240	1135
	1241	1136
	1243	1137
	1244	1139
	1245	1140
	1246	1141
	1248	1144
	1251	1147
	1253	1148
	1254	1149
	1255	1150
	1257	1151
	1259	1152
	1261	1154
	1262	1158
	1263	1159
	1264	1160
	1267	1155
	1268	1156
	1271	1164
	1273	1165
	1274	1166
	1276	1167
	1277	1168
	1279	1169
	1280	1170
	1281	1171
	1283	1172
	1284	1173
	1285	1174
	1286	1175
	1289	1178
	1290	1179
	1291	1180
	1292	1181
	1293	1182
	1294	1183
	1297	1186
	1298	1187
	1300	1188
	1301	1189
	1302	1190
	1303	1191
	1306	1194
	1307	1195
	1308	1196
	1309	1197
	1310	1198
	1313	1201
	1314	1202
	1315	1203
	1317	1204
	1318	1205
	1320	1206
	1321	1209
	1322	1210
	1324	1211
	1325	1212
	1326	1213
	1327	1214
	1329	1217
	1330	1218
	1332	1219
	1334	1220
	1335	1221
	1338	1224
	1340	1226
	1341	1227
	1343	1229
	1346	1232
	1347	1233
	1348	1236
	1349	1237
	1350	1238
	1351	1239
	1352	1240
	1353	1241
	1356	1244
	1357	1245
	1359	1248
	1360	1249
	1364	1252
	1365	1253
	1366	1254
	1367	1255
	1372	1260
	1373	1261
	1374	1262
	1375	1263
	1377	1266
	1378	1267
	1380	1269
	1383	1272
	1384	1273
	1387	1276
	1391	1280
	1392	1281
	1394	1284
	1395	1285
	1397	1287
	1399	1290
	1400	1291
	1404	1295
	1405	1296
	1407	1297
	1408	1298
	1411	1301
	1412	1302
	1413	1303
	1414	1304
	1415	1305
	1419	1309
	1420	1310
	1423	1313
	1427	1317
	1431	1321
	1432	1321
	1434	1321
	1440	1326
	1441	1327
	1442	1328
	1445	1332
	1446	1333
	1447	1334
	1449	1337
	1450	1338
	1452	1341
	1453	1342
	1456	1345
	1457	1346
	1458	1347
	1461	1349
	1462	1350
	1463	1359
	1466	1351
	1467	1352
	1469	1353
	1470	1354
	1472	1359
	1474	1360
	1475	1361
	1476	1362
	1477	1363
	1479	1364
	1480	1364
	1482	1365
	1484	1366
	1485	1367
	1486	1368
	1487	1369
	1488	1370
	1490	1372
	1491	1373
	1493	1375
	1495	1376
	1496	1377
	1497	1378
	1498	1379
	1499	1379
	1500	1379
	1503	1380
	1504	1381
	1506	1384
	1509	1385
	1512	1386
	1513	1387
	1514	1388
	1518	1390
	1522	1395
	1523	1396
	1524	1397
	1526	1399
	1529	1402
	1530	1403
	1531	1404
	1533	1406
	1539	1410
	1540	1411
	1542	1413
	1543	1414
	1547	1419
	1550	1419
	1552	1419
	1554	1420
	1555	1421
	1556	1422
	1557	1423
	1560	1427
	1561	1430
	1562	1431
	1563	1432
	1564	1443
	1565	1445
	1567	1447
	1568	1448
	1569	1449
	1574	1454
	1580	1458
	1581	1481
	1583	1459
	1584	1460
	1585	1481
	1588	1461
	1589	1462
	1590	1463
	1591	1464
	1592	1465
	1593	1466
	1597	1470
	1598	1471
	1599	1472
	1600	1473
	1602	1476
	1605	1481
	1608	1484
	1609	1485
	1611	1486
	1612	1487
	1614	1488
	1615	1489
	1617	1490
	1618	1491
	1619	1492
	1620	1493
	1621	1494
	1623	1495
	1624	1496
	1625	1497
	1627	1498
	1628	1500
	1629	1501
	1631	1502
	1632	1503
	1633	1504
	1634	1505
	1635	1507
	1636	1508
	1637	1509
	1638	1510
	1639	1511
	1641	1514
	1643	1515
	1644	1517
	1645	1518
	1646	1519
	1647	1520
	1648	1521
	1651	1522
	1652	1523
	1654	1527
	1655	1528
	1656	1529
	1659	1532
	1661	1535
	1662	1536
	1665	1537
	1666	1538
	1667	1539
	1668	1540
	1670	1543
	1671	1544
	1673	1546
	1675	1549
	1676	1550
	1678	1551
	1679	1552
	1682	1554
	1683	1555
	1684	1556
	1685	1557
	1686	1558
	1688	1560
	1691	1563
	1692	1564
	1693	1565
	1694	1566
	1695	1567
	1696	1568
	1699	1571
	1700	1572
	1701	1573
	1704	1576
	1705	1577
	1708	1580
	1712	1584
	1713	1593
	1716	1585
	1717	1586
	1718	1587
	1719	1588
	1721	1590
	1723	1593
	1726	1596
	1727	1597
	1729	1600
	1730	1615
	1733	1601
	1734	1602
	1735	1603
	1737	1604
	1738	1605
	1739	1606
	1740	1607
	1741	1608
	1744	1615
	1747	1612
	1748	1615
	1751	1618
	1752	1619
	1755	1620
	1756	1621
	1757	1622
	1758	1623
	1760	1626
	1763	1627
	1764	1628
	1767	1630
	1768	1631
	1769	1632
	1772	1634
	1773	1635
	1775	1637
	1776	1638
	1778	1640
	1779	1641
	1781	1642
	1782	1643
	1783	1644
	1784	1645
	1790	1650
	1791	1651
	1793	1654
	1798	1657
	1799	1658
	1803	1664
	1804	1734
	1807	1665
	1809	1666
	1810	1734
	1813	1667
	1814	1668
	1817	1671
	1822	1672
	1823	1673
	1824	1674
	1827	1677
	1828	1678
	1830	1680
	1831	1681
	1832	1682
	1833	1683
	1835	1686
	1836	1687
	1837	1688
	1840	1691
	1841	1692
	1842	1693
	1844	1696
	1849	1700
	1851	1701
	1852	1702
	1853	1703
	1854	1704
	1855	1705
	1858	1706
	1859	1707
	1863	1711
	1864	1714
	1865	1715
	1871	1720
	1872	1721
	1873	1722
	1874	1723
	1875	1724
	1878	1727
	1879	1728
	1883	1734
	1886	1737
	1890	1741
	1892	1742
	1893	1743
	1895	1746
	1896	1747
	1899	1750
	1900	1751
	1901	1752
	1902	1753
	1903	1754
	1904	1755
	1906	1756
	1907	1757
	1908	1758
	1910	1761
	1911	1762
	1912	1763
	1915	1766
	1916	1770
	1917	1771
	1918	1772
	1919	1773
	1921	1767
	1922	1768
	1925	1776
	1926	1777
	1929	1780
	1930	1781
	1932	1784
	1933	1785
	1936	1788
	1937	1789
	1938	1790
	1940	1791
	1941	1792
	1945	1796
	1946	1797
	1947	1798
	1948	1799
	1950	1802
	1951	1803
	1952	1804
	1954	1807
	1955	1808
	1956	1809
	1958	1811
	1959	1812
	1963	1815
	1964	1816
	1966	1819
	1968	1820
	1969	1821
	1970	1822
	1971	1823
	1972	1824
	1973	1825
	1975	1826
	1976	1827
	1977	1828
	1980	1831
	1983	1834
	1984	1835
	1985	1836
	1986	1837
	1987	1838
	1988	1839
	1990	1841
	1992	1844
	1995	1848
	1996	1849
	1997	1850
	1999	1853
	2000	1854
	2001	1855
	2003	1857
	2004	1858
	2005	1859
	2008	1862
	2009	1863
	2011	1864
	2012	1865
	2015	1868
	2019	1872
	2023	1876
	2024	1877
	2025	1878
	2026	1879
	2027	1880
	2029	1883
	2032	1886
	2033	1887
	2036	1890
	2037	1891
	2038	1892
	2039	1893
	2040	1894
	2041	1895
	2042	1896
	2043	1899
	2045	1897
net/minecraft/client/resources/sounds/BeeFlyingSoundInstance	19	22
	19	22
	9	12
	10	13
	14	17
net/minecraft/client/ToggleKeyMapping	28	30
	17	19
	18	20
	19	21
	22	24
	24	26
	11	13
	27	29
	12	14
	28	30
	13	15
net/minecraft/client/model/TurtleModel	121	110
	23	24
	24	25
	25	26
	28	29
	29	30
	31	31
	32	32
	33	32
	34	32
	36	34
	37	36
	38	37
	39	39
	40	41
	42	43
	43	45
	44	45
	45	46
	47	48
	48	49
	49	50
	50	50
	51	50
	53	52
	54	53
	55	53
	56	53
	58	55
	59	56
	60	56
	61	56
	63	58
	64	59
	65	59
	66	59
	69	61
	74	66
	79	70
	81	71
	82	72
	83	73
	84	74
	85	75
	86	76
	87	77
	88	78
	89	79
	90	80
	92	81
	93	82
	94	83
	95	84
	97	85
	98	86
	99	87
	100	88
	101	89
	102	90
	103	91
	104	92
	107	95
	108	96
	112	100
	113	101
	114	102
	115	103
	117	106
	118	107
	119	108
	121	110
net/minecraft/client/renderer/debug/LightDebugRenderer	51	55
	33	33
	34	34
	36	35
	37	36
	38	38
	40	49
	41	51
	19	22
	51	55
	20	23
	24	27
	26	28
	28	29
	30	31
	31	32
com/mojang/blaze3d/platform/GlConst	0	0
net/minecraft/client/renderer/entity/layers/Deadmau5EarsLayer	44	55
	32	43
	33	44
	34	45
	35	46
	36	47
	37	48
	39	49
	40	50
	41	51
	42	52
	44	55
	16	19
	17	20
	21	34
	22	55
	25	35
	26	36
	28	38
	29	39
	30	41
	31	42
net/minecraft/client/gui/components/TabButton	90	87
	64	61
	65	62
	66	63
	67	64
	70	67
	71	68
	72	69
	73	70
	74	71
	78	75
	79	76
	83	80
	86	83
	90	87
	36	35
	37	36
	38	37
	39	38
	43	42
	44	43
	45	44
	47	45
	48	46
	49	47
	51	48
	52	49
	53	50
	55	52
	58	55
	59	56
	62	59
	63	60
net/minecraft/client/gui/screens/worldselection/ExperimentsScreen	101	104
	65	67
	66	69
	67	70
	70	73
	71	74
	76	79
	77	80
	81	84
	86	89
	87	90
	90	93
	91	94
	92	95
	93	96
	94	97
	95	98
	97	100
	98	101
	35	37
	99	102
	36	38
	100	103
	37	39
	101	104
	38	40
	39	42
	40	43
	41	44
	44	47
	48	51
	50	52
	51	53
	53	54
	54	55
	55	61
	56	58
	57	60
	59	62
	61	63
	62	64
	63	65
net/minecraft/client/renderer/entity/HuskRenderer	24	26
	17	19
	18	20
	19	21
	20	22
	24	26
	12	15
	13	16
net/minecraft/client/renderer/entity/FishingHookRenderer	138	115
	128	107
	129	108
	130	109
	131	110
	133	111
	134	112
	138	115
	25	27
	26	28
	30	31
	31	32
	32	62
	35	33
	37	34
	38	35
	40	36
	42	37
	44	38
	46	39
	47	40
	48	41
	49	42
	51	43
	53	44
	54	45
	56	46
	57	47
	59	48
	60	49
	61	50
	63	51
	65	52
	67	53
	68	55
	69	56
	71	59
	72	60
	73	62
	76	65
	77	66
	78	67
	79	68
	82	71
	83	76
	84	77
	85	78
	86	79
	87	80
	88	81
	91	82
	94	83
	101	72
	103	73
	104	73
	105	73
	106	73
	108	74
	113	88
	117	92
	118	98
	121	101
	122	102
	123	103
	125	104
	126	105
	127	106
net/minecraft/client/gui/screens/inventory/StructureBlockEditScreen	453	454
	37	40
	72	73
	73	74
	74	75
	75	76
	78	79
	79	80
	81	82
	84	85
	85	86
	86	87
	87	88
	88	89
	89	90
	90	91
	91	92
	95	96
	96	97
	98	98
	99	99
	100	100
	101	101
	102	102
	103	103
	105	104
	106	105
	107	106
	108	107
	110	109
	111	110
	112	111
	113	112
	114	113
	116	115
	117	117
	118	118
	119	119
	120	120
	121	121
	122	122
	123	123
	124	124
	127	126
	128	127
	129	128
	130	129
	132	131
	133	132
	134	135
	137	137
	138	139
	139	140
	140	141
	141	142
	144	144
	145	147
	148	149
	149	152
	152	154
	153	155
	154	156
	155	157
	156	158
	157	159
	158	160
	159	161
	160	162
	161	163
	162	164
	163	165
	164	166
	165	167
	166	168
	167	169
	169	170
	173	173
	174	173
	176	173
	179	176
	180	177
	181	178
	183	179
	184	180
	185	181
	186	182
	187	183
	188	184
	189	185
	190	186
	191	187
	192	188
	193	189
	194	190
	195	191
	197	192
	198	193
	199	194
	200	195
	201	196
	202	197
	203	198
	204	199
	205	200
	206	201
	207	202
	208	203
	209	204
	211	205
	212	206
	213	207
	214	208
	215	209
	216	210
	217	211
	218	212
	220	213
	221	214
	222	215
	223	216
	225	217
	226	218
	227	219
	231	223
	232	224
	236	228
	237	229
	241	233
	242	234
	243	235
	244	236
	245	237
	246	238
	247	239
	248	240
	249	241
	250	242
	252	243
	254	244
	255	245
	256	246
	257	247
	258	248
	259	249
	260	250
	261	251
	262	252
	263	253
	264	254
	267	257
	268	258
	269	259
	270	260
	272	261
	274	263
	275	264
	277	266
	278	267
	280	269
	281	270
	283	272
	286	274
	289	277
	290	278
	291	279
	292	280
	293	281
	294	282
	295	283
	296	284
	297	285
	298	286
	300	287
	301	288
	302	289
	303	290
	304	291
	305	292
	306	293
	307	294
	308	295
	309	296
	310	297
	312	298
	314	300
	315	301
	316	302
	317	303
	318	304
	319	305
	320	306
	321	307
	322	308
	323	309
	324	310
	325	311
	327	313
	328	314
	329	315
	330	316
	331	317
	332	318
	333	319
	334	320
	335	321
	336	322
	337	323
	338	324
	339	325
	340	326
	341	327
	342	328
	344	330
	345	331
	347	333
	350	335
	353	339
	354	342
	355	344
	356	345
	357	346
	358	366
	363	371
	364	372
	365	373
	371	379
	372	380
	373	381
	379	387
	380	388
	381	389
	387	395
	388	396
	392	400
	393	401
	396	402
	397	405
	398	406
	401	403
	406	412
	408	413
	409	414
	411	415
	412	416
	413	417
	416	420
	417	421
	418	422
	419	423
	420	424
	422	425
	425	428
	426	429
	427	430
	428	431
	429	432
	431	433
	432	434
	435	437
	436	438
	437	439
	438	440
	440	441
	443	444
	444	445
	445	446
	448	449
	449	450
	453	454
com/mojang/realmsclient/dto/Subscription	37	38
	35	36
	20	19
	36	37
	37	38
	22	22
	23	23
	24	24
	25	25
	26	26
	27	27
	28	28
	30	31
net/minecraft/client/gui/screens/ConnectScreen	214	236
	132	146
	133	147
	134	148
	135	149
	141	153
	142	154
	144	156
	147	159
	148	160
	149	166
	151	173
	154	176
	155	177
	156	178
	157	179
	161	183
	162	184
	163	185
	166	188
	167	189
	171	193
	172	194
	173	195
	175	197
	178	200
	52	55
	53	56
	54	57
	182	204
	55	58
	58	63
	59	64
	187	209
	60	87
	188	210
	189	211
	190	212
	63	67
	191	213
	64	68
	192	214
	65	69
	66	70
	194	217
	195	218
	68	72
	70	75
	198	222
	71	76
	199	223
	72	77
	200	224
	74	80
	75	81
	76	82
	204	228
	77	83
	78	84
	206	229
	79	85
	207	230
	80	87
	208	231
	210	232
	83	90
	84	91
	213	235
	214	236
	87	93
	89	96
	90	97
	92	100
	93	100
	94	100
	95	101
	96	102
	98	105
	99	107
	100	109
	102	112
	105	114
	106	115
	107	116
	109	119
	110	120
	112	121
	114	124
	116	125
	117	126
	118	127
	119	128
	121	131
	122	132
	124	136
	125	137
	126	138
net/minecraft/client/resources/sounds/BiomeAmbientSoundsHandler	156	146
	130	121
	132	122
	133	123
	134	124
	135	125
	136	126
	140	130
	141	131
	144	134
	145	135
	146	136
	149	139
	150	140
	151	141
	154	144
	155	145
	156	146
	40	38
	42	39
	43	40
	44	41
	45	42
	48	45
	53	50
	55	51
	56	52
	57	53
	59	54
	60	55
	62	56
	64	57
	65	58
	66	59
	67	60
	69	63
	70	64
	74	68
	75	69
	76	70
	78	72
	80	73
	81	76
	83	77
	84	78
	85	79
	86	80
	87	81
	90	83
	91	84
	93	85
	96	87
	99	90
	100	91
	101	92
	102	93
	104	94
	105	95
	106	96
	108	97
	109	98
	111	99
	113	102
	114	103
	115	104
	117	106
	118	107
	120	109
	122	111
	123	113
net/minecraft/client/gui/screens/inventory/HopperScreen	29	32
	16	19
	20	23
	21	24
	22	25
	26	29
	27	30
	28	31
	13	16
	29	32
	14	17
	15	18
net/minecraft/client/renderer/entity/layers/SpiderEyesLayer	18	21
	18	21
	13	16
	14	17
net/minecraft/client/renderer/blockentity/SkullBlockRenderer	109	110
	65	67
	67	68
	68	69
	69	70
	70	71
	71	72
	73	73
	74	74
	75	75
	77	76
	78	77
	81	89
	83	90
	84	91
	86	93
	87	94
	88	94
	90	94
	94	97
	96	98
	97	99
	98	100
	100	101
	37	41
	101	102
	38	42
	39	43
	40	44
	104	105
	41	45
	105	106
	42	46
	106	110
	43	47
	44	48
	108	107
	109	108
	47	51
	49	52
	50	53
	51	54
	52	55
	53	56
	54	57
	55	58
	56	59
	60	63
	61	64
net/minecraft/client/gui/screens/options/OnlineOptionsScreen	69	69
	32	33
	33	34
	34	35
	68	68
	37	38
	69	69
	40	41
	42	42
	43	43
	45	45
	46	47
	48	48
	50	50
	51	51
	52	52
	24	26
	25	27
	58	58
	59	59
	60	60
	29	31
	31	32
	63	63
net/minecraft/client/particle/ParticleEngine	568	615
	512	540
	513	543
	516	546
	517	547
	518	582
	521	548
	522	549
	523	550
	525	551
	527	552
	528	553
	529	554
	530	555
	533	556
	534	557
	536	560
	537	561
	539	564
	540	565
	542	568
	543	569
	545	572
	546	573
	548	576
	549	577
	552	580
	553	582
	556	585
	560	589
	564	593
	565	594
	566	595
	567	596
	568	597
	104	605
	109	610
	113	614
	114	615
	118	122
	119	123
	121	124
	122	125
	124	126
	125	127
	128	130
	129	131
	130	132
	131	133
	132	134
	133	135
	134	136
	135	137
	136	138
	137	139
	138	140
	139	141
	140	142
	141	143
	142	144
	143	145
	144	146
	145	147
	146	148
	147	149
	148	150
	149	151
	150	152
	151	153
	152	154
	153	155
	154	156
	155	157
	156	158
	157	159
	158	160
	159	161
	160	162
	161	163
	162	164
	163	165
	164	166
	165	167
	166	168
	167	169
	168	170
	169	171
	170	172
	171	173
	172	174
	173	175
	174	176
	175	177
	176	178
	177	179
	178	180
	179	181
	180	182
	181	183
	182	184
	183	185
	184	186
	185	187
	186	188
	187	189
	188	190
	189	191
	190	192
	191	193
	192	194
	193	195
	194	196
	195	197
	196	198
	197	199
	198	200
	199	201
	200	202
	201	203
	202	204
	203	205
	204	206
	205	207
	206	208
	207	209
	208	210
	209	211
	210	212
	211	213
	212	214
	213	215
	214	216
	216	217
	217	218
	219	220
	221	222
	222	223
	223	224
	224	225
	225	226
	226	227
	227	228
	228	229
	229	230
	230	231
	232	232
	233	233
	234	234
	235	235
	236	236
	237	237
	238	238
	239	239
	240	240
	241	241
	244	244
	245	245
	248	248
	249	249
	250	250
	251	251
	253	254
	255	256
	258	259
	259	260
	260	261
	261	262
	267	277
	268	279
	269	281
	270	282
	271	284
	272	286
	273	288
	274	290
	277	293
	278	293
	279	295
	281	296
	282	296
	283	296
	284	297
	285	298
	286	299
	287	300
	288	301
	289	302
	290	303
	291	304
	292	305
	293	306
	294	307
	295	326
	297	308
	298	310
	299	311
	300	312
	301	313
	302	314
	304	316
	307	320
	308	321
	310	324
	311	326
	312	327
	313	328
	315	331
	316	332
	317	333
	321	337
	322	338
	325	341
	326	342
	327	343
	329	352
	330	350
	331	368
	332	369
	333	370
	338	376
	339	377
	342	380
	343	381
	347	385
	348	386
	349	387
	350	388
	352	390
	358	396
	359	397
	360	397
	362	397
	366	401
	367	402
	368	403
	369	404
	370	405
	373	408
	375	410
	378	413
	379	414
	380	415
	381	416
	382	417
	384	418
	385	419
	386	421
	387	422
	388	423
	389	424
	392	428
	395	432
	397	433
	398	434
	401	437
	404	440
	405	441
	406	444
	407	445
	409	446
	410	447
	411	448
	415	452
	418	455
	419	456
	423	460
	424	461
	425	462
	426	463
	427	464
	428	465
	430	466
	432	468
	435	471
	436	472
	438	474
	439	475
	440	476
	444	477
	446	478
	447	479
	448	480
	449	481
	451	483
	452	484
	453	485
	454	486
	455	487
	456	488
	457	489
	460	493
	461	494
	462	495
	467	501
	468	502
	469	503
	470	504
	473	507
	474	508
	475	509
	476	510
	479	513
	480	543
	483	514
	485	515
	488	516
	489	518
	490	519
	491	520
	493	521
	494	522
	495	523
	497	525
	498	526
	499	527
	500	528
	501	529
	502	530
	504	531
	505	532
	506	533
	508	534
net/minecraft/client/resources/server/PackLoadFeedback	0	0
net/minecraft/client/model/PigModel	28	32
	16	18
	19	21
	20	22
	22	23
	23	26
	24	28
	25	30
	28	32
	15	17
net/minecraft/client/gui/screens/DeathScreen	177	183
	128	135
	129	136
	130	137
	131	137
	133	137
	138	143
	139	144
	140	145
	141	146
	142	147
	145	151
	150	156
	155	161
	157	162
	158	163
	31	30
	159	164
	32	31
	33	32
	161	166
	34	33
	164	169
	165	170
	38	37
	39	38
	167	172
	40	39
	41	40
	42	41
	43	42
	171	177
	44	43
	172	178
	46	44
	47	47
	48	48
	176	182
	49	52
	177	183
	51	53
	52	54
	53	57
	57	61
	61	65
	62	66
	63	85
	65	77
	66	70
	67	71
	69	73
	70	74
	72	76
	73	82
	74	83
	75	85
	78	88
	79	89
	81	92
	82	93
	83	94
	87	98
	89	99
	90	100
	92	101
	94	102
	96	103
	97	104
	100	107
	102	108
	103	109
	104	110
	107	113
	108	114
	110	118
	114	122
	115	123
	118	126
	119	127
	123	131
	124	132
	127	134
net/minecraft/client/renderer/block/model/BakedQuad	42	45
	16	19
	17	20
	18	21
	34	37
	19	22
	22	25
	38	41
	26	29
	42	45
	14	17
	30	33
	15	18
net/minecraft/client/model/EndermiteModel	74	67
	33	23
	65	58
	34	24
	35	26
	36	27
	38	29
	70	63
	71	64
	72	65
	41	32
	74	67
	45	36
	46	37
	48	38
	49	40
	50	41
	51	43
	52	44
	53	46
	55	48
	56	49
	60	53
net/minecraft/client/model/ArmedModel	0	0
net/minecraft/client/particle/TextureSheetParticle	49	52
	33	36
	38	41
	8	13
	9	14
	42	45
	43	46
	12	17
	13	18
	46	49
	47	50
	49	52
	18	21
	19	22
	23	26
	28	31
net/minecraft/client/particle/package-info	0	0
net/minecraft/client/renderer/entity/AbstractHorseRenderer	19	21
	17	19
	18	20
	19	21
	11	14
	12	15
	13	16
net/minecraft/client/gui/font/CodepointMap	115	108
	22	23
	23	24
	24	25
	25	26
	26	27
	29	30
	30	31
	34	35
	35	36
	36	37
	41	42
	42	43
	44	44
	45	45
	46	46
	47	47
	48	48
	49	49
	51	51
	52	52
	53	53
	58	58
	59	59
	61	60
	62	61
	63	62
	64	63
	67	65
	68	66
	69	67
	72	70
	73	71
	74	72
	79	78
	80	79
	82	80
	83	81
	84	82
	87	84
	88	85
	89	86
	98	91
	99	92
	100	93
	101	94
	102	95
	103	96
	104	97
	105	98
	110	103
	113	106
	114	107
	115	108
net/minecraft/client/renderer/entity/ParrotRenderer	40	42
	17	21
	18	22
	37	40
	22	25
	38	41
	40	42
	26	29
	27	30
	28	31
	29	32
	30	33
	31	34
net/minecraft/client/multiplayer/prediction/PredictiveAction	0	0
net/minecraft/client/gui/screens/advancements/AdvancementTabType	142	161
	64	80
	128	146
	65	81
	66	82
	130	148
	67	83
	68	84
	132	150
	134	152
	71	87
	136	154
	75	91
	140	159
	77	93
	141	160
	78	94
	142	161
	79	95
	80	96
	82	98
	84	101
	85	102
	88	105
	89	106
	90	107
	92	109
	93	110
	94	111
	96	113
	97	114
	98	115
	100	117
	101	118
	102	119
	104	121
	105	122
	108	125
	109	126
	112	129
	114	131
	116	133
	118	135
	120	137
	122	139
	126	144
	63	79
net/minecraft/client/particle/DustParticleBase	44	47
	32	35
	37	40
	42	45
	11	16
	43	46
	12	17
	44	47
	13	18
	14	19
	15	20
	16	21
	17	22
	19	23
	21	24
	22	25
	23	26
	24	27
	27	30
net/minecraft/client/renderer/block/package-info	0	0
net/minecraft/client/renderer/texture/atlas/package-info	0	0
net/minecraft/client/model/ListModel	24	26
	18	20
	19	21
	23	25
	24	26
	14	16
	15	17
net/minecraft/client/telemetry/TelemetryEventLogger	0	0
net/minecraft/client/tutorial/BundleTutorial	59	60
	21	21
	22	22
	23	23
	26	26
	27	27
	29	30
	30	31
	31	32
	32	33
	33	34
	36	37
	37	38
	38	39
	40	42
	41	43
	42	44
	44	46
	47	49
	48	60
	50	50
	51	51
	52	52
	53	53
	54	54
	56	56
	57	57
	59	60
net/minecraft/client/renderer/texture/MissingTextureAtlasSprite	58	63
	32	35
	33	36
	35	38
	39	43
	43	47
	44	48
	48	52
	52	56
	53	57
	54	58
	55	59
	56	60
	58	63
	27	29
	28	30
	29	31
	30	33
	31	34
net/minecraft/client/multiplayer/chat/report/AbuseReportSender	88	88
	64	71
	68	75
	72	79
	73	80
	74	81
	75	82
	81	88
	21	22
	87	36
	88	37
	29	30
	39	48
	40	51
	43	51
	44	51
	45	51
	46	51
	50	55
	51	56
	52	57
	53	58
	54	59
	55	60
	56	61
	57	62
	59	65
net/minecraft/client/model/TridentModel	60	42
	33	32
	34	32
	35	32
	38	33
	39	33
	40	33
	43	34
	44	34
	45	34
	48	35
	49	35
	50	35
	20	22
	21	23
	22	24
	54	36
	25	27
	26	28
	59	41
	28	29
	60	42
	29	30
	30	30
net/minecraft/client/renderer/entity/EntityRenderDispatcher	449	425
	83	81
	87	93
	88	94
	89	95
	90	96
	91	97
	92	98
	93	99
	94	100
	98	103
	99	104
	100	105
	101	106
	102	106
	104	106
	106	108
	110	113
	111	114
	112	115
	113	116
	114	117
	117	120
	118	121
	121	124
	122	125
	125	128
	126	129
	129	132
	133	136
	134	137
	138	143
	141	146
	142	147
	143	148
	144	149
	146	150
	147	151
	148	152
	150	153
	151	154
	154	157
	156	158
	157	159
	158	160
	159	161
	160	162
	161	163
	162	164
	167	169
	168	170
	173	173
	174	174
	175	175
	176	176
	177	177
	179	178
	180	179
	181	180
	182	181
	183	182
	185	183
	187	185
	190	188
	191	189
	192	190
	193	198
	195	192
	196	193
	197	194
	200	195
	201	196
	202	198
	206	202
	207	203
	208	204
	209	205
	210	206
	213	210
	217	214
	218	215
	219	216
	220	217
	221	218
	222	219
	224	221
	225	222
	226	223
	227	224
	228	225
	230	226
	231	228
	232	236
	235	240
	236	241
	238	242
	242	243
	245	243
	251	247
	252	248
	253	249
	254	250
	255	251
	256	252
	270	255
	271	256
	274	259
	275	260
	276	261
	277	264
	280	267
	281	268
	283	269
	285	270
	286	271
	288	272
	289	273
	291	274
	292	275
	294	276
	296	277
	297	278
	298	279
	299	280
	301	282
	303	282
	304	283
	306	284
	307	285
	308	286
	309	287
	310	288
	311	289
	312	290
	313	291
	315	294
	316	295
	317	296
	318	297
	319	298
	320	299
	321	300
	322	301
	323	282
	325	304
	326	305
	329	308
	330	309
	333	312
	334	313
	335	314
	337	315
	339	316
	340	317
	341	318
	342	319
	343	320
	344	321
	346	322
	348	323
	349	324
	350	326
	351	327
	352	328
	353	329
	354	331
	355	332
	356	333
	357	334
	361	338
	364	352
	365	353
	366	354
	367	389
	370	355
	371	389
	374	356
	375	357
	376	389
	380	358
	381	359
	382	360
	383	361
	384	362
	387	365
	390	366
	392	367
	393	368
	394	369
	395	370
	396	371
	398	372
	399	373
	400	374
	401	375
	402	376
	404	377
	405	378
	406	379
	407	380
	409	381
	410	382
	411	383
	412	384
	414	389
	417	392
	418	393
	419	394
	422	397
	423	398
	424	399
	426	401
	429	404
	433	408
	437	412
	441	416
	446	421
	447	423
	448	424
	449	425
net/minecraft/client/gui/GuiSpriteManager	31	33
	18	20
	19	21
	23	25
	27	29
	31	33
com/mojang/blaze3d/platform/MacosUtil	61	72
	32	32
	33	33
	34	33
	36	33
	40	37
	44	41
	48	45
	49	46
	52	57
	21	21
	53	52
	22	22
	54	53
	56	54
	25	25
	57	55
	26	26
	27	27
	59	56
	28	28
	60	69
	29	29
	61	72
net/minecraft/client/gui/GuiGraphics	773	748
	75	75
	76	76
	77	77
	78	78
	79	79
	82	82
	83	83
	89	87
	90	88
	91	89
	92	90
	93	91
	94	92
	98	96
	99	97
	101	99
	105	103
	106	104
	108	106
	111	109
	115	113
	119	117
	123	121
	129	125
	130	126
	131	127
	132	128
	135	131
	136	132
	139	135
	140	136
	141	137
	142	138
	144	141
	145	142
	148	145
	149	146
	152	149
	153	150
	154	151
	155	152
	157	155
	158	156
	161	159
	162	160
	165	163
	166	164
	169	167
	173	171
	174	172
	175	173
	176	174
	177	175
	179	176
	180	177
	181	178
	182	179
	183	180
	185	182
	187	184
	190	187
	191	188
	192	189
	195	192
	196	193
	199	196
	200	197
	203	200
	204	201
	207	204
	208	205
	209	206
	210	207
	211	208
	213	211
	214	212
	215	213
	216	214
	218	217
	219	218
	220	219
	221	220
	222	221
	223	222
	224	223
	227	226
	228	227
	231	230
	232	231
	235	234
	236	235
	237	236
	238	237
	241	240
	242	241
	243	242
	244	243
	245	244
	246	245
	249	248
	250	249
	251	250
	252	251
	253	252
	254	253
	255	254
	256	255
	259	258
	260	259
	263	262
	264	263
	265	264
	268	267
	269	268
	272	271
	276	275
	277	276
	280	278
	281	279
	282	280
	286	285
	290	289
	291	290
	292	291
	296	295
	300	299
	304	303
	305	304
	306	305
	308	307
	311	310
	312	311
	313	312
	314	313
	316	316
	320	320
	321	321
	324	324
	325	325
	329	331
	330	333
	333	340
	336	343
	337	344
	338	345
	339	346
	340	347
	343	350
	344	351
	347	354
	348	355
	349	356
	350	357
	351	358
	352	359
	353	360
	354	361
	356	363
	359	366
	360	367
	363	370
	364	371
	365	372
	366	373
	369	375
	371	377
	374	380
	375	394
	377	381
	378	382
	382	388
	383	389
	384	390
	385	391
	387	394
	390	397
	391	411
	393	398
	394	399
	398	405
	399	407
	401	411
	404	414
	412	415
	415	418
	424	419
	427	422
	436	423
	439	426
	440	427
	443	430
	449	431
	452	434
	453	435
	455	436
	456	437
	457	438
	458	439
	459	440
	460	441
	462	442
	463	443
	466	446
	467	447
	468	448
	470	449
	471	450
	472	451
	473	452
	474	453
	475	454
	477	455
	479	456
	480	457
	483	460
	484	461
	485	462
	486	463
	487	464
	488	465
	489	466
	490	507
	491	467
	492	468
	493	469
	494	472
	495	507
	496	473
	497	474
	498	475
	499	478
	500	507
	504	480
	506	481
	508	482
	510	483
	512	484
	514	487
	516	488
	518	489
	520	503
	521	507
	524	510
	525	524
	527	511
	528	521
	530	512
	531	513
	532	515
	533	516
	534	517
	537	524
	540	527
	541	528
	544	531
	545	532
	548	535
	549	536
	552	539
	553	540
	556	543
	557	544
	560	547
	561	548
	564	551
	565	552
	568	555
	569	585
	571	556
	572	557
	573	558
	575	561
	577	562
	578	563
	579	564
	582	567
	583	570
	585	571
	586	572
	588	574
	589	575
	590	576
	592	577
	593	578
	594	579
	596	580
	598	583
	599	585
	602	588
	603	589
	606	592
	607	621
	610	593
	612	594
	613	595
	615	596
	616	597
	619	600
	620	601
	621	602
	623	603
	624	604
	625	605
	626	606
	629	609
	630	610
	632	613
	633	614
	634	615
	635	616
	638	619
	639	621
	642	624
	643	625
	646	628
	647	629
	648	630
	649	631
	650	632
	651	633
	652	634
	655	637
	656	638
	659	641
	660	642
	663	645
	664	648
	667	651
	668	654
	671	657
	672	697
	675	658
	676	659
	677	661
	678	662
	679	663
	680	664
	682	667
	685	670
	686	671
	688	672
	689	673
	690	674
	692	675
	695	676
	697	677
	699	678
	702	679
	703	681
	704	682
	705	683
	706	684
	710	687
	711	689
	712	690
	713	691
	714	692
	717	695
	718	697
	721	700
	722	719
	725	701
	726	702
	728	703
	729	704
	731	706
	732	707
	733	708
	734	709
	737	712
	738	713
	739	714
	743	719
	749	726
	750	727
	751	728
	752	729
	753	730
	755	732
	756	733
	762	739
	763	740
	765	742
	766	743
	770	748
	771	748
	773	748
com/mojang/realmsclient/gui/screens/RealmsClientOutdatedScreen	51	55
	32	37
	33	39
	34	41
	35	42
	39	46
	40	47
	44	51
	45	52
	48	55
	49	55
	51	55
	24	29
	25	30
	26	31
	30	35
	31	36
net/minecraft/client/sounds/Weighted	0	0
net/minecraft/client/DeltaTracker	130	124
	64	84
	130	38
	66	86
	69	89
	70	90
	72	93
	73	94
	76	97
	77	98
	79	101
	80	102
	83	105
	84	106
	88	110
	93	115
	94	116
	32	56
	96	118
	33	57
	34	58
	35	59
	101	124
	38	62
	39	63
	40	63
	105	124
	42	63
	107	124
	46	67
	47	68
	49	69
	50	70
	115	23
	51	71
	116	24
	52	72
	120	28
	56	76
	57	77
	58	78
	125	33
	61	81
	62	82
net/minecraft/client/multiplayer/chat/report/ChatReport	144	143
	128	121
	132	125
	133	126
	135	127
	136	127
	137	127
	138	128
	140	130
	144	143
	33	35
	34	36
	37	39
	38	40
	39	41
	40	42
	42	44
	46	47
	47	48
	48	49
	49	50
	50	51
	51	52
	56	57
	61	63
	62	64
	65	67
	66	68
	69	71
	73	75
	74	76
	77	79
	82	84
	88	90
	89	91
	91	92
	92	93
	94	94
	95	95
	97	97
	98	97
	100	97
	105	103
	106	104
	107	105
	110	107
	112	108
	114	109
	116	110
	117	111
	121	116
	123	117
	124	118
	125	119
	126	120
net/minecraft/client/resources/TextureAtlasHolder	56	67
	34	39
	39	50
	40	52
	41	53
	42	54
	46	58
	47	59
	48	60
	49	61
	50	62
	51	63
	23	26
	55	66
	24	27
	56	67
	27	32
	28	33
	29	34
	30	35
	31	36
net/minecraft/client/gui/navigation/package-info	0	0
net/minecraft/client/renderer/entity/CowRenderer	17	19
	17	19
	12	15
	13	16
net/minecraft/client/gui/components/debugchart/AbstractDebugChart	101	99
	18	21
	19	22
	20	23
	23	26
	27	30
	28	31
	30	32
	31	33
	32	34
	33	35
	34	36
	35	38
	36	39
	37	40
	38	41
	39	42
	40	43
	41	44
	42	45
	45	48
	46	49
	47	50
	48	51
	50	52
	51	53
	52	54
	53	55
	55	56
	56	57
	57	58
	60	61
	61	62
	64	65
	65	66
	66	67
	69	70
	70	71
	71	72
	72	73
	73	74
	76	77
	79	80
	83	84
	86	87
	87	88
	88	89
	97	98
	98	99
	99	99
	101	99
net/minecraft/client/telemetry/events/WorldLoadTimesEvent	27	29
	16	18
	17	19
	18	20
	21	23
	22	24
	23	25
	24	26
	25	27
	27	29
net/minecraft/client/animation/definitions/FrogAnimation	0	0
net/minecraft/client/model/ZombieModel	13	15
	8	11
	9	12
	13	15
com/mojang/blaze3d/shaders/BlendMode	165	140
	128	108
	129	109
	130	111
	131	111
	134	111
	138	116
	139	117
	140	118
	141	119
	142	120
	144	121
	145	122
	146	123
	147	124
	148	125
	149	126
	22	22
	150	127
	151	128
	24	23
	152	129
	25	24
	153	130
	154	131
	27	25
	155	132
	28	26
	156	133
	157	134
	30	27
	158	135
	31	28
	159	136
	32	29
	160	137
	161	138
	162	140
	35	32
	163	140
	36	33
	165	140
	39	36
	40	37
	43	40
	44	41
	47	44
	48	62
	51	45
	52	46
	53	47
	54	48
	55	49
	57	52
	60	55
	62	56
	63	57
	65	59
	67	62
	71	65
	72	66
	74	67
	75	68
	78	67
	80	69
	81	70
	83	71
	84	72
	86	73
	87	74
	89	75
	90	76
	92	77
	93	78
	95	80
	96	80
	98	80
	103	85
	104	86
	105	87
	106	88
	107	89
	108	90
	109	91
	110	91
	114	95
	118	99
	120	100
	121	101
	122	102
	123	103
	124	104
	125	105
	126	106
	127	107
net/minecraft/client/renderer/blockentity/BedRenderer	114	117
	34	37
	35	38
	36	39
	39	42
	40	43
	42	44
	43	44
	44	44
	49	45
	50	47
	51	47
	52	48
	54	50
	55	52
	56	52
	57	53
	60	55
	64	59
	65	60
	67	61
	68	61
	69	61
	73	62
	74	63
	75	63
	76	63
	78	65
	79	67
	80	67
	81	68
	84	70
	89	74
	90	75
	91	76
	92	77
	93	86
	94	88
	95	89
	97	100
	98	101
	100	103
	103	108
	104	109
	105	110
	106	111
	107	112
	108	113
	110	114
	111	115
	113	116
	114	117
net/minecraft/client/gui/screens/inventory/tooltip/ClientTooltipComponent	34	37
	18	20
	34	37
	19	21
	20	22
	21	23
	23	25
	14	16
	31	34
net/minecraft/client/renderer/entity/OcelotRenderer	17	19
	17	19
	12	15
	13	16
net/minecraft/client/renderer/GpuWarnlistManager	178	194
	128	127
	129	143
	130	144
	133	147
	135	148
	144	158
	145	159
	146	160
	147	161
	150	164
	151	166
	152	167
	153	169
	154	170
	157	174
	161	178
	34	36
	163	179
	164	180
	165	181
	38	40
	168	184
	169	185
	42	44
	170	186
	43	45
	173	189
	46	48
	174	190
	47	49
	175	191
	50	52
	178	194
	51	53
	52	54
	55	57
	59	61
	63	65
	64	66
	65	67
	66	68
	70	72
	75	77
	80	82
	85	87
	86	88
	87	89
	92	93
	93	94
	94	95
	96	96
	98	97
	99	98
	100	99
	102	100
	103	101
	104	102
	106	103
	109	106
	110	107
	115	111
	116	112
	119	115
	120	116
	124	120
	126	121
	127	128
net/minecraft/client/gui/spectator/SpectatorMenuItem	0	0
net/minecraft/client/model/AnimationUtils	100	81
	18	15
	19	16
	21	17
	22	18
	23	19
	24	20
	25	21
	31	24
	32	25
	34	26
	35	27
	36	28
	39	29
	40	30
	41	31
	42	32
	43	33
	44	34
	47	37
	48	38
	49	39
	50	40
	51	41
	52	42
	54	43
	55	44
	56	45
	58	46
	59	47
	61	49
	62	50
	64	51
	65	52
	68	55
	69	56
	72	59
	73	60
	74	61
	77	64
	78	65
	79	66
	85	69
	86	70
	87	71
	88	72
	89	73
	90	74
	92	75
	93	76
	94	77
	96	78
	97	79
	99	80
	100	81
net/minecraft/client/GuiMessageTag	64	64
	64	64
	35	35
	39	39
	40	40
	41	41
	45	45
	57	57
	58	58
	27	27
	59	59
	60	60
	31	31
	63	63
net/minecraft/client/renderer/entity/GiantMobRenderer	37	38
	32	34
	33	35
	18	20
	20	21
	37	38
	22	22
	23	23
	24	26
	25	27
	26	28
	28	31
net/minecraft/client/gui/screens/options/OptionsScreen	171	185
	129	137
	130	138
	131	139
	133	140
	134	141
	135	142
	137	143
	139	145
	140	146
	143	149
	148	156
	149	157
	150	158
	151	164
	152	165
	156	170
	157	171
	158	172
	159	173
	160	174
	161	175
	163	177
	167	181
	168	182
	171	185
	60	60
	61	61
	62	62
	63	63
	67	67
	68	68
	69	69
	70	70
	71	71
	73	72
	74	73
	76	74
	78	75
	79	76
	80	77
	81	78
	82	79
	83	80
	84	84
	85	89
	86	90
	87	91
	88	92
	89	93
	91	96
	93	97
	94	98
	96	100
	97	102
	98	103
	102	107
	103	108
	107	112
	108	113
	111	116
	112	117
	113	118
	116	121
	117	122
	119	123
	120	124
	121	128
	123	131
	124	132
	127	136
net/minecraft/client/HotbarManager	75	79
	64	67
	65	68
	66	69
	68	71
	71	74
	72	75
	73	76
	75	79
	27	28
	28	29
	30	31
	31	32
	33	34
	37	38
	38	39
	39	40
	43	43
	44	44
	46	46
	47	47
	48	49
	49	50
	51	52
	52	53
	54	55
	58	59
	59	61
	60	62
	61	63
	62	64
net/minecraft/client/model/SilverfishModel	108	93
	64	50
	66	52
	67	53
	68	54
	72	58
	73	60
	74	60
	75	61
	77	63
	78	65
	79	65
	80	66
	82	68
	83	70
	84	70
	85	71
	88	73
	93	78
	98	83
	99	84
	100	85
	103	88
	104	89
	41	25
	105	90
	42	26
	106	91
	43	27
	107	92
	44	28
	108	93
	47	31
	51	35
	55	39
	56	40
	58	41
	59	42
	60	44
	61	45
	62	47
	63	48
net/minecraft/client/multiplayer/CommonListenerCookie	0	0
com/mojang/blaze3d/platform/ScreenManager	108	104
	21	22
	22	23
	23	24
	24	25
	25	26
	26	27
	27	28
	30	31
	33	34
	34	35
	35	36
	36	37
	37	38
	38	39
	39	40
	41	42
	45	46
	51	51
	52	52
	53	53
	56	55
	57	56
	58	57
	59	58
	61	59
	62	60
	63	61
	64	62
	66	64
	67	65
	68	66
	69	67
	70	68
	72	69
	73	70
	74	71
	75	72
	77	73
	78	74
	79	75
	80	76
	81	77
	82	78
	83	79
	84	80
	85	81
	88	85
	89	86
	93	91
	94	92
	96	94
	97	94
	99	94
	103	99
	104	100
	105	101
	106	102
	108	104
net/minecraft/client/particle/DragonBreathParticle	100	90
	66	57
	68	58
	69	59
	70	60
	73	63
	74	64
	76	65
	77	66
	79	69
	83	73
	24	23
	88	78
	25	24
	26	25
	27	26
	28	27
	30	28
	31	29
	95	86
	32	30
	96	87
	34	31
	36	32
	100	90
	37	33
	38	34
	40	35
	41	36
	42	37
	46	41
	47	42
	48	43
	50	44
	51	45
	52	69
	55	47
	57	48
	58	49
	59	50
	62	53
	63	54
net/minecraft/client/particle/EndRodParticle	37	36
	32	32
	33	33
	37	36
	8	11
	10	12
	11	13
	12	14
	14	15
	16	16
	18	17
	19	18
	20	19
	24	23
	25	24
	26	25
net/minecraft/client/Screenshot	151	151
	128	126
	129	127
	130	128
	131	129
	133	132
	134	133
	136	136
	138	138
	139	139
	140	140
	141	141
	143	143
	146	146
	147	147
	150	150
	151	151
	27	35
	28	36
	31	39
	32	40
	33	40
	34	40
	36	42
	38	44
	41	47
	42	48
	43	49
	46	51
	47	52
	49	54
	52	57
	54	61
	56	64
	57	65
	58	66
	59	67
	60	68
	62	70
	64	72
	65	74
	68	77
	69	78
	71	79
	73	80
	74	81
	77	82
	79	83
	83	87
	85	96
	86	91
	87	92
	88	93
	101	101
	102	102
	103	103
	105	104
	106	105
	108	106
	109	107
	110	109
	111	110
	114	113
	115	114
	116	115
	117	116
	118	117
	119	118
	120	119
	122	120
	123	121
	124	122
	125	123
net/minecraft/client/renderer/entity/ArrowRenderer	75	73
	64	58
	65	59
	68	62
	70	63
	71	64
	74	67
	75	73
	14	17
	15	18
	19	21
	21	22
	22	23
	24	24
	26	25
	27	26
	28	27
	29	28
	31	29
	32	30
	33	31
	34	32
	35	33
	36	34
	37	35
	38	36
	39	37
	41	40
	42	41
	44	42
	46	43
	48	44
	50	45
	51	46
	52	47
	53	48
	55	49
	56	50
	57	51
	58	52
	60	54
	61	55
	62	56
	63	57
net/minecraft/client/model/ParrotModel	259	194
	256	194
	257	194
	259	194
	37	30
	38	31
	39	32
	40	33
	41	34
	42	35
	43	36
	44	37
	45	38
	46	39
	49	42
	50	43
	52	44
	53	45
	54	45
	55	45
	57	47
	58	48
	59	48
	60	48
	62	50
	63	51
	64	51
	65	51
	67	53
	68	54
	69	54
	70	54
	72	56
	73	57
	74	57
	75	57
	77	59
	78	60
	79	60
	80	60
	82	62
	83	63
	84	63
	85	63
	87	65
	88	66
	89	66
	90	66
	92	68
	93	69
	94	69
	95	69
	97	71
	98	71
	99	72
	100	73
	102	74
	107	79
	112	83
	113	84
	117	87
	118	88
	121	91
	122	92
	123	93
	124	94
	127	97
	128	98
	129	99
	131	100
	132	101
	134	102
	136	103
	137	104
	139	105
	143	126
	144	127
	145	128
	146	129
	148	130
	149	131
	150	132
	152	133
	153	134
	155	135
	156	136
	157	137
	159	138
	160	139
	161	140
	163	141
	164	142
	168	107
	169	108
	174	112
	175	113
	177	114
	178	115
	180	116
	182	117
	183	118
	185	119
	186	120
	188	121
	189	122
	192	144
	195	147
	196	148
	198	149
	199	150
	201	151
	202	152
	204	153
	205	154
	206	155
	207	156
	209	157
	210	158
	212	159
	214	161
	215	162
	218	168
	220	169
	222	170
	223	171
	225	172
	227	173
	228	174
	230	175
	231	176
	233	177
	234	178
	236	179
	237	180
	238	181
	240	183
	241	184
	249	186
	252	189
	253	190
	254	191
	255	192
net/minecraft/client/renderer/blockentity/ConduitRenderer	150	132
	130	111
	131	112
	132	113
	133	114
	134	115
	135	116
	136	117
	137	118
	138	119
	139	120
	141	121
	142	122
	143	123
	144	124
	145	125
	146	126
	147	127
	148	128
	149	130
	150	132
	39	45
	40	46
	41	47
	42	48
	43	49
	44	50
	47	53
	48	54
	49	55
	50	56
	51	56
	54	58
	58	62
	59	63
	60	64
	61	64
	62	64
	65	65
	69	69
	70	70
	71	71
	72	71
	73	71
	76	72
	80	76
	81	77
	82	78
	83	78
	84	78
	87	79
	92	83
	94	84
	95	85
	97	86
	98	87
	99	88
	100	89
	101	90
	102	91
	103	132
	106	93
	107	94
	108	95
	110	96
	111	97
	112	98
	113	99
	114	100
	115	101
	117	102
	119	103
	120	104
	122	105
	123	106
	124	107
	125	108
net/minecraft/client/multiplayer/ProfileKeyPairManager	28	29
	20	22
	25	27
	26	28
	28	29
	15	17
net/minecraft/client/renderer/debug/PathfindingRenderer	162	170
	132	130
	133	131
	134	132
	135	133
	136	135
	137	138
	141	153
	144	156
	145	157
	147	158
	151	159
	152	160
	153	161
	154	162
	155	163
	157	164
	159	167
	162	170
	38	35
	39	36
	40	37
	41	38
	45	42
	46	58
	49	43
	50	45
	51	46
	52	47
	53	48
	56	51
	57	52
	58	53
	59	54
	62	58
	65	63
	67	64
	68	65
	69	67
	71	79
	72	80
	73	81
	74	82
	75	83
	76	84
	83	87
	88	97
	89	98
	90	99
	91	100
	99	101
	106	105
	110	114
	111	115
	119	116
	126	120
net/minecraft/client/model/SkeletonModel	101	89
	22	24
	23	25
	26	28
	27	29
	29	30
	30	31
	34	35
	35	36
	36	36
	37	36
	39	38
	40	39
	41	39
	42	39
	44	41
	45	42
	46	42
	47	42
	49	44
	50	45
	51	45
	52	45
	54	47
	58	50
	59	51
	61	52
	62	53
	63	54
	64	55
	66	57
	70	61
	71	62
	75	65
	77	66
	78	67
	79	68
	80	69
	81	70
	82	71
	83	72
	84	73
	85	74
	86	75
	87	76
	88	77
	90	78
	92	80
	96	84
	97	85
	98	86
	99	87
	100	88
	101	89
net/minecraft/client/model/DrownedModel	82	73
	64	56
	67	59
	68	60
	69	61
	72	64
	73	65
	74	66
	75	67
	76	68
	78	69
	79	70
	80	71
	82	73
	20	22
	21	23
	24	26
	25	27
	27	28
	28	29
	29	29
	30	29
	32	31
	33	32
	34	32
	35	32
	38	34
	43	38
	44	39
	46	40
	47	41
	48	42
	49	43
	51	45
	55	49
	56	50
	60	53
	62	54
	63	55
com/mojang/blaze3d/vertex/SheetedDecalTextureGenerator	81	71
	68	63
	70	64
	71	65
	73	66
	75	67
	76	68
	77	69
	79	70
	81	71
	26	23
	27	24
	28	25
	29	26
	30	27
	34	31
	35	32
	36	33
	37	34
	38	35
	44	40
	45	41
	51	46
	56	51
	57	52
	62	57
	63	58
net/minecraft/client/renderer/entity/layers/TropicalFishPatternLayer	63	69
	34	36
	35	37
	36	38
	37	39
	41	44
	42	46
	43	47
	44	48
	46	52
	47	53
	48	54
	49	55
	50	56
	51	57
	52	58
	54	59
	55	60
	56	61
	57	62
	58	63
	59	64
	61	67
	62	68
	63	69
net/minecraft/client/renderer/entity/GuardianRenderer	159	140
	128	108
	130	109
	131	110
	132	111
	133	112
	135	113
	136	114
	137	115
	138	116
	140	117
	141	118
	142	119
	144	122
	145	123
	146	124
	147	125
	149	126
	151	128
	154	131
	155	137
	28	29
	29	30
	159	140
	32	33
	33	34
	37	37
	38	38
	41	40
	42	41
	43	42
	45	43
	46	44
	48	45
	51	49
	55	54
	56	55
	57	56
	58	57
	63	61
	65	62
	66	63
	67	64
	69	65
	70	66
	71	67
	73	68
	74	69
	76	70
	77	71
	79	72
	80	73
	81	74
	84	75
	85	76
	86	77
	87	78
	88	79
	90	80
	92	81
	93	82
	94	83
	95	84
	97	85
	98	86
	100	87
	101	88
	102	89
	103	90
	104	91
	105	92
	106	93
	107	94
	109	95
	110	96
	111	97
	112	98
	114	99
	115	100
	116	101
	117	102
	119	109
	121	103
	122	104
	123	105
	124	106
	126	107
net/minecraft/client/gui/screens/packs/TransferableSelectionList	274	271
	256	250
	257	251
	258	252
	260	255
	261	256
	262	257
	264	260
	265	261
	266	262
	268	265
	269	266
	270	267
	274	271
	36	35
	37	36
	38	37
	39	38
	41	39
	42	40
	46	44
	47	45
	48	46
	52	50
	57	55
	62	60
	63	61
	64	62
	65	63
	66	64
	67	65
	68	66
	69	67
	71	69
	73	71
	77	75
	78	76
	81	79
	82	80
	85	82
	86	83
	88	88
	89	89
	92	85
	93	86
	98	95
	117	112
	118	113
	119	114
	121	115
	122	116
	124	117
	125	118
	126	119
	129	122
	130	123
	131	125
	132	127
	134	129
	138	134
	143	139
	148	144
	149	145
	150	146
	151	147
	154	150
	156	151
	157	152
	159	153
	160	154
	161	155
	162	156
	164	157
	165	158
	166	159
	169	162
	170	163
	171	164
	173	166
	176	169
	177	170
	178	171
	180	173
	183	177
	184	178
	185	179
	187	181
	190	185
	191	186
	192	187
	194	189
	200	195
	201	196
	202	197
	205	200
	209	204
	213	208
	214	209
	215	210
	216	211
	217	212
	219	214
	222	217
	223	218
	225	220
	228	223
	229	224
	231	226
	234	229
	235	230
	236	231
	238	233
	239	234
	240	235
	241	236
	242	237
	244	239
	246	240
	251	246
	252	247
	254	248
	255	249
net/minecraft/client/renderer/debug/SupportBlockRenderer	77	105
	65	75
	69	81
	70	82
	71	83
	72	84
	73	85
	74	86
	75	87
	76	89
	77	105
	25	27
	26	28
	30	32
	31	33
	32	34
	33	35
	34	36
	37	39
	38	40
	39	41
	42	44
	43	45
	46	46
	48	49
	51	63
	52	64
	54	65
	55	66
	57	67
	58	68
	59	69
	61	71
	62	72
net/minecraft/client/model/geom/PartNames	0	0
net/minecraft/client/sounds/SoundManager	324	306
	256	182
	259	185
	260	186
	263	189
	264	190
	267	193
	268	194
	271	197
	272	198
	275	201
	276	202
	279	205
	280	206
	283	209
	284	210
	287	213
	288	214
	291	217
	292	218
	295	221
	296	222
	299	225
	300	226
	303	229
	307	233
	308	234
	311	237
	312	238
	315	241
	316	242
	319	245
	64	66
	65	67
	323	249
	324	250
	69	70
	71	71
	72	72
	73	73
	74	74
	76	76
	77	77
	79	80
	80	80
	81	81
	82	96
	83	87
	84	88
	85	89
	86	91
	87	92
	89	95
	90	111
	91	112
	93	115
	95	117
	97	120
	100	123
	101	124
	106	128
	109	129
	110	130
	111	131
	113	132
	114	133
	120	138
	121	139
	122	140
	123	141
	128	146
	129	147
	132	150
	136	154
	144	258
	145	259
	148	262
	149	263
	150	264
	151	265
	152	266
	154	269
	155	270
	158	273
	160	275
	161	276
	164	278
	166	280
	170	284
	171	285
	173	287
	210	288
	212	290
	215	293
	217	295
	220	298
	221	299
	223	300
	225	302
	226	303
	227	304
	229	306
	233	158
	234	159
	235	160
	236	161
	238	163
	243	169
	247	173
	251	177
	252	178
	255	181
net/minecraft/client/renderer/entity/MushroomCowRenderer	27	28
	16	19
	17	20
	20	23
	22	24
	23	25
	27	28
	15	18
net/minecraft/client/particle/ParticleRenderType	102	92
	66	62
	67	63
	68	64
	69	65
	74	69
	81	75
	18	20
	82	76
	19	21
	20	22
	84	77
	21	23
	22	24
	89	81
	27	28
	97	88
	34	34
	35	35
	36	36
	37	37
	38	38
	102	92
	43	42
	50	48
	51	49
	52	50
	53	51
	54	52
	59	56
net/minecraft/client/model/LlamaSpitModel	47	48
	32	33
	33	34
	34	35
	35	36
	38	39
	43	44
	47	48
	17	19
	18	20
	21	23
	22	24
	24	25
	25	26
	26	28
	27	29
	28	30
	29	31
	30	32
com/mojang/realmsclient/gui/screens/RealmsLongRunningMcoTickTaskScreen	24	27
	16	19
	17	20
	18	21
	22	25
	23	26
	24	27
	10	13
	11	14
	12	15
net/minecraft/client/gui/screens/CreditsAndAttributionScreen	56	53
	32	32
	34	33
	35	34
	36	35
	38	36
	40	37
	41	38
	42	39
	46	43
	47	44
	50	47
	51	48
	23	24
	55	52
	24	25
	56	53
	25	26
	29	30
	31	31
net/minecraft/client/renderer/PostPass	112	103
	32	33
	33	34
	34	35
	35	36
	36	37
	40	40
	41	41
	44	44
	48	48
	49	49
	50	50
	51	51
	52	52
	55	55
	56	56
	59	59
	61	60
	62	61
	63	62
	65	63
	68	65
	69	66
	70	67
	73	70
	74	71
	75	72
	76	73
	78	74
	79	75
	80	76
	81	77
	82	78
	84	79
	87	80
	89	81
	90	82
	91	83
	92	84
	93	85
	95	86
	97	87
	98	88
	99	89
	100	91
	101	92
	102	93
	105	96
	108	99
	112	103
com/mojang/realmsclient/gui/screens/RealmsBackupScreen	285	322
	257	286
	262	291
	263	292
	264	293
	265	294
	266	295
	267	303
	268	304
	269	305
	270	306
	271	307
	272	308
	273	309
	274	310
	276	313
	277	314
	278	315
	279	316
	280	317
	282	319
	285	322
	65	56
	66	57
	67	58
	68	59
	69	60
	73	64
	74	65
	76	66
	77	67
	78	68
	79	69
	81	71
	82	73
	84	74
	85	75
	89	79
	91	80
	92	81
	93	85
	95	90
	99	94
	100	95
	101	96
	103	98
	106	101
	109	103
	111	106
	112	107
	113	108
	114	109
	115	110
	116	111
	118	114
	119	115
	120	117
	121	118
	124	121
	125	122
	126	123
	128	125
	129	126
	130	127
	134	131
	135	132
	138	136
	139	139
	140	141
	141	143
	142	149
	147	157
	153	165
	154	171
	157	174
	158	175
	162	179
	167	184
	184	199
	186	200
	188	201
	189	204
	190	206
	191	207
	192	208
	193	209
	194	209
	195	212
	196	213
	199	216
	200	217
	201	218
	202	219
	203	220
	204	221
	205	221
	206	224
	207	225
	209	227
	212	230
	213	231
	214	244
	216	232
	217	234
	218	235
	219	236
	220	237
	223	240
	226	244
	229	247
	230	248
	231	249
	232	250
	234	252
	236	254
	239	257
	243	261
	244	262
	245	263
	246	268
	248	277
	252	281
net/minecraft/client/renderer/debug/GameEventListenerRenderer	170	167
	129	129
	130	130
	137	146
	138	147
	139	148
	142	151
	143	151
	144	151
	148	155
	153	159
	158	163
	36	38
	164	167
	37	39
	41	43
	170	136
	43	44
	44	45
	45	46
	47	114
	50	48
	52	49
	53	50
	55	51
	57	53
	58	54
	59	55
	60	56
	61	57
	63	58
	64	59
	65	60
	67	61
	68	62
	71	65
	72	67
	73	68
	74	70
	77	73
	78	74
	79	75
	80	76
	81	77
	82	78
	88	84
	91	87
	92	88
	93	91
	94	93
	95	95
	98	99
	99	100
	100	101
	101	102
	102	103
	103	104
	105	105
	106	106
	107	107
	109	108
	110	110
	112	114
	115	117
	116	118
	117	122
	120	119
	121	120
	122	122
	125	125
	126	126
net/minecraft/client/gui/screens/inventory/AbstractSignEditScreen	235	213
	37	38
	38	39
	41	42
	43	43
	44	44
	45	45
	46	46
	48	47
	49	48
	53	53
	55	55
	56	56
	58	58
	59	59
	60	60
	62	62
	66	66
	68	67
	69	68
	71	70
	74	73
	76	75
	77	76
	82	81
	83	82
	84	83
	85	84
	87	85
	88	86
	89	87
	90	88
	92	90
	93	90
	96	90
	101	96
	102	97
	107	102
	109	103
	111	104
	112	105
	114	106
	115	107
	119	111
	120	112
	124	116
	125	117
	129	121
	130	122
	131	123
	133	127
	137	131
	145	139
	146	140
	149	143
	151	144
	152	145
	154	146
	155	147
	156	148
	158	149
	159	150
	160	151
	163	154
	164	155
	165	156
	166	157
	167	158
	168	159
	169	160
	171	161
	172	162
	174	164
	175	165
	176	166
	179	167
	180	168
	183	171
	184	172
	187	173
	191	174
	192	175
	194	176
	195	177
	199	183
	200	184
	201	185
	206	186
	207	187
	209	188
	210	189
	213	192
	214	193
	215	194
	216	195
	217	196
	219	197
	220	198
	222	199
	225	203
	228	206
	229	207
	230	208
	231	209
	234	212
	235	213
net/minecraft/client/gui/LayeredDraw	39	39
	35	35
	36	36
	37	37
	39	39
	15	16
	16	17
	20	21
	21	22
	22	23
	24	25
	28	29
	29	30
	30	31
	31	32
com/mojang/blaze3d/vertex/BufferBuilder	279	268
	257	250
	259	251
	260	252
	263	254
	264	255
	265	256
	267	258
	270	261
	272	262
	273	263
	274	264
	276	268
	278	266
	279	268
	35	32
	36	33
	39	35
	40	36
	41	37
	43	38
	44	39
	45	40
	47	41
	48	42
	49	43
	50	44
	51	46
	58	50
	59	51
	60	52
	61	53
	62	54
	63	55
	67	59
	68	60
	69	61
	71	63
	75	68
	76	69
	78	71
	82	75
	83	76
	85	78
	86	79
	87	80
	89	82
	90	83
	91	84
	95	90
	96	91
	97	92
	98	93
	99	94
	100	95
	104	99
	105	100
	106	101
	107	102
	109	104
	111	105
	112	106
	113	107
	115	109
	119	115
	120	127
	123	116
	124	117
	125	117
	126	117
	127	118
	132	120
	133	121
	134	122
	135	123
	137	127
	140	130
	142	131
	143	132
	146	135
	147	136
	149	138
	150	139
	152	141
	156	145
	157	146
	158	147
	159	148
	160	149
	161	150
	166	155
	167	156
	168	157
	169	158
	170	159
	171	160
	173	163
	178	168
	179	169
	180	170
	182	173
	187	178
	188	179
	189	180
	190	181
	192	184
	197	189
	202	194
	203	195
	204	196
	206	199
	211	204
	216	209
	217	210
	218	211
	220	214
	224	218
	225	219
	226	220
	227	221
	229	224
	234	229
	235	230
	236	231
	237	232
	238	233
	240	236
	244	240
	249	245
	250	246
	253	247
	254	248
	255	249
net/minecraft/client/sounds/SoundBufferLibrary	57	92
	32	38
	33	67
	34	68
	35	69
	37	71
	41	75
	43	77
	44	78
	45	79
	46	80
	48	82
	52	86
	53	87
	54	88
	24	25
	25	26
	57	92
	28	29
	29	31
	30	35
net/minecraft/client/renderer/texture/atlas/sources/package-info	0	0
net/minecraft/client/gui/screens/worldselection/ConfirmExperimentalFeaturesScreen	114	111
	64	58
	65	59
	67	61
	68	63
	69	64
	70	65
	74	69
	75	70
	79	74
	80	75
	91	85
	92	86
	96	90
	97	91
	98	92
	99	94
	100	96
	101	97
	40	35
	41	36
	105	101
	42	37
	106	102
	43	38
	108	105
	109	106
	47	42
	113	110
	114	111
	52	47
	54	48
	55	48
	57	49
	58	50
	59	51
	60	52
	62	54
net/minecraft/client/renderer/blockentity/EnchantTableRenderer	59	53
	33	31
	35	32
	37	34
	38	35
	40	38
	41	39
	44	42
	46	43
	47	44
	49	45
	50	46
	51	47
	53	48
	23	24
	55	49
	24	25
	56	50
	57	51
	58	52
	59	53
	28	28
	29	29
	31	30
com/mojang/realmsclient/dto/PlayerInfo	61	59
	32	30
	36	34
	37	35
	40	38
	44	42
	45	43
	48	46
	52	50
	53	51
	24	22
	56	54
	28	26
	60	58
	29	27
	61	59
net/minecraft/client/model/LavaSlimeModel	75	68
	64	57
	65	58
	68	61
	69	62
	71	64
	75	68
	20	22
	21	23
	22	24
	25	27
	29	31
	30	32
	32	34
	33	35
	34	36
	35	37
	36	38
	37	39
	38	40
	39	41
	40	42
	42	45
	43	45
	44	45
	49	48
	50	48
	51	48
	54	49
	59	53
	63	56
net/minecraft/client/gui/font/package-info	0	0
net/minecraft/client/gui/components/tabs/Tab	0	0
com/mojang/realmsclient/gui/screens/RealmsGenericErrorScreen	81	74
	67	61
	68	62
	72	66
	77	71
	79	72
	80	73
	81	74
	23	23
	24	24
	25	25
	26	26
	29	29
	30	30
	31	31
	32	32
	35	35
	36	36
	37	37
	38	38
	41	41
	42	42
	43	42
	44	42
	49	46
	50	46
	56	50
	61	55
	62	56
	63	57
net/minecraft/client/renderer/entity/EndCrystalRenderer	135	109
	130	105
	135	109
	37	37
	38	38
	40	39
	41	40
	42	41
	43	42
	44	43
	47	46
	48	47
	50	48
	51	48
	52	48
	55	49
	56	49
	57	49
	60	50
	61	50
	62	50
	66	51
	71	55
	73	56
	74	57
	76	58
	78	59
	79	60
	80	61
	81	62
	83	63
	84	64
	87	67
	88	68
	89	69
	91	70
	92	71
	93	72
	94	73
	95	74
	97	75
	98	76
	99	77
	100	78
	102	79
	103	80
	104	81
	106	82
	107	83
	108	84
	109	85
	110	86
	111	87
	112	88
	113	89
	114	90
	115	91
	118	94
	119	95
	122	98
	123	99
	124	100
	125	101
com/mojang/realmsclient/util/RealmsTextureManager	66	62
	64	59
	33	31
	65	62
	34	32
	66	62
	35	33
	38	35
	39	36
	40	37
	41	38
	42	39
	45	41
	46	42
	47	43
	49	44
	57	51
	26	27
	58	52
	27	27
	60	55
	29	27
	61	56
	62	57
net/minecraft/client/sounds/JOrbisAudioStream	244	228
	129	96
	130	110
	136	116
	137	117
	138	118
	140	120
	142	121
	143	122
	145	124
	151	132
	152	133
	154	148
	157	137
	158	138
	159	139
	162	142
	163	146
	166	135
	167	150
	174	156
	176	158
	177	159
	178	160
	51	41
	180	162
	53	42
	181	163
	55	43
	183	166
	56	44
	57	45
	189	171
	62	47
	190	172
	63	48
	64	49
	192	173
	193	174
	194	175
	69	51
	197	176
	198	177
	73	51
	201	179
	74	52
	75	53
	203	182
	76	54
	204	183
	78	57
	206	184
	79	58
	207	185
	208	187
	81	51
	209	190
	210	193
	212	196
	85	62
	86	63
	215	199
	88	64
	89	67
	219	204
	220	205
	93	70
	221	206
	222	207
	223	208
	98	75
	226	211
	229	214
	102	79
	230	215
	103	80
	104	81
	232	217
	105	82
	106	83
	235	220
	236	221
	109	85
	237	222
	110	86
	239	224
	243	227
	116	93
	244	228
	117	94
	119	104
	120	105
	122	108
	125	98
	126	102
net/minecraft/client/renderer/entity/ThrownItemRenderer	58	53
	34	35
	39	40
	40	49
	43	41
	45	42
	47	43
	49	44
	51	46
	53	47
	22	23
	54	49
	23	24
	24	25
	25	26
	26	27
	58	53
	29	30
	30	31
com/mojang/blaze3d/platform/MonitorCreator	0	0
net/minecraft/client/particle/FlameParticle	71	74
	64	68
	68	71
	69	72
	70	73
	71	74
	9	12
	10	13
	14	17
	19	22
	20	23
	21	24
	25	28
	26	29
	31	34
	32	35
	33	36
	35	37
	36	38
	37	39
	38	40
	39	41
	41	44
	48	52
	49	53
	53	56
	54	57
	55	58
	63	67
net/minecraft/client/renderer/block/model/multipart/KeyValueCondition	70	71
	67	71
	68	71
	69	71
	70	71
	23	24
	24	25
	25	26
	29	30
	30	31
	31	32
	34	34
	35	35
	36	36
	37	37
	40	40
	41	41
	42	42
	46	45
	47	46
	49	49
	50	51
	53	54
	57	60
	58	61
	59	63
	62	66
com/mojang/realmsclient/gui/screens/RealmsDownloadLatestWorldScreen	286	275
	257	245
	258	246
	259	247
	263	251
	264	252
	265	253
	266	255
	267	256
	268	257
	269	258
	270	259
	272	262
	273	265
	275	263
	278	266
	279	267
	281	270
	282	271
	285	274
	286	275
	69	63
	70	64
	71	65
	72	66
	73	67
	74	68
	75	69
	76	70
	77	71
	81	76
	82	76
	83	78
	84	79
	87	82
	88	94
	90	83
	92	84
	93	85
	94	86
	96	87
	97	88
	98	89
	101	91
	103	94
	106	97
	107	98
	112	103
	114	104
	116	105
	117	105
	118	106
	119	107
	122	109
	125	112
	126	113
	127	114
	128	115
	129	116
	130	117
	132	120
	133	121
	135	124
	140	129
	141	130
	142	131
	144	134
	145	135
	149	139
	151	140
	153	141
	155	142
	156	143
	159	146
	160	147
	161	148
	164	151
	165	152
	167	154
	170	157
	172	158
	173	159
	176	162
	177	163
	180	166
	181	167
	183	168
	184	169
	185	170
	186	171
	188	172
	189	173
	192	176
	193	177
	194	178
	195	179
	196	180
	198	183
	199	184
	201	187
	202	188
	204	190
	206	192
	209	195
	210	196
	211	197
	214	201
	219	207
	220	208
	224	212
	225	213
	229	217
	231	218
	232	219
	233	220
	235	222
	236	223
	237	224
	238	225
	239	226
	243	230
	244	231
	245	232
	247	235
	250	238
	251	239
	252	240
net/minecraft/client/RecipeBookCategories	69	68
	64	62
	69	68
	56	54
	57	55
	60	58
	61	59
	62	60
	63	61
com/mojang/blaze3d/audio/Channel	181	171
	129	121
	130	122
	133	125
	134	126
	137	129
	138	130
	139	131
	140	132
	141	133
	144	136
	148	140
	150	142
	151	143
	152	144
	154	145
	157	148
	158	149
	31	29
	33	30
	161	152
	34	31
	35	31
	164	155
	37	31
	165	156
	166	157
	168	159
	41	35
	42	36
	171	162
	45	39
	173	163
	46	40
	174	164
	47	41
	175	165
	48	42
	176	166
	177	167
	50	44
	178	168
	51	45
	52	46
	181	171
	54	49
	55	50
	58	53
	59	54
	61	56
	64	59
	65	60
	68	63
	69	63
	71	63
	75	67
	76	68
	78	70
	81	73
	82	74
	84	76
	87	79
	88	80
	89	81
	91	83
	94	86
	98	90
	102	94
	103	95
	106	98
	107	99
	110	102
	111	103
	114	106
	115	107
	118	110
	119	111
	122	114
	123	115
	124	116
	125	117
	126	118
net/minecraft/client/renderer/debug/WorldGenAttemptRenderer	54	55
	32	34
	34	36
	35	37
	36	38
	38	39
	39	40
	42	43
	43	44
	44	45
	45	46
	46	47
	47	48
	48	49
	49	50
	50	51
	51	52
	22	24
	54	55
	23	25
	24	26
	25	27
	26	28
	27	29
	28	30
net/minecraft/client/renderer/entity/TurtleRenderer	27	24
	17	19
	18	20
	20	20
	22	20
	27	24
	12	15
	13	16
net/minecraft/client/model/ChestBoatModel	54	51
	32	34
	34	35
	36	36
	37	38
	38	38
	39	39
	42	41
	43	43
	44	43
	45	44
	48	46
	49	48
	18	20
	50	48
	19	21
	51	49
	54	51
	23	25
	24	26
	25	27
	26	28
	27	29
	31	33
net/minecraft/client/gui/screens/recipebook/RecipeShownListener	0	0
net/minecraft/client/multiplayer/ClientSuggestionProvider	179	178
	128	128
	129	132
	132	129
	133	130
	138	137
	139	138
	140	142
	143	139
	144	140
	149	147
	154	151
	159	155
	163	159
	164	160
	165	161
	166	162
	168	164
	171	167
	44	48
	172	169
	45	49
	173	172
	46	50
	175	175
	176	176
	50	53
	179	178
	52	55
	53	56
	56	59
	61	63
	62	64
	64	66
	65	67
	66	68
	71	73
	72	74
	74	75
	79	79
	84	83
	89	87
	94	91
	95	92
	100	101
	101	102
	102	103
	103	104
	108	108
	109	109
	111	112
	112	113
	113	114
	114	115
	118	119
	122	123
	127	127
net/minecraft/client/renderer/entity/SpiderRenderer	30	30
	18	21
	20	22
	21	23
	25	26
	14	17
	30	30
	15	18
net/minecraft/client/InputType	15	18
	11	14
	15	18
com/mojang/realmsclient/gui/RealmsWorldSlotButton	181	173
	129	81
	130	82
	131	83
	135	85
	136	86
	138	87
	139	88
	140	89
	141	90
	142	91
	143	92
	144	93
	145	94
	146	95
	147	96
	149	98
	153	101
	154	102
	157	105
	159	106
	160	107
	161	108
	163	109
	164	110
	166	112
	39	38
	40	39
	41	40
	170	115
	171	116
	45	44
	173	117
	174	118
	175	119
	176	120
	178	123
	179	124
	180	125
	181	129
	67	152
	68	153
	69	154
	70	155
	71	156
	72	157
	73	158
	74	159
	75	160
	77	162
	78	163
	79	164
	80	165
	81	166
	82	167
	83	168
	84	169
	86	172
	87	173
	91	48
	92	49
	93	50
	96	53
	97	55
	98	54
	99	56
	102	58
	103	59
	106	62
	107	63
	108	64
	111	67
	112	68
	115	71
	116	72
	118	74
	119	74
	121	74
	126	80
	127	129
net/minecraft/client/renderer/item/ItemPropertyFunction	0	0
net/minecraft/client/gui/screens/inventory/SmithingScreen	173	167
	128	123
	130	125
	133	129
	137	133
	138	134
	140	136
	143	139
	145	140
	146	141
	149	144
	150	145
	151	146
	153	147
	154	148
	155	149
	157	151
	158	152
	159	153
	160	154
	161	155
	166	160
	167	161
	170	164
	171	165
	172	166
	173	167
	55	57
	56	58
	57	59
	58	60
	62	64
	63	65
	64	66
	66	67
	67	68
	68	69
	69	70
	71	71
	72	72
	76	76
	78	77
	79	78
	80	79
	81	80
	82	81
	85	84
	86	85
	87	86
	89	87
	94	92
	95	93
	96	94
	100	98
	102	99
	103	100
	104	101
	106	103
	107	105
	111	109
	112	110
	114	112
	117	115
	118	129
	121	116
	122	117
	125	120
	126	121
	127	122
net/minecraft/client/renderer/entity/SnowGolemRenderer	20	21
	16	18
	20	21
	13	16
	15	17
net/minecraft/client/gui/screens/reporting/ChatSelectionLogFiller	77	76
	64	62
	67	65
	68	66
	69	67
	70	68
	71	69
	72	70
	74	73
	75	74
	77	76
	30	30
	31	31
	32	32
	33	33
	34	34
	37	37
	38	39
	39	40
	40	41
	43	45
	44	45
	46	46
	47	46
	51	47
	52	48
	53	49
	54	50
	56	53
	57	54
	59	56
	61	59
net/minecraft/client/renderer/entity/CatRenderer	55	48
	32	29
	33	30
	34	31
	38	34
	40	35
	41	36
	42	37
	43	38
	46	39
	47	41
	48	41
	49	42
	50	43
	51	44
	20	20
	22	21
	23	22
	55	48
	27	25
net/minecraft/client/particle/DripParticle	316	344
	257	147
	258	148
	259	149
	263	155
	264	156
	265	157
	269	163
	273	169
	274	170
	275	171
	279	177
	23	245
	280	178
	24	246
	281	179
	25	247
	282	180
	26	248
	283	181
	27	249
	287	187
	31	253
	288	188
	32	254
	289	189
	33	255
	290	190
	291	191
	35	257
	295	197
	39	261
	296	198
	40	262
	297	199
	41	263
	298	200
	42	264
	299	201
	300	202
	47	228
	304	208
	48	229
	305	209
	306	210
	307	211
	308	212
	52	233
	53	234
	54	235
	55	236
	312	218
	56	237
	313	219
	314	220
	315	221
	316	222
	63	298
	64	299
	65	300
	69	304
	70	305
	71	306
	73	308
	78	333
	79	334
	83	338
	84	339
	85	340
	86	341
	87	342
	89	344
	94	278
	95	279
	99	283
	100	284
	101	285
	102	286
	103	287
	104	288
	106	290
	111	314
	112	315
	115	318
	116	319
	117	320
	121	324
	122	325
	124	327
	129	270
	130	271
	131	272
	138	24
	139	25
	140	26
	141	27
	142	28
	145	31
	150	36
	155	41
	156	41
	159	41
	164	46
	165	47
	166	48
	168	49
	169	50
	170	67
	173	51
	174	52
	175	53
	176	54
	177	67
	180	55
	181	56
	182	57
	184	58
	185	67
	188	59
	189	60
	190	61
	191	61
	192	62
	195	67
	198	70
	199	71
	201	73
	204	76
	207	81
	208	82
	209	83
	213	89
	214	90
	215	91
	219	97
	223	103
	224	104
	225	105
	229	111
	230	112
	231	113
	235	119
	236	120
	237	121
	238	122
	239	123
	243	129
	244	130
	245	131
	246	132
	250	138
	251	139
	252	140
	253	141
net/minecraft/client/renderer/texture/atlas/sources/PalettedPermutations	139	177
	128	164
	129	165
	130	171
	132	168
	138	176
	139	177
	37	40
	38	41
	39	42
	40	43
	41	45
	48	52
	49	53
	50	54
	51	55
	55	59
	56	60
	57	63
	58	64
	60	68
	61	69
	62	70
	63	71
	64	72
	67	74
	68	76
	69	77
	70	78
	73	84
	76	87
	77	88
	78	89
	81	91
	82	93
	83	94
	84	95
	85	96
	89	100
	90	101
	91	102
	92	103
	95	105
	96	106
	97	107
	98	108
	103	115
	104	116
	105	117
	106	118
	108	121
	109	142
	110	143
	111	144
	112	145
	118	152
	126	162
	127	163
net/minecraft/client/gui/font/glyphs/package-info	0	0
net/minecraft/client/gui/screens/inventory/LecternScreen	109	109
	65	64
	67	66
	71	70
	72	71
	76	75
	77	76
	81	80
	82	81
	83	82
	21	20
	85	84
	22	21
	89	89
	26	24
	90	90
	27	25
	29	27
	94	94
	33	31
	34	32
	98	98
	99	99
	100	100
	38	35
	103	103
	104	104
	43	40
	44	41
	108	108
	45	42
	109	109
	49	46
	50	47
	51	48
	55	52
	56	53
	57	54
	61	58
	62	59
	63	61
net/minecraft/client/gui/screens/telemetry/TelemetryInfoScreen	135	130
	129	124
	130	125
	134	129
	135	130
	49	45
	50	46
	51	47
	52	48
	56	52
	61	57
	62	58
	63	59
	64	60
	65	61
	66	62
	67	63
	69	64
	70	65
	71	66
	73	69
	74	70
	75	71
	77	72
	78	73
	79	74
	81	76
	82	78
	83	79
	87	83
	88	84
	89	85
	90	86
	91	87
	93	90
	94	91
	96	94
	97	95
	101	99
	102	100
	104	102
	107	105
	108	106
	109	106
	110	106
	111	106
	115	110
	116	111
	118	113
	121	116
	122	117
	125	120
	126	121
net/minecraft/client/animation/definitions/package-info	0	0
com/mojang/realmsclient/package-info	0	0
net/minecraft/client/renderer/blockentity/TheEndPortalRenderer	55	69
	32	33
	33	34
	34	35
	35	36
	38	52
	39	53
	40	54
	41	55
	42	56
	44	58
	47	61
	16	20
	51	65
	20	23
	22	24
	23	25
	55	69
	26	28
	27	29
	29	30
	30	31
	31	32
net/minecraft/client/multiplayer/chat/LoggedChatEvent	33	34
	16	19
	33	34
	23	25
	24	26
	25	27
	28	30
	15	18
net/minecraft/client/renderer/entity/package-info	0	0
net/minecraft/client/renderer/entity/PaintingRenderer	141	140
	128	128
	129	129
	131	130
	132	131
	133	132
	134	133
	137	136
	140	139
	141	140
	22	25
	23	26
	27	29
	28	30
	30	31
	32	32
	34	33
	35	34
	36	43
	38	44
	39	45
	43	48
	47	60
	49	61
	50	62
	52	63
	54	64
	55	65
	56	66
	57	67
	60	68
	61	69
	62	70
	63	71
	65	72
	66	73
	67	74
	68	75
	70	76
	71	77
	73	79
	74	80
	75	81
	76	82
	77	83
	78	84
	80	85
	81	86
	82	87
	84	88
	85	89
	86	90
	88	93
	89	94
	91	97
	92	98
	94	101
	95	102
	98	105
	101	106
	102	107
	103	108
	104	109
	106	110
	107	111
	108	112
	109	113
	111	114
	112	115
	113	116
	114	117
	116	118
	117	119
	118	120
	119	121
	121	122
	122	123
	123	124
	124	125
	126	126
	127	127
net/minecraft/client/gui/screens/FaviconTexture	83	87
	64	69
	65	70
	67	72
	70	75
	75	79
	76	80
	77	81
	80	84
	81	85
	83	87
	26	25
	27	26
	28	27
	31	32
	35	39
	39	43
	40	60
	41	61
	44	45
	46	46
	47	47
	49	49
	50	50
	52	53
	53	54
	54	55
	55	56
	56	57
	58	63
	61	66
	62	67
	63	68
net/minecraft/client/particle/FireworkParticles	354	333
	257	75
	258	76
	259	77
	260	78
	261	79
	263	80
	265	81
	266	82
	267	83
	270	86
	271	87
	274	90
	275	91
	279	95
	280	96
	282	98
	286	102
	288	103
	289	105
	290	107
	291	108
	292	109
	293	110
	294	111
	295	112
	296	113
	297	114
	299	117
	300	118
	302	120
	307	43
	308	44
	52	161
	309	45
	53	162
	54	163
	55	164
	56	165
	313	49
	58	166
	59	167
	318	54
	62	169
	319	55
	63	170
	320	56
	65	172
	66	173
	67	174
	324	60
	68	175
	69	176
	72	180
	332	30
	76	184
	333	31
	77	185
	79	186
	80	187
	337	34
	81	188
	338	35
	339	36
	83	190
	84	191
	85	192
	86	193
	347	128
	348	129
	92	199
	93	200
	95	202
	352	133
	353	135
	97	205
	354	136
	100	208
	101	209
	102	210
	104	211
	105	212
	106	213
	107	214
	109	215
	110	216
	113	219
	114	221
	115	224
	116	227
	125	230
	134	233
	137	236
	138	237
	139	238
	140	238
	141	238
	142	238
	145	241
	146	242
	147	243
	148	244
	149	245
	150	246
	152	249
	154	251
	157	254
	158	255
	163	259
	164	260
	165	261
	166	262
	168	263
	169	264
	170	265
	172	267
	175	270
	176	271
	177	272
	179	274
	180	275
	181	276
	182	277
	183	278
	184	279
	185	280
	187	281
	189	282
	190	283
	195	288
	198	291
	199	292
	201	293
	203	294
	204	295
	205	297
	206	298
	208	299
	209	300
	211	302
	212	303
	213	304
	215	306
	216	307
	217	308
	219	309
	220	310
	222	312
	223	313
	226	317
	227	318
	230	321
	233	324
	234	325
	236	327
	237	328
	238	329
	239	330
	241	331
	243	333
net/minecraft/client/gui/components/FittingMultiLineTextWidget	80	88
	66	74
	71	79
	72	80
	73	81
	74	82
	75	83
	14	17
	15	18
	79	87
	16	19
	80	88
	17	20
	20	23
	21	24
	26	29
	27	30
	28	31
	32	35
	37	40
	42	45
	43	46
	44	47
	45	48
	47	56
	51	60
	52	71
	54	61
	55	62
	56	63
	57	64
	58	65
	59	66
	61	68
	63	71
net/minecraft/client/sounds/FloatSampleSource	29	32
	16	17
	17	19
	20	22
	25	27
	26	29
	29	32
net/minecraft/client/renderer/texture/atlas/SpriteSources	49	43
	32	30
	33	31
	49	43
	43	37
	28	27
	44	38
	29	28
	45	39
	46	40
	47	41
net/minecraft/client/multiplayer/ServerList	178	176
	129	128
	130	129
	132	131
	133	132
	136	135
	138	137
	141	140
	145	144
	146	145
	147	146
	148	147
	149	148
	152	151
	153	152
	156	155
	157	156
	30	29
	31	30
	159	157
	160	158
	161	159
	35	34
	36	35
	164	163
	38	36
	39	37
	40	38
	168	167
	169	168
	170	169
	43	41
	44	43
	172	170
	45	44
	173	171
	46	45
	48	46
	176	174
	49	47
	177	175
	178	176
	51	49
	54	52
	55	53
	57	55
	61	59
	62	61
	63	62
	65	63
	66	64
	68	67
	69	68
	71	69
	72	70
	75	73
	76	74
	78	75
	79	76
	80	77
	82	78
	83	79
	84	80
	85	81
	86	82
	88	84
	91	87
	96	92
	97	93
	98	94
	101	98
	102	99
	103	100
	106	104
	111	109
	112	110
	113	111
	114	112
	115	113
	116	114
	119	118
	123	122
	124	123
	126	125
net/minecraft/client/renderer/entity/WitherSkeletonRenderer	23	24
	17	19
	22	23
	23	24
	12	15
	13	16
net/minecraft/client/renderer/entity/layers/FoxHeldItemLayer	70	60
	66	57
	67	58
	69	59
	70	60
	18	21
	19	22
	20	23
	24	26
	25	27
	27	28
	30	29
	31	30
	32	31
	33	32
	36	35
	39	36
	40	37
	41	38
	42	39
	45	40
	46	41
	47	42
	49	44
	52	46
	53	47
	55	49
	60	52
	62	53
	63	54
net/minecraft/client/StringSplitter	459	465
	29	28
	30	29
	33	32
	34	33
	37	35
	38	36
	39	37
	40	38
	42	40
	46	45
	47	46
	48	47
	49	48
	51	50
	55	54
	56	55
	57	56
	58	57
	60	59
	68	446
	69	447
	73	450
	74	451
	75	452
	76	453
	78	455
	82	460
	86	464
	87	465
	91	63
	92	64
	93	65
	97	69
	101	73
	102	74
	103	75
	104	76
	105	77
	106	78
	109	80
	110	81
	113	84
	117	88
	118	89
	119	90
	124	95
	125	97
	130	104
	131	105
	132	106
	133	107
	134	108
	135	109
	137	111
	139	114
	143	118
	147	122
	149	123
	154	127
	155	128
	156	129
	157	130
	158	131
	160	134
	162	136
	163	137
	165	140
	167	143
	183	368
	184	369
	188	372
	189	373
	191	375
	193	377
	194	378
	197	380
	198	381
	199	382
	200	387
	201	387
	203	387
	206	383
	207	384
	208	385
	214	393
	215	394
	216	395
	220	399
	224	403
	228	407
	232	411
	233	412
	237	147
	238	148
	239	149
	243	153
	244	154
	245	155
	247	157
	248	158
	249	159
	250	160
	252	163
	253	164
	256	167
	258	168
	259	169
	260	170
	261	171
	262	172
	263	173
	264	174
	265	175
	267	177
	270	180
	271	181
	273	183
	274	184
	280	190
	289	194
	290	195
	291	196
	292	198
	293	199
	294	200
	295	201
	296	202
	297	203
	299	206
	300	207
	302	208
	303	209
	304	210
	305	211
	307	213
	310	216
	311	217
	312	218
	320	421
	321	422
	322	423
	326	426
	331	430
	340	292
	341	293
	342	294
	345	297
	349	301
	350	302
	351	303
	352	304
	353	306
	354	307
	355	308
	356	309
	358	310
	359	311
	360	312
	361	313
	362	314
	364	316
	365	317
	366	318
	368	321
	369	322
	373	326
	374	327
	375	337
	376	338
	378	328
	379	329
	380	330
	382	332
	389	342
	390	343
	395	348
	396	349
	397	350
	398	351
	403	222
	404	223
	405	224
	409	228
	410	233
	411	237
	415	241
	417	242
	418	243
	419	244
	421	247
	424	249
	425	250
	426	251
	427	252
	428	254
	429	255
	430	256
	431	258
	432	259
	433	260
	435	261
	436	262
	438	263
	440	264
	441	265
	442	266
	443	267
	444	268
	445	269
	446	270
	447	271
	449	274
	453	278
	454	279
	455	280
	456	281
	457	282
	459	284
net/minecraft/client/gui/spectator/categories/TeleportToPlayerMenuCategory	65	66
	32	33
	33	34
	65	66
	34	35
	35	36
	36	37
	40	41
	45	46
	50	51
	51	52
	20	22
	55	56
	27	28
	28	29
	60	61
	61	62
	31	32
com/mojang/realmsclient/exception/package-info	0	0
net/minecraft/client/renderer/entity/GoatRenderer	17	19
	17	19
	12	15
	13	16
net/minecraft/client/renderer/block/model/FaceBakery	286	304
	257	276
	258	277
	262	281
	263	283
	264	284
	265	285
	267	286
	268	287
	269	288
	271	289
	272	290
	273	291
	275	293
	276	294
	277	295
	278	296
	279	297
	280	298
	281	299
	282	300
	30	41
	286	304
	31	42
	32	43
	35	46
	36	47
	38	48
	40	49
	41	50
	43	51
	44	52
	45	53
	46	54
	48	55
	49	58
	51	59
	53	60
	54	61
	57	64
	61	68
	63	69
	64	70
	65	71
	66	72
	67	73
	69	74
	70	75
	71	76
	72	77
	73	78
	79	81
	80	82
	81	83
	83	85
	84	86
	90	91
	91	92
	92	93
	94	95
	95	96
	98	99
	99	100
	100	101
	101	102
	102	103
	106	115
	107	117
	108	118
	110	121
	114	125
	115	126
	116	127
	117	128
	118	129
	119	130
	120	131
	121	132
	125	146
	127	147
	128	148
	129	149
	131	150
	132	151
	135	154
	136	155
	137	156
	138	157
	139	158
	140	159
	141	160
	142	161
	145	164
	146	199
	151	167
	153	169
	154	170
	155	171
	157	173
	158	174
	159	175
	161	177
	162	178
	163	179
	164	181
	167	184
	169	185
	170	186
	171	187
	173	189
	175	192
	177	194
	180	197
	181	199
	184	202
	185	205
	188	203
	189	205
	192	208
	193	209
	194	210
	195	211
	198	214
	199	215
	200	216
	201	217
	202	218
	203	219
	204	220
	205	221
	208	223
	209	224
	210	226
	211	227
	212	228
	213	229
	215	230
	216	231
	217	232
	220	236
	221	236
	223	236
	227	241
	228	242
	230	243
	231	244
	232	245
	233	246
	234	247
	235	248
	236	249
	237	251
	238	252
	239	253
	240	254
	241	255
	242	256
	243	257
	245	260
	246	261
	248	264
	249	265
	251	268
	252	269
	254	272
	255	273
net/minecraft/client/gui/screens/DemoIntroScreen	67	70
	65	68
	66	69
	67	70
	16	21
	17	22
	24	26
	26	27
	27	28
	28	29
	29	30
	30	31
	31	32
	32	33
	33	34
	35	35
	36	36
	37	41
	38	47
	39	48
	40	49
	43	51
	44	52
	48	56
	50	57
	51	58
	52	59
	53	60
	57	64
	59	65
	61	66
	63	67
net/minecraft/client/gui/screens/packs/package-info	0	0
net/minecraft/client/renderer/entity/TadpoleRenderer	17	19
	17	19
	12	15
	13	16
net/minecraft/client/gui/screens/inventory/CreativeModeInventoryScreen	1041	992
	1024	809
	1025	811
	1026	812
	1027	813
	1028	814
	1030	817
	1031	818
	1032	819
	1033	820
	1034	821
	1035	822
	1036	823
	1037	824
	1039	825
	1041	827
	125	849
	126	850
	128	851
	129	853
	130	854
	131	855
	135	859
	136	860
	139	863
	140	864
	144	867
	148	871
	152	875
	156	879
	160	883
	164	887
	165	889
	166	890
	167	891
	168	892
	169	893
	171	895
	175	899
	178	902
	183	906
	184	907
	186	908
	187	909
	191	913
	196	917
	201	921
	206	925
	211	929
	212	930
	216	124
	217	125
	218	126
	219	127
	220	128
	221	129
	222	130
	225	133
	229	137
	230	138
	231	139
	232	140
	233	141
	234	142
	235	143
	237	145
	242	150
	245	153
	246	154
	249	156
	250	157
	251	158
	252	159
	255	162
	259	167
	260	168
	261	169
	262	170
	264	172
	269	175
	270	176
	271	177
	275	181
	277	182
	278	193
	281	183
	282	184
	285	189
	286	190
	288	193
	292	197
	293	198
	294	199
	297	202
	298	203
	300	204
	301	219
	302	220
	304	223
	305	224
	306	225
	308	227
	310	228
	311	229
	312	230
	313	231
	314	232
	315	233
	316	234
	318	235
	319	236
	320	237
	321	238
	322	239
	324	241
	325	245
	328	247
	330	248
	331	249
	333	250
	334	251
	335	252
	336	253
	339	256
	340	259
	341	260
	342	261
	343	262
	346	265
	347	268
	348	269
	349	270
	350	271
	351	272
	354	275
	357	278
	359	279
	360	280
	361	281
	363	282
	364	283
	368	286
	370	288
	372	291
	373	292
	374	293
	375	294
	379	289
	380	290
	382	296
	383	297
	384	298
	386	299
	387	300
	388	301
	390	303
	391	304
	392	305
	393	306
	394	307
	395	308
	396	309
	397	310
	398	311
	399	312
	401	315
	406	205
	407	206
	408	207
	409	208
	410	209
	412	212
	413	213
	414	214
	415	215
	419	319
	422	322
	427	327
	428	328
	430	329
	431	330
	432	331
	433	332
	434	333
	435	334
	437	335
	438	336
	439	337
	441	338
	442	339
	443	340
	444	341
	445	342
	448	345
	450	347
	454	351
	456	352
	457	353
	458	354
	460	355
	461	356
	464	359
	465	360
	466	361
	470	365
	472	366
	473	367
	475	369
	479	373
	480	374
	482	375
	483	376
	485	378
	486	379
	487	380
	488	381
	490	384
	492	386
	497	393
	498	394
	499	395
	500	396
	501	397
	502	398
	504	400
	508	403
	509	404
	510	405
	513	406
	514	407
	517	409
	518	410
	519	411
	520	412
	523	415
	525	417
	527	417
	529	417
	534	425
	535	426
	539	430
	540	431
	542	432
	543	433
	544	434
	546	436
	547	437
	549	438
	550	440
	551	441
	552	442
	553	443
	555	445
	557	448
	561	452
	562	453
	563	454
	566	457
	569	459
	570	460
	572	462
	573	463
	574	464
	577	467
	578	468
	582	472
	583	473
	585	475
	589	479
	590	480
	591	481
	593	483
	594	484
	595	485
	599	489
	600	490
	601	491
	605	495
	610	500
	611	501
	612	502
	614	503
	616	505
	617	506
	618	507
	619	508
	624	513
	628	517
	632	521
	633	522
	635	523
	636	524
	637	525
	638	526
	639	527
	640	529
	641	530
	642	531
	643	532
	644	533
	645	534
	646	535
	648	536
	649	537
	650	538
	651	539
	653	541
	657	545
	660	548
	661	549
	664	552
	665	553
	667	554
	668	555
	670	558
	671	560
	674	563
	675	564
	676	565
	677	566
	679	567
	680	568
	681	569
	682	570
	683	571
	684	572
	685	573
	686	574
	688	576
	689	577
	690	578
	692	579
	694	580
	695	581
	697	583
	701	587
	702	588
	705	591
	706	592
	707	593
	708	594
	709	595
	710	596
	713	599
	714	600
	715	601
	716	602
	717	603
	718	604
	720	607
	722	609
	723	610
	724	611
	725	612
	728	615
	729	616
	730	617
	734	621
	735	622
	737	624
	738	625
	739	626
	744	632
	745	633
	746	634
	750	638
	751	639
	753	640
	754	641
	755	642
	756	643
	757	644
	763	649
	764	650
	765	651
	767	652
	768	653
	769	654
	771	655
	773	657
	778	663
	780	665
	781	666
	786	671
	787	672
	790	675
	791	676
	795	680
	796	681
	797	682
	799	683
	800	684
	801	685
	803	686
	804	689
	806	690
	807	691
	808	692
	809	693
	811	695
	814	698
	815	700
	816	701
	817	702
	821	706
	824	687
	829	712
	830	713
	831	714
	835	718
	837	719
	839	720
	840	721
	841	722
	843	723
	844	724
	845	725
	848	728
	850	729
	851	731
	853	734
	856	737
	857	738
	858	739
	860	740
	861	741
	863	744
	867	748
	868	749
	869	750
	871	752
	873	755
	877	759
	878	760
	879	761
	883	765
	884	766
	885	767
	886	768
	887	769
	890	771
	894	776
	895	777
	896	778
	897	779
	898	780
	901	782
	902	783
	904	785
	907	788
	909	789
	910	790
	911	791
	912	792
	914	793
	915	794
	916	795
	918	796
	919	797
	922	800
	930	938
	931	939
	932	940
	936	943
	937	944
	941	947
	946	951
	951	955
	956	959
	957	960
	961	963
	962	964
	966	967
	967	968
	971	971
	976	975
	982	980
	987	984
	992	988
	997	992
	1003	832
	1004	833
	1008	836
	1009	837
	1010	838
	1011	838
	1013	839
	1018	804
	1019	805
	1020	806
	1021	807
	1023	808
net/minecraft/client/color/item/ItemColor	0	0
com/mojang/realmsclient/gui/screens/RealmsResetNormalWorldScreen	116	112
	64	59
	65	61
	66	61
	69	63
	71	64
	72	65
	73	66
	75	68
	76	70
	77	71
	81	75
	82	76
	85	79
	86	80
	88	81
	89	83
	90	83
	92	84
	93	86
	94	87
	95	88
	98	92
	99	93
	100	95
	102	98
	105	101
	43	41
	44	42
	45	43
	46	44
	110	106
	111	107
	50	48
	51	49
	115	111
	116	112
	53	50
	55	51
	57	52
	59	53
	60	55
	61	56
	62	57
net/minecraft/client/resources/language/I18n	28	30
	16	17
	19	20
	21	23
	22	24
	23	25
	11	13
	28	30
	15	16
net/minecraft/client/renderer/entity/CreeperRenderer	46	39
	35	34
	37	35
	38	35
	41	35
	46	39
	15	18
	17	19
	18	20
	22	23
	24	24
	25	25
	26	26
	27	27
	28	28
	29	29
	30	30
	31	31
net/minecraft/client/model/PlayerModel	207	182
	42	41
	43	42
	45	43
	46	44
	47	45
	48	46
	49	47
	50	48
	51	49
	53	50
	54	51
	57	54
	58	55
	60	56
	61	56
	62	56
	65	57
	66	59
	67	59
	68	60
	71	62
	72	63
	73	64
	74	65
	75	65
	76	65
	78	67
	79	68
	80	68
	81	68
	83	70
	84	72
	85	72
	86	73
	88	75
	89	77
	90	77
	91	78
	94	81
	95	82
	96	82
	97	82
	100	84
	101	86
	102	86
	103	87
	105	89
	106	91
	107	91
	108	92
	112	96
	113	97
	114	97
	115	97
	117	99
	118	101
	119	101
	120	102
	122	104
	123	106
	124	106
	125	107
	127	109
	128	110
	129	110
	133	112
	138	117
	142	121
	143	122
	144	123
	145	124
	146	125
	149	128
	150	129
	154	133
	156	134
	157	135
	158	136
	159	137
	160	138
	162	139
	163	140
	164	141
	165	142
	167	144
	168	145
	171	147
	172	148
	173	149
	175	151
	176	152
	179	154
	183	158
	184	159
	185	160
	186	161
	187	162
	188	163
	189	164
	190	165
	191	166
	195	170
	196	171
	197	172
	198	173
	199	174
	200	175
	202	177
	204	179
	207	182
com/mojang/realmsclient/gui/screens/RealmsPendingInvitesScreen	276	227
	259	170
	260	171
	261	172
	264	175
	266	176
	267	177
	271	181
	272	183
	273	184
	274	185
	276	188
	44	44
	45	45
	46	46
	47	47
	62	58
	63	59
	64	60
	68	64
	69	65
	70	66
	71	67
	72	68
	73	69
	74	70
	76	72
	78	73
	80	74
	81	75
	82	76
	83	77
	84	78
	86	79
	88	80
	89	81
	90	82
	91	83
	92	84
	93	85
	94	86
	98	90
	99	91
	102	94
	103	122
	105	95
	106	96
	108	98
	109	99
	110	100
	112	102
	114	105
	115	106
	116	107
	117	108
	119	110
	120	111
	121	112
	122	113
	123	114
	124	115
	126	118
	128	120
	129	122
	133	126
	135	127
	137	128
	139	129
	140	130
	143	133
	144	134
	146	136
	149	139
	150	140
	151	141
	154	144
	159	195
	160	196
	163	199
	164	200
	168	204
	173	209
	178	214
	179	215
	180	216
	183	219
	184	220
	185	221
	189	224
	191	225
	192	226
	193	227
	243	154
	244	155
	245	156
	249	160
	250	161
	254	165
	255	166
com/mojang/realmsclient/gui/screens/RealmsConfigureWorldScreen	410	465
	74	66
	75	67
	76	68
	77	69
	81	73
	82	74
	85	77
	86	78
	88	79
	89	81
	90	86
	91	89
	92	94
	93	97
	95	102
	96	104
	97	105
	100	108
	101	111
	103	121
	104	124
	105	134
	106	137
	107	142
	108	147
	109	150
	110	153
	111	153
	113	154
	115	155
	116	156
	117	157
	119	158
	120	159
	121	160
	123	162
	125	163
	126	164
	128	166
	131	169
	134	172
	135	173
	136	174
	137	175
	138	176
	139	177
	142	181
	144	184
	145	185
	147	186
	148	187
	150	189
	154	193
	157	196
	158	197
	159	198
	161	201
	165	205
	169	209
	174	214
	176	215
	177	216
	179	217
	180	218
	181	237
	184	220
	185	221
	186	222
	187	223
	189	224
	191	225
	193	226
	194	227
	196	228
	197	229
	198	230
	199	231
	202	237
	205	240
	210	245
	211	246
	212	247
	214	249
	218	253
	220	256
	221	257
	222	258
	223	259
	225	260
	226	261
	228	263
	229	264
	230	265
	233	268
	234	269
	236	271
	237	272
	238	273
	239	274
	241	276
	242	277
	245	280
	246	281
	247	282
	249	283
	251	284
	252	285
	253	286
	256	289
	257	290
	259	292
	261	294
	264	298
	265	300
	266	301
	267	302
	270	307
	271	309
	273	311
	274	312
	275	315
	277	318
	279	321
	282	325
	283	326
	285	328
	287	330
	288	332
	289	334
	290	335
	293	338
	296	341
	297	342
	298	343
	299	344
	300	345
	301	346
	302	347
	303	355
	304	356
	305	358
	306	359
	308	360
	312	365
	315	368
	318	371
	319	372
	320	373
	322	375
	325	378
	329	382
	330	383
	331	384
	332	385
	335	388
	336	389
	339	392
	340	393
	343	396
	344	397
	347	400
	348	401
	349	402
	351	403
	354	406
	355	407
	356	408
	357	409
	358	410
	359	411
	362	414
	363	415
	366	418
	368	419
	371	422
	372	423
	373	424
	374	425
	375	426
	376	427
	377	428
	378	429
	381	432
	382	433
	385	436
	386	437
	387	441
	390	444
	391	445
	392	446
	395	449
	396	450
	399	453
	400	454
	401	455
	403	458
	405	460
	408	463
	409	464
	410	465
net/minecraft/client/renderer/debug/GoalSelectorDebugRenderer	56	56
	34	35
	35	36
	39	40
	41	41
	43	43
	44	44
	45	45
	46	46
	47	47
	48	48
	49	49
	50	50
	51	51
	52	52
	22	23
	23	24
	56	56
	26	27
	27	28
	30	31
	31	32
net/minecraft/client/gui/screens/social/package-info	0	0
net/minecraft/client/renderer/entity/FoxRenderer	39	39
	32	33
	19	23
	36	36
	21	24
	37	37
	22	25
	39	39
	26	28
	28	29
	29	30
	30	31
net/minecraft/client/renderer/SectionOcclusionGraph	455	443
	59	58
	61	60
	62	61
	63	62
	64	63
	67	67
	68	68
	69	69
	70	70
	72	72
	74	74
	77	77
	78	78
	81	81
	82	82
	83	83
	86	86
	89	89
	93	93
	94	94
	95	95
	97	98
	99	99
	100	100
	102	102
	105	105
	106	106
	107	107
	109	110
	111	111
	112	112
	114	114
	117	117
	118	118
	119	119
	121	122
	122	123
	125	126
	126	127
	127	128
	128	129
	129	130
	130	131
	131	132
	132	133
	133	134
	134	135
	135	136
	136	137
	137	138
	140	141
	141	142
	142	143
	143	144
	144	146
	145	147
	146	148
	148	149
	149	150
	152	154
	153	155
	154	156
	155	157
	157	159
	158	160
	160	162
	163	165
	164	168
	165	169
	166	170
	167	171
	168	172
	171	176
	172	177
	175	180
	176	181
	177	182
	178	183
	179	184
	182	187
	183	188
	184	189
	185	190
	187	191
	189	192
	190	193
	191	194
	193	195
	194	196
	195	197
	196	198
	197	200
	198	201
	199	202
	200	204
	201	205
	202	206
	203	207
	204	208
	205	209
	206	210
	207	211
	209	214
	210	215
	211	216
	212	217
	214	220
	218	225
	219	226
	221	228
	223	230
	226	239
	227	240
	229	240
	230	240
	231	240
	233	241
	235	243
	236	244
	237	245
	239	246
	240	247
	243	250
	244	250
	245	251
	246	252
	248	254
	249	255
	251	256
	255	256
	259	257
	260	258
	261	259
	262	261
	263	262
	264	263
	265	264
	269	268
	274	273
	275	274
	276	275
	277	276
	278	277
	279	278
	281	280
	282	281
	283	282
	284	284
	285	285
	286	286
	287	287
	290	291
	291	292
	292	293
	293	294
	296	298
	301	303
	302	304
	304	305
	308	307
	309	308
	311	309
	312	310
	313	311
	315	312
	316	313
	317	316
	322	324
	325	327
	326	328
	328	329
	329	330
	331	331
	336	336
	338	337
	339	338
	341	340
	342	340
	346	340
	352	347
	360	362
	361	363
	369	354
	370	355
	379	373
	380	374
	381	375
	382	376
	389	433
	390	434
	393	437
	394	438
	398	442
	399	443
	400	443
	402	443
	416	390
	417	391
	418	392
	420	395
	421	396
	424	399
	425	400
	428	403
	432	407
	433	408
	437	412
	441	416
	446	420
	451	424
	452	424
	454	424
	455	424
net/minecraft/client/gui/components/AbstractWidget	333	327
	260	255
	261	256
	262	257
	268	262
	269	263
	270	264
	271	265
	273	267
	276	270
	280	274
	285	279
	286	280
	290	284
	295	289
	296	290
	299	293
	47	45
	303	297
	48	46
	49	47
	50	48
	51	49
	52	50
	308	302
	309	303
	56	54
	312	306
	313	307
	314	308
	61	59
	62	68
	318	312
	65	60
	66	65
	322	316
	323	317
	68	66
	324	318
	69	68
	72	71
	328	322
	73	72
	332	326
	77	76
	333	327
	81	80
	82	81
	85	84
	89	88
	95	94
	96	95
	99	98
	100	99
	101	100
	102	101
	103	102
	104	103
	105	104
	106	105
	107	106
	108	107
	109	108
	110	109
	112	111
	113	112
	115	114
	118	117
	119	118
	120	119
	121	120
	124	123
	127	126
	130	129
	134	133
	135	145
	137	134
	138	135
	139	136
	140	137
	141	138
	142	139
	145	143
	150	151
	151	152
	152	153
	154	155
	158	160
	163	165
	164	166
	165	167
	167	169
	171	174
	177	180
	178	181
	181	183
	182	183
	184	183
	189	189
	193	193
	194	194
	198	198
	202	202
	203	203
	206	206
	207	207
	210	210
	211	211
	214	214
	215	215
	218	218
	223	223
	227	227
	231	231
	236	236
	244	241
	245	242
	249	246
	250	247
	252	249
	253	249
	255	249
net/minecraft/client/model/geom/builders/CubeListBuilder	86	87
	67	68
	68	69
	72	73
	73	74
	77	78
	78	79
	82	83
	20	21
	21	22
	22	23
	86	87
	26	27
	30	31
	31	32
	35	36
	36	37
	37	38
	41	42
	42	43
	43	44
	47	48
	48	49
	52	53
	53	54
	57	58
	58	59
	62	63
	63	64
com/mojang/blaze3d/shaders/ProgramManager	47	50
	32	31
	35	33
	39	38
	40	39
	41	40
	42	41
	43	42
	44	43
	45	48
	15	16
	47	50
	16	17
	17	18
	20	21
	21	22
	22	23
	24	24
	25	25
	28	28
	29	29
	31	30
net/minecraft/client/renderer/entity/layers/EnergySwirlLayer	35	33
	16	19
	17	20
	33	30
	34	31
	35	33
	21	24
	22	33
	25	25
	26	26
	28	27
	29	28
	31	29
net/minecraft/client/gui/screens/InBedChatScreen	83	77
	64	59
	65	60
	66	61
	67	62
	69	57
	73	67
	74	68
	75	69
	78	72
	79	73
	81	75
	19	17
	83	77
	20	18
	24	22
	26	23
	27	26
	28	27
	32	31
	33	32
	34	36
	36	34
	37	36
	41	40
	42	41
	46	45
	47	45
	50	45
	56	50
	57	51
	59	54
	60	55
	63	56
com/mojang/realmsclient/dto/UploadInfo	116	103
	65	60
	67	63
	68	64
	69	65
	70	65
	72	65
	73	66
	74	67
	77	68
	81	73
	82	74
	84	76
	85	76
	87	76
	91	81
	92	81
	94	81
	33	29
	34	30
	35	31
	99	85
	36	32
	100	86
	101	87
	103	90
	41	37
	42	38
	43	39
	44	40
	108	95
	45	41
	46	42
	47	43
	48	44
	112	99
	49	45
	50	46
	116	103
	53	49
	54	50
	57	53
	63	59
net/minecraft/client/gui/components/ObjectSelectionList	79	74
	64	58
	66	60
	73	68
	78	73
	79	74
	17	20
	18	21
	23	26
	25	27
	28	28
	29	29
	30	30
	31	30
	33	30
	37	31
	38	32
	39	33
	40	34
	42	37
	43	37
	45	37
	47	39
	52	45
	53	46
	54	47
	55	48
	57	50
	58	51
	59	52
	60	53
	63	57
net/minecraft/client/renderer/entity/SlimeRenderer	42	39
	32	31
	34	32
	35	33
	36	34
	37	35
	38	36
	42	39
	16	19
	18	20
	19	21
	23	24
	24	25
	25	26
	30	29
	31	30
net/minecraft/client/gui/screens/options/controls/KeyBindsList	216	207
	131	122
	132	123
	134	124
	135	125
	136	126
	137	127
	138	130
	139	131
	141	132
	143	134
	145	135
	146	136
	147	137
	148	138
	149	139
	150	140
	154	144
	155	145
	156	146
	157	147
	159	148
	160	149
	161	150
	34	33
	35	33
	163	151
	36	33
	165	152
	38	34
	166	153
	167	154
	40	35
	168	155
	41	36
	42	37
	170	157
	44	39
	45	40
	174	161
	47	41
	48	42
	49	43
	179	166
	52	46
	53	47
	54	48
	55	49
	184	171
	57	52
	185	172
	186	173
	59	54
	187	174
	189	175
	62	57
	190	176
	63	58
	191	177
	64	59
	192	178
	193	179
	67	62
	195	182
	68	63
	196	183
	201	188
	202	189
	203	193
	205	195
	79	76
	80	77
	208	198
	81	78
	209	199
	211	207
	85	82
	86	83
	216	67
	91	88
	96	93
	101	98
	117	103
net/minecraft/client/gui/screens/multiplayer/JoinMultiplayerScreen	295	286
	257	250
	258	251
	259	252
	260	253
	261	254
	263	256
	266	259
	267	260
	270	263
	272	264
	273	265
	276	268
	277	269
	278	270
	280	271
	281	272
	282	273
	283	274
	284	275
	285	276
	288	279
	291	282
	295	286
	53	54
	54	55
	55	56
	59	60
	60	61
	62	63
	64	64
	65	65
	67	66
	69	69
	70	70
	71	71
	72	72
	75	75
	76	76
	79	79
	81	81
	82	83
	83	84
	84	85
	85	86
	86	87
	87	88
	88	89
	89	90
	91	91
	92	92
	93	93
	94	94
	96	95
	97	96
	99	97
	101	99
	102	100
	103	101
	104	102
	105	103
	106	104
	107	105
	108	106
	109	107
	110	108
	112	109
	115	112
	116	114
	117	116
	120	117
	121	118
	122	119
	123	120
	124	121
	126	122
	128	123
	129	124
	130	125
	131	126
	132	127
	134	128
	135	129
	137	130
	138	131
	142	135
	143	136
	147	140
	149	141
	150	142
	151	143
	154	146
	155	147
	159	151
	160	152
	161	153
	163	156
	164	157
	165	158
	168	161
	169	162
	172	165
	173	166
	174	167
	175	168
	176	169
	177	170
	179	173
	180	174
	183	177
	184	178
	185	179
	186	180
	187	181
	188	182
	189	183
	190	184
	192	187
	193	188
	196	191
	197	192
	198	193
	199	194
	200	195
	202	197
	203	198
	205	201
	206	202
	208	205
	209	206
	212	209
	213	210
	214	211
	215	212
	216	213
	217	214
	219	216
	222	219
	224	221
	228	225
	229	226
	232	227
	233	228
	234	229
	237	230
	238	231
	239	232
	240	233
	242	235
	245	238
	250	244
	251	245
	252	246
	255	249
net/minecraft/client/renderer/blockentity/HangingSignRenderer	180	158
	128	111
	129	112
	131	114
	132	116
	133	116
	134	117
	136	119
	137	121
	138	121
	139	122
	141	124
	142	124
	143	124
	147	125
	157	136
	158	137
	159	138
	160	139
	161	140
	162	141
	165	144
	166	145
	167	146
	168	147
	170	148
	171	149
	172	150
	173	151
	175	153
	179	157
	180	158
	53	46
	54	47
	55	50
	56	50
	58	53
	62	57
	67	62
	72	67
	73	68
	74	69
	75	70
	76	71
	77	72
	78	73
	82	77
	83	78
	84	79
	85	80
	89	84
	90	85
	91	86
	95	90
	100	95
	104	99
	105	100
	107	101
	108	101
	109	101
	112	102
	113	102
	114	102
	117	103
	118	103
	121	104
	122	106
	123	106
	124	107
	126	109
	127	111
net/minecraft/client/gui/components/PopupScreen	157	169
	129	141
	130	142
	134	146
	135	147
	139	151
	140	152
	144	156
	145	157
	149	161
	150	162
	154	166
	155	167
	157	169
	41	48
	42	49
	43	50
	44	51
	45	52
	46	53
	47	54
	48	55
	52	59
	53	60
	54	61
	58	65
	59	66
	60	67
	61	68
	62	69
	64	72
	65	73
	67	75
	68	77
	69	78
	72	81
	73	82
	74	83
	75	84
	76	86
	77	87
	79	90
	84	95
	85	96
	86	97
	87	98
	91	102
	92	103
	93	104
	95	105
	96	106
	97	107
	101	111
	106	116
	107	117
	109	120
	110	121
	124	136
	125	137
	126	138
com/mojang/realmsclient/gui/screens/RealmsResetWorldScreen	234	285
	128	145
	129	146
	130	147
	131	148
	133	150
	134	151
	136	152
	137	153
	138	154
	139	155
	140	160
	142	163
	143	168
	145	171
	146	176
	149	180
	151	181
	152	186
	154	190
	155	195
	157	199
	158	204
	161	208
	163	210
	164	212
	165	213
	169	217
	170	218
	174	222
	179	227
	180	228
	183	231
	184	232
	185	233
	187	235
	190	238
	191	239
	192	240
	194	242
	197	245
	198	246
	199	247
	201	250
	202	251
	204	254
	205	255
	206	256
	81	77
	82	78
	85	91
	86	92
	87	93
	88	94
	216	267
	89	95
	217	268
	90	96
	218	269
	91	97
	92	98
	93	99
	94	100
	222	273
	223	274
	224	275
	97	104
	226	278
	227	279
	228	280
	101	117
	229	281
	230	282
	232	283
	105	122
	233	284
	234	285
	110	128
	111	129
	112	130
	113	131
	115	132
	118	134
	120	137
	121	138
	122	139
	123	140
	124	141
	125	142
	126	143
	127	144
net/minecraft/client/resources/MapDecorationTextureManager	14	17
	10	13
	11	14
	14	17
net/minecraft/client/particle/HugeExplosionSeedParticle	30	34
	9	12
	10	13
	11	14
	15	18
	16	19
	17	20
	18	21
	19	22
	21	25
	22	26
	23	27
	25	29
	30	34
net/minecraft/client/renderer/entity/WolfRenderer	44	40
	32	30
	35	33
	37	34
	38	35
	40	37
	44	40
	16	18
	18	19
	19	20
	20	21
	24	24
	30	28
	31	29
net/minecraft/client/renderer/texture/package-info	0	0
net/minecraft/client/PeriodicNotificationManager	178	194
	128	147
	129	148
	130	149
	131	150
	132	151
	144	162
	145	163
	146	164
	147	165
	150	168
	152	169
	157	173
	158	174
	31	40
	32	41
	160	176
	33	42
	161	177
	34	43
	35	44
	36	46
	165	178
	166	179
	168	180
	169	183
	170	184
	172	186
	173	187
	175	190
	49	59
	50	60
	178	194
	51	61
	55	70
	56	86
	57	87
	58	88
	60	89
	65	94
	66	96
	67	97
	68	98
	69	99
	71	100
	72	101
	73	120
	76	102
	77	103
	78	104
	79	120
	82	106
	83	107
	85	108
	86	109
	89	112
	90	113
	92	115
	95	118
	96	120
	100	123
	101	124
	104	127
	105	128
	107	130
	110	133
	111	133
	112	134
	113	135
	115	136
	116	136
	120	140
	121	140
	122	140
	123	140
net/minecraft/client/gui/screens/options/FontOptionsScreen	22	23
	16	17
	17	18
	21	22
	22	23
	10	13
	11	13
net/minecraft/client/gui/navigation/ScreenRectangle	97	92
	65	63
	70	68
	71	69
	72	70
	9	12
	73	71
	10	13
	74	72
	75	72
	13	16
	77	72
	17	20
	81	76
	18	21
	19	22
	85	80
	24	27
	89	84
	28	31
	29	32
	93	88
	30	33
	97	92
	35	38
	36	39
	37	39
	39	39
	43	43
	45	44
	46	45
	47	46
	49	47
	53	51
	57	55
	58	56
	59	57
	60	58
	61	59
net/minecraft/client/gui/components/SplashRenderer	35	33
	32	31
	34	32
	35	33
	20	21
	21	22
	24	25
	25	26
	26	27
	28	28
	29	29
	30	30
net/minecraft/client/renderer/entity/UndeadHorseRenderer	25	30
	20	26
	21	27
	25	30
net/minecraft/client/player/AbstractClientPlayer	100	96
	67	64
	68	65
	72	69
	75	70
	76	71
	78	74
	80	75
	81	76
	84	79
	85	80
	86	81
	87	82
	88	83
	89	84
	90	85
	92	87
	94	90
	95	91
	32	31
	96	92
	33	32
	34	33
	100	96
	38	36
	39	37
	44	41
	45	42
	50	47
	51	48
	53	51
	58	55
	59	56
	60	57
	63	60
net/minecraft/client/gui/screens/advancements/AdvancementTab	200	205
	130	135
	132	136
	133	137
	135	139
	137	141
	140	144
	145	149
	146	150
	147	151
	149	153
	150	154
	151	158
	152	153
	154	155
	156	161
	160	166
	161	167
	163	170
	164	171
	166	173
	40	49
	41	50
	169	176
	42	51
	170	177
	43	52
	171	181
	44	53
	45	54
	46	55
	174	178
	47	56
	175	179
	48	57
	176	181
	49	58
	50	59
	179	184
	180	185
	53	62
	181	186
	182	187
	183	188
	184	189
	57	66
	185	190
	186	191
	187	192
	61	70
	189	194
	190	195
	192	197
	65	74
	196	201
	69	78
	200	205
	73	82
	74	83
	77	86
	78	87
	81	90
	82	91
	83	92
	84	93
	87	96
	88	97
	89	98
	91	99
	92	100
	93	101
	94	102
	95	103
	97	105
	98	106
	99	107
	103	111
	104	112
	105	113
	107	114
	108	115
	109	116
	112	119
	113	120
	115	121
	117	122
	118	123
	119	124
	120	125
	121	126
	122	127
	123	128
	124	129
	125	130
net/minecraft/client/KeyboardHandler	543	529
	513	496
	514	497
	516	499
	519	502
	520	503
	521	504
	522	505
	523	506
	524	507
	525	508
	527	511
	528	512
	529	513
	530	514
	531	515
	533	518
	534	519
	535	520
	537	522
	539	525
	540	526
	543	529
	61	62
	62	63
	70	66
	72	68
	73	69
	74	70
	76	72
	77	73
	78	74
	80	76
	81	77
	82	78
	84	80
	85	81
	87	84
	89	86
	90	87
	91	88
	93	90
	94	91
	95	92
	97	94
	102	99
	103	108
	106	111
	107	112
	110	115
	111	116
	114	119
	115	120
	118	123
	119	124
	122	127
	123	128
	143	130
	145	141
	146	142
	147	143
	149	145
	150	146
	151	147
	152	148
	154	174
	155	175
	157	178
	159	180
	160	181
	161	182
	163	184
	164	185
	165	186
	166	187
	168	189
	169	190
	171	193
	173	201
	174	202
	175	203
	176	204
	178	206
	180	212
	182	251
	183	252
	185	254
	187	257
	189	214
	190	215
	191	216
	192	217
	194	219
	195	220
	198	221
	199	222
	200	223
	201	224
	202	225
	203	226
	204	227
	205	228
	206	229
	207	230
	208	231
	209	232
	210	233
	211	234
	212	235
	213	236
	215	238
	216	239
	217	240
	219	241
	220	242
	222	243
	224	244
	225	245
	227	247
	228	248
	229	249
	231	195
	232	196
	234	199
	236	150
	237	151
	239	153
	240	154
	241	155
	243	158
	244	159
	245	171
	247	132
	248	133
	250	135
	251	136
	253	138
	254	139
	256	259
	261	265
	262	266
	263	309
	266	267
	268	269
	269	270
	270	271
	272	272
	273	273
	274	274
	275	275
	276	276
	277	277
	279	279
	280	280
	281	281
	282	282
	285	285
	286	286
	291	290
	292	291
	293	292
	294	293
	295	294
	296	295
	297	296
	298	297
	300	299
	301	300
	302	301
	305	304
	306	305
	313	309
	316	312
	317	313
	318	314
	320	317
	321	318
	322	319
	326	323
	327	324
	328	325
	329	326
	330	327
	331	328
	333	330
	335	333
	336	334
	339	337
	340	464
	345	338
	346	339
	347	340
	348	341
	350	343
	351	344
	352	345
	353	346
	354	347
	361	350
	363	351
	364	352
	365	364
	366	354
	370	368
	371	368
	372	369
	373	370
	374	371
	375	372
	376	375
	377	376
	380	382
	382	384
	387	388
	388	389
	389	390
	391	391
	392	392
	393	393
	394	394
	395	395
	396	396
	400	400
	408	404
	409	405
	410	406
	412	407
	413	408
	414	409
	415	410
	416	411
	418	413
	419	414
	420	415
	425	419
	427	420
	428	421
	430	422
	431	423
	432	424
	433	425
	434	426
	436	428
	439	464
	442	432
	443	433
	444	434
	445	434
	446	435
	450	438
	451	439
	452	440
	454	443
	456	444
	458	445
	459	446
	462	449
	463	449
	464	450
	469	454
	471	455
	472	456
	474	458
	475	459
	478	464
	481	467
	482	479
	484	468
	485	469
	486	479
	488	470
	489	471
	491	473
	492	474
	495	479
	498	483
	499	483
	500	483
	502	485
	505	488
	506	489
	507	490
	509	492
net/minecraft/client/sounds/AudioStream	0	0
net/minecraft/client/renderer/entity/BoatRenderer	112	96
	66	58
	68	59
	69	60
	70	61
	71	62
	72	63
	73	64
	75	67
	76	68
	79	71
	80	72
	82	73
	85	76
	86	77
	87	78
	90	79
	92	80
	93	81
	95	82
	32	35
	96	83
	33	36
	98	84
	35	37
	99	85
	36	38
	100	86
	37	38
	101	87
	38	38
	39	38
	40	38
	105	91
	43	39
	107	92
	108	93
	46	42
	47	43
	112	96
	49	44
	50	45
	53	47
	57	52
	58	53
	60	54
net/minecraft/client/renderer/entity/layers/WitchItemLayer	35	37
	33	35
	34	36
	35	37
	15	18
	16	19
	20	23
	22	24
	23	25
	24	26
	25	27
	26	28
	27	29
	28	30
	29	31
	30	32
net/minecraft/client/gui/screens/achievement/StatsScreen	489	371
	256	212
	260	216
	261	217
	265	221
	266	222
	268	224
	269	225
	270	226
	274	230
	275	231
	279	235
	280	237
	281	238
	283	240
	286	243
	291	248
	292	249
	295	252
	296	253
	297	254
	300	257
	301	258
	303	259
	304	260
	307	263
	308	264
	309	265
	311	267
	315	271
	320	276
	321	278
	322	279
	323	280
	324	281
	325	282
	328	286
	329	287
	330	288
	75	71
	331	289
	77	72
	333	291
	78	73
	79	74
	337	296
	83	78
	84	79
	85	80
	341	300
	342	301
	343	302
	88	83
	89	84
	345	304
	90	85
	346	305
	91	86
	347	305
	349	305
	94	89
	96	90
	97	91
	98	92
	354	311
	99	93
	355	338
	101	94
	102	95
	358	312
	103	96
	359	313
	360	314
	105	97
	361	315
	362	316
	107	98
	108	99
	110	102
	366	319
	111	103
	367	320
	369	322
	114	106
	370	323
	115	108
	371	325
	116	110
	372	326
	117	111
	373	327
	374	328
	375	329
	121	115
	122	116
	123	117
	379	333
	380	334
	125	119
	383	338
	129	123
	130	124
	386	341
	387	342
	388	343
	133	127
	389	344
	134	128
	390	345
	135	129
	136	130
	392	347
	137	131
	393	348
	138	132
	140	134
	396	351
	397	352
	144	138
	148	142
	149	143
	152	146
	153	147
	154	148
	155	149
	157	151
	161	160
	165	161
	166	162
	167	164
	168	165
	170	167
	174	171
	207	154
	476	358
	478	358
	480	360
	481	361
	482	364
	485	367
	489	371
	240	200
	244	201
	245	202
	246	203
	248	204
	250	205
	251	207
	252	208
	254	210
	255	211
net/minecraft/client/particle/NoRenderParticle	22	25
	18	21
	22	25
	9	12
	10	13
	13	16
	14	17
net/minecraft/client/model/ArmorStandModel	136	102
	131	97
	132	98
	133	99
	134	100
	135	101
	136	102
	30	31
	31	32
	32	33
	33	34
	34	35
	36	36
	37	37
	40	40
	41	41
	42	42
	43	43
	44	43
	45	43
	47	45
	48	45
	49	45
	52	46
	53	47
	54	47
	55	47
	57	49
	58	50
	59	50
	60	50
	62	52
	63	53
	64	53
	65	53
	67	55
	68	56
	69	56
	70	56
	72	58
	73	58
	74	58
	77	59
	78	59
	79	59
	82	60
	83	60
	84	60
	87	61
	88	62
	89	62
	90	62
	93	64
	98	68
	99	69
	100	70
	101	71
	105	75
	107	76
	108	77
	109	78
	111	79
	112	80
	113	81
	115	82
	116	83
	117	84
	119	85
	120	86
	121	87
	122	88
	126	92
net/minecraft/client/telemetry/TelemetryEventLog	38	38
	20	21
	36	36
	21	22
	37	37
	22	23
	38	38
	25	26
	27	28
	28	29
	29	30
	31	32
net/minecraft/client/multiplayer/resolver/ServerAddressResolver	22	22
	17	18
	18	19
	19	20
	20	21
	22	22
net/minecraft/client/gui/screens/inventory/SignEditScreen	65	59
	32	32
	33	33
	65	59
	37	37
	39	38
	40	39
	41	40
	43	42
	47	46
	48	55
	51	47
	53	48
	54	49
	56	50
	25	26
	57	51
	26	27
	59	52
	60	53
	61	55
	30	31
net/minecraft/client/gui/components/AbstractStringWidget	30	33
	18	21
	21	24
	22	25
	26	29
	12	15
	13	16
	14	17
	30	33
net/minecraft/client/resources/server/DownloadedPackSource	452	427
	256	241
	257	242
	258	243
	260	244
	264	244
	267	245
	269	246
	270	247
	271	248
	272	249
	273	250
	275	253
	278	256
	283	260
	287	264
	288	264
	290	264
	294	268
	295	269
	296	270
	297	271
	299	272
	300	273
	302	274
	303	275
	304	276
	305	277
	309	281
	310	282
	311	283
	314	286
	315	287
	316	288
	317	289
	318	290
	319	291
	65	71
	321	294
	66	72
	323	296
	70	76
	326	299
	71	77
	327	300
	328	301
	329	302
	332	304
	335	307
	336	308
	337	309
	340	311
	344	315
	345	315
	347	315
	351	319
	96	90
	352	320
	353	321
	98	93
	99	94
	100	95
	356	324
	357	325
	103	98
	104	99
	360	328
	105	99
	361	329
	364	332
	365	333
	110	102
	111	103
	368	336
	115	107
	371	339
	116	108
	372	341
	373	342
	118	109
	374	343
	119	109
	376	345
	377	346
	122	110
	125	113
	381	350
	382	352
	383	353
	384	354
	385	355
	386	356
	387	357
	389	359
	390	360
	136	123
	137	124
	395	365
	140	127
	396	366
	141	128
	397	367
	398	369
	143	130
	399	372
	400	375
	145	133
	146	134
	402	377
	405	380
	150	137
	406	381
	151	138
	407	382
	152	139
	408	383
	153	140
	154	141
	411	386
	412	387
	158	144
	159	145
	415	390
	160	146
	416	391
	161	147
	419	394
	420	395
	165	150
	421	396
	166	151
	167	152
	424	399
	425	400
	171	155
	172	156
	173	157
	429	404
	430	405
	175	159
	431	406
	432	407
	178	162
	434	409
	179	163
	180	164
	181	165
	437	413
	182	166
	438	414
	184	168
	440	416
	187	171
	444	420
	445	421
	446	422
	447	423
	192	176
	451	426
	452	427
	198	181
	199	182
	200	184
	201	186
	202	188
	203	190
	204	192
	205	194
	210	200
	214	201
	216	201
	219	204
	220	205
	225	210
	231	215
	232	216
	233	217
	234	218
	236	220
	239	223
	240	224
	241	225
	243	228
	244	229
	249	234
	254	239
net/minecraft/client/renderer/entity/layers/StuckInBodyLayer	51	48
	32	30
	33	31
	34	32
	35	33
	36	34
	37	35
	38	36
	39	37
	40	38
	41	39
	42	40
	43	41
	44	42
	45	43
	15	18
	47	44
	16	19
	49	45
	51	48
	24	26
	25	27
	27	28
	28	48
	31	29
net/minecraft/client/renderer/blockentity/BeaconRenderer	127	136
	23	25
	27	28
	29	29
	30	30
	31	32
	32	33
	33	34
	34	35
	36	37
	39	40
	40	41
	43	46
	45	47
	46	48
	48	49
	50	50
	51	51
	53	52
	55	53
	57	54
	58	65
	59	65
	60	55
	62	56
	63	57
	64	58
	65	59
	67	60
	68	61
	69	62
	70	63
	72	65
	74	67
	76	68
	77	69
	78	77
	79	70
	81	71
	82	77
	83	77
	84	77
	86	72
	87	73
	88	74
	89	75
	91	77
	93	79
	94	80
	97	101
	98	102
	99	103
	100	104
	101	105
	102	106
	105	111
	106	112
	107	113
	108	114
	109	115
	112	118
	113	124
	117	127
	122	132
	127	136
net/minecraft/client/model/ShulkerModel	85	76
	65	56
	66	57
	68	59
	71	62
	72	63
	73	64
	77	68
	81	72
	85	76
	24	25
	25	26
	26	27
	27	28
	28	29
	31	32
	32	33
	34	34
	35	35
	36	35
	37	35
	39	37
	40	38
	41	38
	42	38
	44	40
	45	41
	46	41
	47	41
	50	43
	55	47
	56	48
	57	49
	58	50
	59	51
	60	52
	62	55
net/minecraft/client/gui/components/ChatComponent	538	505
	512	478
	517	482
	518	483
	520	484
	521	485
	523	486
	524	487
	526	488
	527	489
	535	502
	536	503
	537	504
	538	505
	52	49
	53	50
	54	51
	57	54
	58	55
	60	57
	63	60
	64	146
	67	61
	68	62
	70	63
	71	146
	74	64
	76	65
	77	66
	79	67
	80	68
	81	69
	82	70
	84	71
	86	72
	88	73
	89	74
	91	75
	92	76
	93	77
	95	78
	96	80
	97	81
	98	82
	99	83
	102	84
	104	85
	105	86
	106	87
	107	88
	109	89
	111	90
	112	91
	113	92
	114	93
	116	94
	118	95
	119	96
	120	97
	121	98
	123	99
	124	100
	125	101
	126	102
	130	106
	131	107
	132	108
	133	109
	138	115
	139	116
	140	117
	141	118
	142	119
	143	120
	144	121
	146	122
	147	123
	148	124
	151	127
	152	128
	154	129
	155	130
	156	131
	157	132
	159	133
	160	134
	161	135
	163	136
	164	137
	165	138
	169	142
	171	143
	172	146
	175	149
	176	150
	177	151
	180	154
	184	158
	188	162
	189	163
	190	164
	191	165
	192	166
	193	166
	197	170
	198	171
	199	172
	200	173
	201	174
	202	175
	203	176
	205	178
	208	181
	209	182
	212	185
	213	186
	214	187
	215	188
	216	189
	219	192
	220	193
	221	194
	222	195
	224	197
	226	199
	229	202
	231	203
	232	204
	233	205
	236	208
	238	209
	239	211
	240	212
	241	213
	242	214
	243	215
	246	218
	247	219
	250	222
	251	223
	253	225
	256	228
	258	230
	259	231
	261	233
	264	236
	265	237
	266	239
	267	239
	269	239
	271	241
	274	244
	275	245
	276	246
	278	248
	282	252
	284	253
	285	256
	286	257
	287	258
	288	259
	289	260
	290	261
	291	262
	293	265
	298	269
	302	273
	306	277
	307	278
	308	279
	311	282
	312	284
	313	285
	315	287
	318	290
	322	294
	323	295
	324	296
	326	299
	328	302
	329	303
	331	305
	334	308
	335	309
	336	310
	339	313
	340	314
	342	315
	343	316
	346	319
	347	320
	348	321
	350	323
	353	326
	354	341
	357	327
	358	328
	359	329
	362	331
	363	332
	365	333
	366	334
	367	335
	370	337
	375	347
	376	348
	378	349
	379	350
	380	351
	381	352
	384	354
	389	360
	390	361
	392	362
	393	363
	394	364
	395	365
	396	366
	397	367
	401	371
	405	375
	406	376
	409	378
	410	379
	411	382
	412	383
	413	384
	416	380
	420	390
	424	394
	425	395
	429	399
	430	400
	431	401
	433	403
	434	404
	435	405
	437	408
	439	411
	443	416
	444	431
	447	417
	448	428
	451	418
	453	419
	454	420
	455	421
	456	422
	460	426
	464	436
	468	440
	472	444
	476	448
	480	452
	481	453
	482	454
	486	458
	487	459
	488	460
	492	464
	493	465
	494	466
	498	470
	502	474
	509	478
	510	478
	511	478
com/mojang/blaze3d/pipeline/package-info	0	0
com/mojang/realmsclient/gui/screens/RealmsSelectFileToUploadScreen	197	205
	131	196
	136	200
	138	201
	139	202
	140	205
	151	134
	152	135
	153	136
	154	139
	155	140
	159	144
	160	145
	164	149
	165	150
	170	155
	171	156
	173	158
	176	161
	177	162
	178	163
	51	46
	179	164
	52	47
	53	48
	54	49
	55	50
	183	168
	56	51
	184	170
	185	171
	186	172
	60	54
	188	175
	61	55
	62	57
	63	58
	65	60
	193	119
	66	61
	68	63
	197	123
	72	67
	74	70
	75	71
	76	72
	77	73
	78	74
	81	78
	82	80
	84	81
	85	82
	87	84
	88	85
	89	86
	91	88
	95	92
	99	96
	100	97
	101	98
	103	100
	107	104
	108	105
	109	106
	113	110
	114	111
	115	112
	117	114
	122	183
	123	188
	126	191
	127	192
net/minecraft/client/resources/IndexedAssetSource	51	69
	32	37
	33	38
	34	39
	35	40
	37	41
	38	42
	39	43
	40	44
	42	45
	45	63
	46	64
	47	65
	48	66
	51	69
	25	28
	27	29
	29	30
	30	48
	31	36
net/minecraft/client/model/HeadedModel	0	0
net/minecraft/client/gui/components/AbstractScrollWidget	178	179
	131	133
	135	137
	136	138
	139	141
	143	145
	147	149
	148	150
	22	24
	23	25
	151	153
	152	154
	153	155
	27	29
	28	30
	156	158
	157	159
	158	160
	31	32
	32	33
	160	161
	161	162
	34	38
	162	163
	35	39
	163	164
	36	40
	166	167
	39	42
	170	171
	44	49
	45	50
	174	175
	47	53
	178	179
	52	58
	53	71
	56	59
	57	60
	58	61
	59	62
	61	64
	62	65
	63	66
	65	69
	70	77
	71	78
	74	80
	75	81
	80	87
	81	88
	82	89
	83	90
	84	91
	85	92
	86	93
	89	97
	94	102
	95	112
	98	103
	100	104
	102	105
	103	106
	104	107
	105	108
	107	109
	109	110
	110	112
	113	115
	117	119
	118	120
	120	122
	123	125
	127	129
net/minecraft/client/renderer/entity/CodRenderer	34	33
	16	19
	32	31
	34	33
	20	22
	25	26
	27	27
	28	28
	30	29
	15	18
	31	30
net/minecraft/client/model/BreezeModel	124	147
	33	32
	34	33
	35	34
	36	35
	37	36
	38	37
	39	38
	40	39
	41	40
	42	41
	46	44
	47	45
	49	46
	51	47
	52	48
	53	50
	54	53
	55	55
	56	58
	57	60
	59	63
	60	66
	61	68
	63	72
	64	75
	65	77
	67	81
	68	82
	69	84
	70	87
	71	90
	72	92
	73	94
	74	98
	75	101
	76	103
	77	105
	79	109
	84	113
	86	114
	88	115
	89	116
	91	117
	92	118
	94	119
	95	120
	97	121
	98	122
	100	123
	101	124
	102	125
	103	126
	104	127
	108	131
	112	135
	116	139
	120	143
	124	147
net/minecraft/client/color/block/BlockTintCache	165	173
	128	74
	130	76
	131	78
	135	81
	136	82
	138	85
	139	86
	140	87
	143	90
	144	93
	146	93
	149	97
	150	98
	151	116
	153	99
	26	127
	155	100
	156	101
	28	130
	157	102
	29	131
	158	103
	30	132
	161	107
	33	135
	162	108
	34	138
	36	138
	165	113
	39	142
	41	144
	46	151
	47	152
	48	153
	52	157
	56	161
	57	162
	62	173
	79	25
	80	26
	83	29
	84	30
	86	31
	87	32
	88	33
	89	34
	90	35
	92	38
	94	39
	95	40
	96	41
	97	42
	98	43
	99	44
	101	46
	102	47
	103	48
	108	54
	110	56
	111	57
	112	58
	113	59
	114	60
	115	61
	120	66
	121	68
	126	72
	127	73
com/mojang/blaze3d/platform/package-info	0	0
com/mojang/realmsclient/util/task/LongRunningTask	69	67
	65	63
	34	36
	35	37
	36	38
	68	66
	37	38
	69	67
	41	39
	44	42
	45	43
	47	45
	49	47
	20	23
	52	50
	21	24
	53	51
	22	25
	23	26
	25	28
	58	56
	29	31
	30	32
	62	60
	31	33
net/minecraft/client/gui/screens/reporting/ChatSelectionScreen	230	215
	133	118
	134	119
	138	123
	139	124
	140	125
	141	126
	143	128
	147	132
	148	133
	149	134
	150	136
	151	138
	152	139
	153	140
	156	144
	157	146
	159	147
	160	148
	161	149
	163	152
	164	153
	168	157
	169	158
	170	159
	171	160
	172	161
	176	165
	180	169
	57	49
	185	174
	58	50
	186	175
	59	51
	187	176
	60	52
	188	177
	61	53
	189	178
	62	54
	192	181
	193	182
	66	58
	68	59
	196	185
	69	60
	197	186
	198	187
	71	61
	199	188
	72	61
	200	189
	73	61
	202	191
	75	62
	76	63
	77	64
	78	65
	79	66
	208	197
	81	67
	82	68
	83	69
	213	201
	86	72
	214	202
	215	203
	216	204
	90	76
	218	206
	91	77
	92	78
	222	210
	95	81
	223	211
	96	82
	224	211
	226	211
	99	85
	100	86
	230	215
	104	90
	106	91
	108	92
	109	93
	110	94
	112	95
	113	96
	115	97
	116	98
	120	102
	121	103
	125	107
net/minecraft/client/gui/screens/recipebook/RecipeButton	166	155
	128	121
	129	122
	133	126
	135	127
	136	128
	137	129
	140	132
	145	137
	147	138
	148	139
	149	140
	150	141
	151	141
	154	144
	157	146
	161	150
	166	155
	41	40
	42	41
	45	44
	46	45
	47	46
	49	47
	50	49
	51	50
	52	51
	53	52
	54	53
	57	56
	60	59
	65	64
	66	65
	70	69
	71	70
	72	71
	74	73
	77	75
	78	76
	80	78
	84	81
	85	82
	86	83
	88	84
	89	85
	90	86
	91	87
	93	88
	96	91
	98	92
	99	93
	101	94
	102	95
	103	96
	104	97
	105	98
	108	101
	110	102
	111	103
	113	105
	116	108
	117	109
	118	110
	120	113
	124	117
com/mojang/realmsclient/util/task/ConnectTask	43	44
	32	33
	33	34
	34	35
	38	39
	39	40
	43	44
	19	21
	20	22
	21	23
	22	24
	26	27
	27	28
	31	32
net/minecraft/client/gui/screens/inventory/tooltip/ClientTooltipPositioner	0	0
net/minecraft/client/multiplayer/ClientHandshakePacketListenerImpl	267	261
	128	131
	129	132
	130	133
	258	259
	131	138
	259	260
	260	261
	133	134
	134	135
	137	141
	265	244
	138	142
	266	245
	267	246
	140	144
	142	146
	145	149
	146	150
	147	151
	152	156
	153	158
	154	159
	155	160
	156	161
	157	162
	158	163
	159	164
	160	165
	161	166
	162	167
	165	157
	169	172
	174	176
	176	177
	178	179
	183	186
	184	187
	191	194
	192	195
	197	200
	198	201
	199	202
	200	203
	201	204
	205	207
	206	208
	207	209
	81	88
	209	211
	82	89
	83	90
	211	213
	84	91
	85	92
	86	93
	87	94
	215	216
	88	95
	89	96
	90	97
	220	220
	93	100
	221	221
	94	101
	95	102
	97	104
	225	224
	99	107
	227	225
	100	108
	229	227
	104	111
	233	230
	234	231
	235	232
	238	235
	239	236
	112	118
	113	119
	115	120
	243	239
	244	241
	117	121
	118	122
	120	123
	121	124
	122	125
	123	126
	126	129
	127	130
net/minecraft/client/multiplayer/resolver/ServerAddress	96	85
	65	61
	70	66
	71	67
	74	68
	79	73
	18	17
	19	18
	84	77
	85	78
	22	21
	23	22
	87	80
	88	80
	27	26
	91	80
	28	27
	29	28
	96	85
	34	33
	38	37
	39	38
	43	41
	44	42
	45	42
	47	42
	49	43
	50	44
	51	45
	57	52
	58	53
	59	54
	60	55
	61	56
	63	58
net/minecraft/client/sounds/MusicManager	75	72
	64	64
	65	65
	67	68
	68	69
	71	72
	72	72
	75	72
	23	24
	24	25
	27	28
	29	29
	30	30
	31	31
	32	32
	35	35
	36	36
	37	37
	41	41
	43	42
	44	43
	46	45
	49	48
	50	49
	51	50
	53	53
	54	54
	57	57
	58	58
	60	60
	63	63
net/minecraft/client/renderer/entity/SnifferRenderer	18	19
	18	19
	13	15
	14	16
net/minecraft/client/gui/screens/reporting/ReportPlayerScreen	80	94
	65	78
	67	80
	68	82
	69	83
	73	87
	74	88
	75	89
	79	93
	80	94
	33	33
	34	34
	35	35
	36	36
	37	37
	41	41
	46	46
	47	47
	49	48
	51	51
	52	53
	53	54
	54	55
	55	56
	56	57
	57	58
	60	65
	61	73
	63	77
net/minecraft/client/color/item/ItemColors	94	116
	64	71
	66	71
	69	78
	70	79
	73	82
	74	84
	75	85
	77	99
	79	101
	81	104
	85	108
	87	109
	91	113
	92	114
	30	32
	94	116
	32	34
	33	41
	34	42
	35	43
	36	44
	37	45
	40	47
	41	48
	42	49
	43	50
	44	51
	45	52
	46	53
	49	55
	50	56
	51	57
	52	59
	53	60
	54	61
	55	62
	56	63
	59	66
	62	70
	63	71
net/minecraft/client/renderer/blockentity/TrialSpawnerRenderer	31	34
	16	19
	17	20
	21	23
	22	24
	23	34
	25	25
	26	26
	27	27
	28	28
	29	30
	31	34
net/minecraft/client/gui/screens/inventory/GrindstoneScreen	32	34
	32	34
	19	22
	20	23
	21	24
	25	28
	26	29
	27	30
	29	31
	14	17
	30	32
	15	18
net/minecraft/client/ResourceLoadStateTracker	108	110
	64	68
	66	69
	67	70
	68	71
	69	72
	71	74
	84	99
	85	100
	86	101
	24	24
	25	25
	89	104
	26	26
	90	105
	91	106
	28	29
	29	32
	93	107
	94	108
	32	35
	96	110
	33	36
	34	37
	37	40
	38	41
	41	44
	42	45
	107	86
	44	47
	108	87
	46	49
	49	52
	50	53
	51	54
	52	55
	54	57
	60	64
	61	65
com/mojang/blaze3d/vertex/DefaultVertexFormat	0	0
com/mojang/realmsclient/dto/RealmsServerPlayerLists	96	87
	64	58
	65	59
	69	63
	70	64
	72	66
	73	67
	74	68
	75	69
	77	71
	78	72
	79	73
	81	75
	82	76
	88	82
	92	86
	93	87
	94	87
	31	30
	32	31
	96	87
	35	34
	37	35
	38	36
	40	36
	42	37
	43	38
	45	40
	46	41
	48	42
	49	43
	51	45
	54	48
	57	51
	60	54
	61	55
net/minecraft/client/particle/SplashParticle	28	31
	21	25
	22	26
	8	11
	9	12
	10	13
	26	29
	11	14
	27	30
	12	15
	28	31
	13	16
	15	18
net/minecraft/client/model/HumanoidArmorModel	30	32
	14	16
	15	17
	18	20
	19	21
	20	22
	21	24
	22	24
	23	25
	25	27
	26	29
	27	29
	28	30
	30	32
net/minecraft/client/gui/components/CommonButtons	19	19
	16	19
	17	19
	18	19
	19	19
	8	11
	9	12
	10	13
	11	14
	15	18
net/minecraft/client/particle/ReversePortalParticle	49	48
	33	31
	34	32
	35	33
	36	35
	8	11
	10	12
	42	42
	11	13
	43	43
	12	14
	47	46
	16	18
	48	47
	17	19
	49	48
	22	24
	23	25
	24	26
	26	27
	27	28
	28	35
	31	30
net/minecraft/client/gui/screens/inventory/AnvilScreen	144	139
	128	123
	132	127
	133	128
	135	130
	139	134
	140	135
	141	136
	142	137
	144	139
	28	30
	29	31
	30	32
	31	33
	35	37
	36	38
	38	39
	39	40
	40	41
	41	42
	42	43
	43	44
	44	45
	45	46
	46	47
	47	48
	48	49
	52	53
	53	54
	57	58
	58	59
	59	60
	60	61
	64	65
	65	66
	68	69
	69	69
	71	69
	75	73
	76	74
	77	84
	80	75
	81	76
	82	77
	85	80
	86	81
	88	84
	92	88
	94	89
	95	90
	96	91
	98	93
	99	94
	100	95
	101	96
	102	97
	104	99
	105	100
	106	101
	110	105
	111	106
	112	107
	113	108
	114	109
	117	112
	121	116
	122	117
	123	118
	127	122
net/minecraft/client/gui/screens/advancements/AdvancementWidget	286	286
	258	257
	259	258
	262	261
	263	268
	265	262
	266	263
	267	264
	268	265
	269	266
	273	273
	274	274
	275	275
	276	276
	279	279
	282	282
	286	286
	55	56
	56	57
	57	58
	58	59
	59	60
	60	61
	61	62
	63	63
	64	64
	65	65
	66	70
	67	71
	69	74
	70	75
	73	78
	74	79
	75	80
	77	82
	78	83
	79	84
	83	89
	87	93
	89	94
	90	95
	92	97
	93	98
	94	99
	95	100
	96	101
	98	104
	99	105
	100	106
	104	110
	110	116
	111	117
	112	119
	113	119
	115	119
	119	123
	120	124
	121	125
	122	126
	123	127
	124	128
	125	129
	126	130
	127	131
	128	132
	129	133
	130	134
	131	135
	132	136
	133	137
	134	138
	136	140
	137	141
	138	142
	142	146
	143	147
	145	149
	148	152
	149	153
	152	155
	153	156
	155	158
	158	161
	159	162
	162	165
	163	166
	165	168
	168	171
	172	175
	173	176
	176	179
	177	180
	180	183
	181	184
	182	185
	183	186
	184	187
	188	188
	190	192
	191	193
	192	194
	193	195
	194	196
	195	197
	196	198
	197	199
	198	200
	199	201
	200	202
	201	203
	202	204
	203	205
	204	206
	206	208
	207	209
	208	210
	210	213
	212	214
	214	215
	216	217
	217	218
	219	220
	222	223
	223	224
	224	225
	225	226
	227	228
	231	232
	232	233
	234	234
	236	235
	237	236
	238	237
	239	238
	242	241
	243	242
	244	243
	248	247
	249	248
	250	249
	253	252
	254	253
net/minecraft/client/renderer/entity/layers/ItemInHandLayer	67	63
	64	60
	66	61
	67	63
	19	22
	20	23
	21	24
	25	27
	27	28
	28	29
	30	30
	31	42
	34	31
	36	32
	37	33
	38	34
	39	35
	42	38
	43	39
	45	40
	46	42
	49	53
	50	63
	53	54
	54	55
	57	56
	58	57
	61	58
	62	59
net/minecraft/client/renderer/block/model/ItemOverride	75	77
	32	35
	66	68
	67	69
	68	70
	38	41
	71	73
	40	42
	41	43
	43	44
	75	77
	47	48
	49	49
	50	51
	51	52
	52	52
	53	52
	23	26
	24	27
	25	28
	57	57
	28	31
net/minecraft/client/gui/components/toasts/AdvancementToast	63	64
	22	24
	23	25
	27	29
	28	30
	30	31
	31	32
	32	33
	34	34
	35	35
	36	36
	38	38
	39	39
	40	40
	41	41
	42	42
	44	44
	45	45
	46	47
	47	48
	48	49
	53	54
	54	55
	55	56
	56	57
	60	61
	61	62
	63	64
net/minecraft/client/particle/ParticleProvider	0	0
net/minecraft/client/model/LlamaModel	118	119
	29	30
	30	31
	31	32
	32	33
	33	34
	34	35
	35	36
	36	37
	37	38
	40	41
	41	42
	43	43
	44	45
	45	46
	46	48
	47	50
	48	52
	49	54
	51	56
	52	58
	53	58
	54	59
	56	61
	57	63
	58	63
	59	64
	61	66
	62	68
	63	68
	64	69
	66	71
	67	72
	68	73
	69	73
	70	74
	71	75
	72	76
	73	77
	75	78
	80	82
	81	83
	83	84
	84	85
	85	86
	86	87
	87	88
	88	89
	89	90
	90	91
	94	95
	95	96
	96	97
	97	98
	98	99
	99	100
	100	101
	102	102
	103	103
	104	104
	105	105
	106	106
	107	107
	109	108
	110	109
	111	110
	112	111
	113	113
	114	114
	116	117
	118	119
net/minecraft/client/gui/components/Whence	0	0
net/minecraft/client/renderer/entity/CaveSpiderRenderer	24	25
	19	21
	20	22
	24	25
	13	16
	14	17
	15	18
net/minecraft/client/gui/screens/ErrorScreen	38	41
	33	36
	34	37
	38	41
	12	15
	13	16
	14	17
	18	21
	20	23
	21	25
	25	29
	27	30
	28	31
	29	32
net/minecraft/client/resources/sounds/UnderwaterAmbientSoundInstances	62	62
	14	17
	16	18
	17	19
	18	20
	19	21
	20	22
	21	23
	25	27
	26	28
	28	30
	38	40
	40	41
	41	42
	42	43
	43	44
	44	45
	45	46
	49	50
	50	60
	51	62
	54	51
	55	52
	57	54
	60	57
	61	58
	62	62
net/minecraft/client/PrioritizeChunkUpdates	35	34
	35	34
	20	21
	21	22
	22	23
	26	26
	31	30
net/minecraft/client/resources/sounds/AbstractSoundInstance	113	116
	68	72
	73	77
	78	82
	83	87
	88	92
	26	29
	27	30
	93	97
	30	33
	31	34
	32	35
	33	36
	98	102
	37	40
	103	107
	42	45
	43	46
	44	47
	108	112
	46	49
	47	50
	48	51
	113	116
	50	53
	53	56
	58	62
	63	67
net/minecraft/client/renderer/entity/layers/CreeperPowerLayer	33	35
	17	19
	33	35
	18	20
	19	21
	23	25
	28	30
com/mojang/blaze3d/FieldsAreNonnullByDefault	0	0
net/minecraft/client/renderer/debug/BreezeDebugRenderer	95	93
	64	57
	65	59
	66	61
	67	63
	68	65
	71	68
	72	69
	73	70
	74	71
	77	74
	78	75
	80	78
	81	79
	84	82
	85	83
	86	84
	87	85
	90	88
	91	89
	94	92
	95	93
	37	34
	38	35
	41	38
	43	40
	44	41
	46	43
	49	44
	50	45
	51	46
	52	47
	53	48
	55	49
	56	50
	57	51
	58	52
	59	53
	62	54
	63	55
net/minecraft/client/gui/screens/Overlay	7	10
	7	10
net/minecraft/client/renderer/entity/BoggedRenderer	21	22
	16	18
	17	19
	21	22
	14	17
net/minecraft/client/model/GoatModel	69	73
	65	69
	66	70
	67	71
	69	73
	14	16
	15	17
	18	20
	19	21
	21	22
	22	24
	23	25
	24	27
	25	30
	26	32
	28	34
	29	35
	30	35
	31	35
	33	37
	34	38
	35	38
	36	38
	38	40
	39	42
	40	42
	41	43
	43	45
	44	47
	45	47
	46	47
	47	48
	50	50
	51	53
	52	56
	53	59
	55	62
	60	66
	61	67
	63	68
net/minecraft/client/renderer/texture/MipmapGenerator	133	139
	129	135
	133	139
	8	18
	12	12
	13	13
	15	15
	18	21
	19	22
	21	24
	22	25
	24	26
	26	28
	27	29
	28	30
	30	32
	31	33
	33	34
	34	35
	36	37
	37	38
	38	42
	39	43
	40	44
	41	45
	42	46
	48	53
	52	57
	56	62
	57	63
	58	64
	59	65
	63	70
	67	74
	68	75
	69	76
	70	77
	71	78
	73	79
	74	80
	75	81
	76	82
	77	83
	79	86
	80	87
	81	88
	82	89
	83	90
	85	93
	86	94
	87	95
	88	96
	89	97
	91	100
	92	101
	93	102
	94	103
	95	104
	98	107
	99	108
	100	109
	101	110
	103	111
	104	112
	105	113
	106	114
	108	115
	109	116
	111	119
	113	121
	114	122
	115	123
	116	124
	118	125
	123	130
	124	131
	125	132
	126	133
	127	134
net/minecraft/client/model/HoglinModel	146	123
	128	108
	129	109
	130	110
	132	111
	134	112
	137	114
	138	115
	141	118
	142	119
	143	120
	144	121
	145	122
	146	123
	32	32
	33	33
	34	34
	35	35
	36	36
	37	37
	38	38
	39	39
	40	40
	41	41
	42	42
	45	45
	46	46
	48	47
	49	48
	50	48
	51	48
	52	50
	53	52
	54	52
	55	53
	57	55
	58	57
	59	57
	60	58
	62	60
	63	62
	64	62
	65	63
	67	65
	68	67
	69	67
	70	68
	72	70
	73	71
	74	71
	75	71
	77	73
	78	74
	79	74
	80	74
	83	76
	84	77
	85	78
	86	79
	87	79
	88	79
	90	81
	91	82
	92	82
	93	82
	95	84
	96	85
	97	85
	98	85
	100	87
	101	88
	102	88
	103	88
	106	90
	111	95
	116	100
	121	104
	122	105
	123	106
	125	107
net/minecraft/client/particle/SnowflakeParticle	50	50
	32	33
	34	34
	35	35
	36	36
	37	37
	10	13
	11	14
	43	44
	12	15
	44	45
	13	16
	14	17
	15	18
	16	19
	48	48
	49	49
	18	20
	50	50
	20	21
	21	22
	22	23
	26	27
	31	32
net/minecraft/client/model/SnowGolemModel	87	73
	64	54
	65	55
	66	56
	68	57
	69	58
	71	59
	72	60
	74	61
	75	62
	77	63
	78	64
	79	65
	83	69
	87	73
	24	25
	25	26
	26	27
	27	28
	28	29
	29	30
	32	33
	33	34
	34	35
	36	36
	38	37
	39	38
	40	38
	41	38
	43	40
	44	40
	45	41
	46	42
	48	43
	49	44
	50	44
	51	44
	53	46
	54	47
	55	47
	56	47
	59	49
net/minecraft/client/renderer/entity/layers/HorseArmorLayer	47	47
	32	47
	35	34
	36	35
	37	36
	40	38
	41	39
	43	41
	45	44
	46	45
	47	47
	24	27
	25	28
	26	29
	30	32
	31	33
net/minecraft/client/renderer/ScreenEffectRenderer	179	159
	30	32
	31	33
	32	34
	33	35
	34	36
	38	40
	39	41
	40	42
	43	45
	44	46
	47	49
	51	53
	52	55
	53	56
	54	57
	55	58
	57	59
	58	60
	59	61
	60	62
	63	66
	67	70
	68	71
	70	72
	72	73
	73	74
	74	75
	75	76
	76	77
	78	78
	79	79
	80	80
	81	81
	83	82
	85	83
	86	84
	87	85
	88	86
	89	87
	90	88
	91	89
	94	92
	96	93
	99	94
	100	95
	102	96
	103	97
	105	98
	107	99
	108	100
	109	101
	110	102
	111	103
	113	104
	114	105
	116	106
	118	107
	119	108
	120	109
	121	110
	122	111
	123	112
	125	113
	126	114
	127	115
	130	118
	132	119
	133	120
	134	121
	136	122
	137	123
	139	124
	140	125
	141	126
	143	127
	144	128
	145	129
	147	130
	149	131
	150	132
	151	133
	152	134
	154	135
	155	137
	156	138
	158	139
	159	140
	160	141
	161	142
	162	143
	163	144
	164	145
	166	146
	168	147
	169	148
	170	149
	171	150
	172	151
	173	152
	174	153
	176	156
	177	157
	178	158
	179	159
com/mojang/realmsclient/gui/RealmsDataFetcher	51	58
	35	34
	36	37
	37	38
	38	39
	40	40
	41	42
	42	45
	43	47
	44	49
	45	50
	46	51
	47	52
	48	55
	51	58
net/minecraft/client/gui/screens/MenuScreens	114	113
	70	60
	71	61
	72	62
	74	64
	77	80
	78	81
	79	82
	80	83
	81	84
	82	85
	84	86
	85	87
	87	88
	88	89
	89	90
	90	91
	91	92
	92	93
	93	94
	94	95
	95	96
	96	97
	97	98
	98	99
	99	100
	100	101
	101	102
	102	103
	103	104
	104	105
	41	44
	42	45
	107	67
	44	46
	108	69
	45	50
	109	70
	110	71
	47	48
	111	72
	48	50
	114	76
	53	54
	58	110
	60	111
	61	112
	62	113
net/minecraft/client/gui/layouts/AbstractLayout	85	89
	66	70
	70	74
	74	78
	75	79
	12	15
	76	80
	13	16
	77	81
	14	17
	78	82
	15	18
	16	19
	81	85
	82	86
	83	87
	20	23
	84	88
	21	24
	85	89
	22	25
	23	26
	24	27
	25	28
	29	32
	30	33
	31	34
	32	35
	33	36
	34	37
	38	41
	43	46
	48	51
	53	56
	61	65
	62	66
	63	67
net/minecraft/client/renderer/entity/AxolotlRenderer	26	28
	16	19
	18	21
	21	24
	22	25
	26	28
	15	18
net/minecraft/client/resources/PaintingTextureManager	20	23
	16	19
	20	23
	12	15
	13	16
net/minecraft/client/gui/components/LoadingDotsWidget	52	51
	32	31
	33	32
	34	33
	38	37
	42	41
	46	45
	20	21
	52	51
	21	22
	22	23
	26	27
	27	28
	29	29
	30	30
com/mojang/blaze3d/vertex/MeshData	109	113
	19	21
	20	22
	21	23
	24	26
	25	27
	26	28
	29	30
	30	31
	31	32
	32	33
	34	34
	36	36
	37	37
	38	38
	39	39
	40	40
	41	41
	42	42
	43	43
	44	44
	45	45
	48	48
	52	53
	57	58
	61	62
	66	67
	67	68
	69	70
	70	71
	71	72
	72	73
	77	78
	78	79
	79	80
	81	82
	89	92
	91	93
	92	94
	93	96
	94	97
	95	98
	96	99
	97	100
	98	101
	99	102
	102	105
	106	109
	107	111
	108	112
	109	113
net/minecraft/client/renderer/CubeMap	125	124
	26	26
	27	27
	29	29
	32	32
	34	33
	36	34
	37	35
	39	36
	40	37
	41	38
	43	39
	45	40
	46	41
	47	42
	48	43
	50	45
	51	46
	52	47
	53	48
	54	49
	56	50
	57	51
	58	52
	59	53
	61	55
	62	56
	63	57
	64	58
	65	59
	66	60
	67	61
	68	62
	69	63
	71	66
	72	67
	73	68
	74	69
	75	70
	77	73
	78	74
	79	75
	80	76
	81	77
	83	80
	84	81
	85	82
	86	83
	87	84
	89	87
	90	88
	91	89
	92	90
	93	91
	95	94
	96	95
	97	96
	98	97
	99	98
	101	101
	103	104
	105	105
	107	108
	109	109
	111	110
	112	111
	114	112
	115	113
	117	114
	118	115
	121	118
	122	120
	123	121
	125	124
net/minecraft/client/renderer/SectionBufferBuilderPack	36	37
	16	17
	17	18
	19	20
	35	36
	36	37
	22	24
	26	28
	27	29
	30	32
	31	33
net/minecraft/client/gui/screens/TitleScreen	332	408
	257	324
	258	325
	260	327
	263	330
	264	331
	267	334
	269	335
	270	336
	271	337
	273	340
	276	343
	277	344
	278	345
	281	348
	286	352
	290	356
	291	357
	295	361
	296	361
	299	361
	308	366
	309	367
	311	369
	315	373
	316	374
	317	375
	319	377
	322	380
	68	66
	324	386
	69	67
	325	385
	326	401
	327	402
	72	70
	328	403
	73	71
	331	407
	76	74
	332	408
	77	75
	78	76
	79	77
	82	80
	87	85
	88	86
	90	88
	93	91
	94	92
	95	93
	96	94
	97	95
	103	101
	108	106
	113	111
	114	112
	116	115
	117	116
	119	117
	120	118
	122	119
	123	120
	125	122
	128	127
	129	130
	130	132
	131	137
	132	140
	133	142
	134	144
	136	146
	137	147
	140	150
	141	151
	143	153
	146	157
	147	161
	148	162
	150	163
	151	164
	152	165
	154	166
	155	167
	156	169
	157	175
	161	179
	162	180
	165	181
	166	182
	169	184
	170	185
	171	186
	172	187
	174	188
	178	190
	182	196
	184	197
	185	201
	186	202
	188	204
	190	208
	191	213
	192	217
	194	235
	195	223
	196	225
	197	228
	198	229
	199	230
	203	250
	204	251
	205	252
	207	254
	208	259
	209	260
	213	269
	214	285
	215	286
	216	287
	217	288
	219	289
	224	295
	225	296
	228	299
	229	300
	230	301
	231	302
	232	303
	233	304
	235	306
	236	307
	237	308
	239	311
	241	314
	243	315
	244	316
	246	340
	248	317
	249	318
	251	319
	252	320
	255	323
com/mojang/blaze3d/vertex/VertexBuffer	181	220
	128	173
	129	173
	130	173
	132	175
	134	177
	137	180
	138	181
	139	182
	140	183
	141	184
	145	187
	146	188
	147	189
	149	192
	150	193
	151	194
	153	197
	154	198
	155	199
	29	29
	157	201
	30	30
	31	31
	32	32
	160	204
	33	33
	34	34
	164	208
	37	52
	38	41
	39	74
	42	45
	44	46
	46	47
	47	48
	49	49
	50	50
	51	51
	52	64
	180	219
	53	68
	181	220
	56	89
	57	81
	58	111
	60	85
	61	86
	62	87
	63	88
	64	101
	65	105
	68	114
	69	115
	70	116
	71	117
	73	120
	74	121
	75	122
	78	125
	79	126
	80	127
	83	130
	86	133
	91	138
	92	143
	94	144
	95	145
	98	148
	100	139
	101	140
	103	141
	108	153
	109	154
	110	155
	113	158
	114	159
	115	160
	118	163
	119	164
	122	167
	123	168
	127	172
net/minecraft/client/renderer/entity/layers/WolfCollarLayer	30	29
	17	20
	18	21
	23	24
	24	29
	27	25
	28	26
	29	27
	30	29
net/minecraft/client/gui/screens/worldselection/WorldCreationUiState	311	305
	257	248
	259	252
	265	298
	266	300
	267	301
	271	305
	276	255
	280	259
	284	263
	285	264
	286	265
	289	268
	305	283
	306	284
	307	285
	308	286
	54	51
	55	52
	311	289
	56	53
	57	54
	58	55
	59	56
	60	57
	61	58
	62	59
	65	62
	66	63
	69	66
	70	67
	71	68
	73	71
	74	72
	75	73
	77	76
	78	77
	80	79
	83	82
	84	83
	85	84
	86	85
	89	88
	91	91
	95	94
	96	95
	97	96
	102	102
	106	106
	110	110
	111	111
	112	112
	115	115
	116	115
	118	115
	122	119
	123	120
	124	121
	127	124
	128	124
	130	124
	134	128
	138	132
	139	133
	140	134
	143	137
	144	138
	146	139
	147	140
	149	142
	150	142
	152	142
	156	147
	157	148
	158	149
	159	150
	162	153
	166	157
	167	158
	168	159
	171	162
	172	162
	174	162
	178	166
	179	167
	180	168
	183	171
	184	171
	186	171
	190	175
	191	176
	192	177
	193	178
	196	181
	200	185
	201	186
	202	187
	205	190
	206	191
	207	192
	210	193
	211	201
	213	203
	217	208
	221	212
	222	213
	223	214
	224	215
	226	217
	229	220
	234	225
	235	226
	239	230
	243	234
	247	238
	249	239
	250	242
	251	244
	252	245
	253	246
	254	247
net/minecraft/client/server/LanServerPinger	104	90
	65	59
	66	60
	69	63
	73	67
	74	68
	75	69
	77	71
	78	72
	79	72
	81	72
	85	77
	86	78
	87	79
	90	81
	91	82
	28	28
	29	29
	93	83
	30	30
	31	31
	32	32
	96	85
	97	86
	34	33
	98	87
	35	34
	100	89
	101	90
	102	90
	39	37
	40	38
	104	90
	42	40
	44	42
	46	43
	47	44
	48	45
	49	46
	50	47
	54	51
	55	52
	58	55
	62	58
net/minecraft/client/renderer/entity/ArmorStandRenderer	74	66
	64	60
	67	62
	68	63
	69	64
	71	66
	72	66
	74	66
	23	25
	24	26
	25	29
	26	30
	27	31
	29	34
	30	35
	31	36
	32	37
	36	40
	41	44
	43	45
	44	46
	45	47
	47	49
	51	52
	52	53
	53	54
	54	54
	57	54
	63	59
net/minecraft/client/model/geom/ModelPart	355	340
	256	238
	257	239
	258	240
	259	241
	261	242
	262	243
	263	244
	265	245
	266	246
	267	247
	269	250
	270	251
	273	254
	274	255
	276	258
	277	259
	279	262
	280	263
	282	266
	283	267
	285	269
	288	272
	289	273
	290	275
	291	276
	292	277
	293	278
	294	279
	39	37
	40	38
	296	281
	41	39
	297	282
	298	283
	299	284
	44	42
	300	285
	301	286
	48	46
	304	289
	52	50
	53	51
	56	54
	312	298
	57	55
	314	299
	315	300
	60	58
	316	301
	61	59
	317	302
	62	60
	318	303
	63	61
	319	304
	64	62
	65	63
	321	305
	66	64
	322	306
	67	65
	323	308
	68	66
	324	309
	69	67
	325	310
	326	311
	72	70
	73	71
	74	72
	330	315
	75	73
	331	316
	76	74
	332	317
	77	75
	78	76
	334	319
	79	77
	80	78
	81	79
	84	82
	88	86
	344	329
	89	87
	345	330
	90	88
	92	90
	348	333
	96	95
	352	337
	97	96
	353	338
	98	97
	354	339
	99	98
	355	340
	102	101
	103	102
	104	103
	105	104
	108	107
	109	108
	112	111
	113	126
	115	112
	116	126
	119	113
	120	114
	122	115
	123	116
	126	119
	127	120
	130	123
	131	126
	139	129
	140	130
	143	133
	144	146
	147	134
	148	135
	150	136
	151	138
	152	139
	155	142
	156	143
	157	143
	160	144
	161	146
	164	149
	165	150
	166	151
	168	154
	169	155
	171	157
	174	160
	175	161
	177	163
	180	166
	184	170
	188	174
	189	175
	190	176
	191	177
	194	180
	195	181
	196	182
	197	183
	200	186
	201	187
	202	188
	203	189
	206	192
	219	206
	220	207
	221	208
	222	209
	223	210
	224	211
	225	212
	227	213
	228	214
	229	215
	231	216
	232	217
	233	218
	234	219
	235	220
	236	221
	238	222
	239	223
	240	224
	241	225
	244	228
	245	229
	246	230
	247	231
	249	232
	250	233
	251	234
	252	235
	254	236
	255	237
net/minecraft/client/renderer/entity/VindicatorRenderer	29	33
	17	19
	20	24
	21	25
	23	27
	25	30
	29	33
	15	18
com/mojang/realmsclient/client/FileUpload	214	232
	128	146
	129	147
	130	148
	133	151
	134	152
	135	153
	137	156
	138	157
	139	158
	141	159
	143	161
	144	162
	145	163
	146	164
	147	165
	151	169
	154	172
	158	176
	159	177
	163	181
	164	181
	165	181
	166	181
	170	185
	179	195
	180	196
	181	197
	182	198
	183	199
	187	203
	60	58
	188	204
	61	59
	62	60
	190	207
	63	61
	64	62
	192	209
	65	63
	66	64
	194	210
	67	65
	195	211
	68	66
	196	212
	69	67
	72	70
	200	215
	73	74
	201	217
	202	218
	203	219
	76	71
	77	72
	78	74
	206	223
	207	224
	208	225
	81	77
	209	226
	82	78
	83	79
	84	80
	213	230
	86	82
	214	232
	89	85
	90	86
	91	87
	93	89
	94	90
	95	91
	97	95
	98	96
	99	97
	100	98
	101	114
	103	99
	104	104
	105	105
	106	106
	109	111
	111	100
	115	119
	116	120
	118	122
	119	123
	120	124
	123	127
	126	130
	127	144
net/minecraft/client/particle/BreakingItemParticle	83	85
	32	35
	33	36
	35	37
	36	38
	37	39
	69	78
	41	43
	76	64
	46	48
	15	18
	16	19
	17	20
	18	21
	19	22
	51	53
	83	85
	20	23
	21	24
	22	25
	56	58
	26	29
	30	33
	62	71
	31	34
net/minecraft/client/model/TropicalFishModelB	75	67
	65	56
	70	61
	71	62
	72	63
	74	66
	75	67
	19	21
	20	22
	21	23
	24	26
	25	27
	27	28
	29	29
	30	30
	31	30
	32	30
	34	32
	35	33
	36	33
	37	33
	39	35
	40	37
	41	37
	42	38
	44	40
	45	42
	46	42
	47	43
	49	45
	50	46
	51	46
	52	46
	54	48
	55	49
	56	49
	57	49
	60	51
net/minecraft/client/model/TropicalFishModelA	70	64
	65	58
	66	59
	67	60
	69	63
	70	64
	19	21
	20	22
	21	23
	24	26
	25	27
	27	28
	29	29
	30	30
	31	30
	32	30
	34	32
	35	33
	36	33
	37	33
	39	35
	40	37
	41	37
	42	38
	44	40
	45	42
	46	42
	47	43
	49	45
	50	46
	51	46
	52	46
	55	48
	60	53
net/minecraft/client/renderer/entity/ZoglinRenderer	17	19
	17	19
	12	15
	13	16
com/mojang/realmsclient/dto/package-info	0	0
net/minecraft/client/gui/screens/inventory/CartographyTableScreen	120	111
	27	28
	28	29
	29	30
	33	34
	34	35
	35	36
	39	40
	40	41
	41	42
	43	43
	44	44
	45	45
	46	46
	48	47
	49	48
	52	49
	53	51
	54	52
	55	53
	56	54
	57	55
	59	56
	60	57
	63	61
	64	62
	65	63
	69	67
	72	70
	73	71
	76	76
	77	77
	79	78
	80	79
	81	80
	82	81
	83	82
	84	83
	86	84
	88	85
	89	86
	90	87
	92	88
	93	89
	94	90
	95	91
	97	92
	99	93
	100	94
	102	95
	104	97
	105	98
	107	100
	110	103
	111	104
	112	105
	113	106
	115	107
	116	108
	118	109
	120	111
net/minecraft/client/resources/model/SimpleBakedModel	132	141
	129	137
	66	77
	130	138
	132	141
	71	82
	76	87
	85	106
	86	107
	29	40
	30	41
	31	42
	32	43
	33	44
	97	102
	34	45
	98	103
	35	46
	36	47
	37	48
	101	110
	102	111
	103	112
	104	113
	41	52
	105	114
	106	115
	109	118
	46	57
	110	119
	114	123
	51	62
	115	124
	119	128
	56	67
	121	129
	61	72
	125	133
net/minecraft/client/renderer/entity/IllusionerRenderer	53	56
	32	36
	37	40
	38	41
	39	42
	40	44
	41	45
	42	46
	43	47
	44	48
	47	51
	17	20
	49	53
	19	21
	53	56
	22	26
	23	27
	25	29
	27	32
	28	33
net/minecraft/client/model/StriderModel	158	136
	128	112
	129	113
	130	114
	131	115
	132	116
	134	117
	136	118
	137	119
	138	120
	140	121
	141	122
	142	123
	144	124
	145	125
	147	126
	148	127
	149	128
	151	129
	152	130
	153	131
	154	132
	158	136
	33	34
	34	35
	35	36
	36	37
	37	38
	38	39
	39	40
	40	41
	41	42
	42	43
	43	44
	46	47
	47	48
	49	49
	50	50
	51	50
	52	50
	54	52
	55	53
	56	53
	57	53
	59	55
	60	56
	61	56
	62	56
	65	58
	66	60
	67	60
	68	61
	70	63
	71	65
	72	65
	73	66
	75	68
	76	70
	77	70
	78	71
	80	73
	81	75
	82	75
	83	76
	85	78
	86	80
	87	80
	88	81
	90	83
	91	85
	92	85
	93	86
	96	88
	101	92
	103	93
	104	94
	105	95
	107	97
	108	98
	111	101
	113	102
	115	103
	116	104
	118	105
	119	106
	121	107
	122	108
	124	109
	125	110
	127	111
com/mojang/blaze3d/platform/GlStateManager	934	922
	46	45
	51	50
	52	51
	53	52
	56	55
	57	56
	58	57
	61	60
	62	61
	63	62
	66	65
	67	66
	68	67
	71	70
	72	71
	73	72
	76	75
	77	76
	78	77
	79	78
	81	80
	84	83
	85	84
	86	85
	87	86
	89	88
	92	91
	93	92
	94	93
	97	96
	98	97
	99	98
	102	101
	103	102
	104	103
	105	104
	106	105
	108	107
	111	110
	112	111
	113	112
	114	113
	115	114
	116	115
	117	116
	119	118
	122	121
	123	122
	124	123
	127	126
	128	127
	132	131
	133	132
	134	133
	137	136
	138	137
	139	138
	142	141
	143	142
	147	146
	151	147
	152	149
	153	150
	156	153
	157	154
	158	155
	159	156
	160	157
	162	159
	163	160
	164	161
	165	162
	167	164
	168	166
	172	169
	173	170
	174	171
	177	174
	178	175
	182	179
	183	180
	184	181
	187	184
	188	185
	192	189
	193	190
	194	191
	197	194
	198	195
	199	196
	202	199
	203	200
	207	204
	208	205
	209	206
	212	209
	213	210
	214	211
	217	214
	218	215
	219	216
	222	219
	223	220
	224	221
	227	224
	228	225
	229	226
	232	229
	233	230
	234	231
	237	234
	238	235
	239	236
	242	239
	243	240
	244	241
	247	244
	248	245
	249	246
	252	249
	253	250
	254	251
	257	254
	258	255
	259	256
	262	259
	263	260
	264	261
	267	264
	268	265
	272	269
	273	270
	274	271
	277	274
	278	275
	282	279
	283	280
	287	284
	288	285
	289	286
	292	289
	293	290
	294	291
	297	294
	298	295
	299	296
	302	299
	303	300
	304	301
	308	305
	309	306
	313	310
	314	311
	315	312
	318	315
	319	316
	321	317
	322	318
	323	319
	325	322
	326	323
	329	326
	330	327
	331	328
	334	331
	335	332
	336	333
	339	336
	341	337
	342	338
	345	341
	346	342
	347	343
	350	346
	352	347
	353	348
	356	351
	358	352
	359	353
	362	356
	364	357
	365	358
	368	361
	370	362
	374	366
	376	367
	380	371
	382	372
	383	373
	386	376
	388	377
	389	378
	392	381
	394	382
	398	386
	400	387
	401	388
	404	391
	406	392
	410	396
	411	397
	412	398
	415	401
	416	402
	417	403
	420	406
	421	407
	425	411
	426	412
	430	416
	432	417
	433	417
	434	417
	436	418
	439	421
	441	422
	442	422
	443	422
	444	423
	445	424
	448	427
	451	429
	452	429
	453	430
	454	431
	455	432
	456	433
	459	436
	460	437
	461	438
	464	441
	465	442
	466	443
	469	446
	470	447
	471	448
	474	451
	475	452
	476	453
	479	456
	480	457
	481	458
	484	461
	485	462
	486	463
	487	464
	488	465
	490	467
	515	836
	516	837
	520	470
	521	471
	522	472
	525	475
	526	476
	527	477
	530	480
	531	481
	532	482
	533	483
	535	485
	538	488
	539	489
	540	490
	541	491
	543	493
	546	496
	547	497
	548	498
	551	501
	552	502
	553	503
	556	506
	560	510
	561	511
	565	515
	566	516
	567	517
	570	520
	571	521
	572	523
	573	524
	574	525
	577	528
	580	531
	581	533
	582	534
	583	535
	584	536
	588	541
	589	542
	592	545
	593	546
	594	547
	595	548
	597	550
	600	553
	604	557
	605	558
	606	559
	609	562
	610	563
	611	564
	614	567
	615	568
	617	570
	619	572
	623	576
	625	577
	626	578
	627	579
	628	580
	629	581
	631	583
	632	585
	636	588
	637	589
	638	590
	641	593
	642	594
	643	595
	644	596
	645	597
	646	598
	647	599
	650	602
	651	603
	652	604
	653	605
	654	606
	655	607
	656	608
	658	610
	661	613
	662	614
	663	615
	664	616
	665	617
	666	618
	668	620
	671	623
	672	624
	673	625
	674	626
	676	628
	679	631
	680	632
	681	633
	682	634
	683	635
	684	636
	686	638
	689	641
	690	642
	691	643
	694	646
	695	647
	696	648
	699	651
	700	652
	701	653
	704	656
	705	657
	707	658
	708	659
	710	661
	713	664
	714	665
	715	666
	718	669
	719	670
	720	671
	723	674
	724	675
	725	676
	728	679
	729	680
	730	681
	733	684
	734	685
	735	686
	738	689
	739	690
	740	691
	743	694
	744	695
	745	696
	748	699
	749	700
	750	701
	753	704
	754	705
	755	706
	758	709
	759	710
	763	714
	764	715
	768	719
	769	720
	781	910
	785	914
	789	918
	793	922
	862	738
	863	739
	866	742
	867	743
	870	746
	871	747
	874	750
	875	751
	876	752
	877	753
	878	754
	880	756
	883	759
	908	875
	909	876
	933	810
	934	811
net/minecraft/client/particle/FlyStraightTowardsParticle	96	84
	64	70
	67	61
	68	62
	70	63
	71	64
	72	65
	74	66
	76	67
	77	67
	78	67
	79	67
	17	19
	81	68
	82	70
	19	20
	20	21
	21	22
	22	23
	23	24
	24	25
	88	77
	25	26
	89	78
	26	27
	27	28
	28	29
	29	30
	93	81
	30	31
	94	82
	95	83
	32	32
	96	84
	33	33
	35	34
	37	35
	38	36
	39	37
	43	41
	49	46
	53	50
	58	55
	59	56
	60	57
	62	58
	63	59
com/mojang/blaze3d/vertex/VertexSorting	28	32
	16	19
	20	23
	21	24
	22	25
	23	27
	24	28
	9	12
	25	27
	27	31
	12	15
	28	32
net/minecraft/client/multiplayer/resolver/package-info	0	0
net/minecraft/client/renderer/chunk/RenderChunk	82	84
	65	67
	66	68
	70	71
	71	72
	72	73
	73	74
	74	75
	77	79
	78	80
	79	81
	80	82
	81	83
	82	84
	30	32
	31	33
	32	34
	33	35
	34	36
	36	38
	37	39
	38	41
	39	42
	42	45
	46	49
	51	53
	52	54
	53	55
	54	56
	55	57
	56	58
	57	59
	59	62
	60	63
	62	66
net/minecraft/client/multiplayer/MultiPlayerGameMode	536	498
	515	477
	519	481
	523	485
	527	489
	531	493
	532	494
	535	497
	536	498
	80	81
	81	82
	82	83
	85	86
	86	87
	89	90
	90	91
	91	92
	92	93
	95	96
	96	97
	98	100
	99	101
	100	102
	103	105
	107	109
	108	110
	111	112
	112	113
	113	114
	114	115
	117	117
	119	118
	120	119
	124	120
	125	121
	128	123
	129	124
	131	125
	132	126
	133	127
	139	130
	143	137
	144	138
	147	139
	148	140
	151	142
	152	143
	153	144
	157	145
	158	146
	159	147
	162	149
	163	150
	164	151
	168	152
	170	155
	171	156
	176	157
	177	158
	178	159
	179	160
	181	163
	182	164
	184	166
	185	167
	186	168
	187	169
	188	170
	189	171
	191	174
	194	178
	198	183
	199	184
	200	185
	204	186
	205	187
	206	188
	207	189
	208	190
	210	192
	213	195
	215	196
	216	197
	217	198
	220	199
	221	200
	222	201
	223	202
	227	203
	228	204
	229	205
	231	207
	234	208
	235	209
	237	210
	238	211
	239	212
	242	214
	244	215
	245	216
	246	219
	247	221
	251	231
	253	232
	254	233
	255	234
	259	235
	260	236
	261	237
	264	239
	265	240
	266	241
	269	244
	270	245
	271	248
	273	245
	277	253
	278	254
	279	255
	280	256
	282	258
	285	261
	287	262
	288	263
	290	265
	292	267
	297	270
	298	271
	302	275
	303	276
	304	277
	305	278
	307	280
	310	283
	312	284
	313	285
	316	287
	317	288
	318	289
	319	290
	322	292
	326	297
	327	298
	328	299
	329	300
	333	302
	334	303
	336	304
	337	305
	338	306
	339	307
	341	310
	342	313
	343	314
	345	317
	346	318
	347	319
	348	320
	353	325
	354	338
	358	326
	360	328
	362	329
	363	330
	364	331
	366	333
	368	336
	372	344
	373	345
	375	347
	376	348
	377	349
	378	350
	379	351
	380	352
	381	353
	382	354
	385	356
	388	357
	389	358
	390	359
	392	362
	393	363
	395	366
	399	371
	403	375
	407	379
	408	380
	409	381
	410	382
	411	383
	413	385
	416	388
	417	389
	418	390
	419	390
	421	390
	425	394
	426	395
	427	396
	428	397
	429	397
	431	397
	436	401
	437	402
	438	403
	439	427
	441	405
	442	406
	443	407
	444	409
	445	410
	448	413
	450	414
	451	416
	452	417
	453	418
	454	419
	455	420
	459	424
	460	427
	463	430
	464	431
	467	434
	468	435
	471	438
	472	439
	474	441
	477	444
	478	445
	480	447
	483	450
	484	451
	485	452
	486	453
	489	456
	493	460
	497	464
	506	468
	510	472
net/minecraft/client/gui/screens/GenericMessageScreen	48	48
	34	35
	39	40
	45	45
	46	46
	15	16
	47	47
	16	17
	48	48
	20	21
	21	22
	22	23
	26	27
	27	28
	28	29
	30	31
net/minecraft/client/renderer/entity/ItemRenderer	266	264
	258	257
	260	258
	261	260
	265	263
	266	264
	78	75
	79	76
	80	77
	81	78
	83	80
	84	81
	85	82
	88	86
	89	87
	92	90
	97	94
	98	95
	99	97
	100	98
	101	99
	103	102
	104	103
	105	104
	108	116
	109	164
	112	117
	114	118
	116	121
	117	122
	118	123
	119	124
	120	125
	123	129
	125	130
	126	131
	127	159
	132	133
	133	134
	134	135
	136	137
	139	140
	142	142
	144	143
	145	144
	146	145
	147	146
	148	147
	150	150
	152	151
	153	152
	155	154
	159	157
	161	162
	162	164
	165	167
	169	171
	170	172
	171	172
	172	172
	175	173
	179	177
	180	178
	181	178
	186	183
	187	184
	188	185
	189	185
	190	185
	194	186
	195	186
	196	186
	199	188
	203	193
	204	194
	205	194
	206	194
	209	195
	213	199
	215	200
	217	202
	218	203
	219	204
	220	205
	223	208
	224	209
	225	210
	226	211
	227	212
	229	214
	234	218
	235	219
	236	220
	237	221
	239	223
	243	226
	245	227
	246	228
	250	241
	251	242
	254	256
	255	260
net/minecraft/client/gui/screens/options/UnsupportedGraphicsWarningScreen	81	81
	64	63
	65	64
	66	65
	67	66
	71	70
	79	79
	80	80
	81	81
	29	30
	30	31
	31	32
	32	33
	33	34
	37	38
	42	43
	43	44
	45	47
	47	48
	48	49
	50	50
	51	51
	53	52
	55	53
	56	55
	57	56
	58	57
	60	59
net/minecraft/client/gui/font/FontSet	205	193
	128	122
	132	123
	133	124
	135	127
	136	128
	140	133
	141	133
	144	133
	148	137
	152	141
	153	142
	154	143
	155	144
	159	148
	163	152
	167	156
	168	157
	169	158
	170	159
	43	44
	44	45
	45	46
	174	163
	175	164
	48	49
	176	165
	49	50
	177	168
	50	51
	178	169
	179	170
	180	171
	53	54
	54	55
	182	172
	55	56
	56	57
	186	176
	59	60
	187	177
	188	177
	61	61
	62	62
	190	177
	63	63
	65	64
	66	65
	194	181
	67	66
	70	69
	198	185
	71	70
	72	72
	73	73
	74	74
	75	75
	205	193
	79	79
	80	80
	81	81
	82	82
	83	83
	84	84
	85	85
	86	86
	91	91
	93	92
	98	96
	100	97
	103	100
	104	101
	106	104
	107	105
	110	108
	111	109
	112	113
	115	110
	116	111
	124	118
	126	120
	127	121
com/mojang/realmsclient/gui/screens/RealmsSubscriptionInfoScreen	169	167
	128	133
	129	134
	133	138
	135	139
	137	140
	138	141
	139	142
	141	143
	142	144
	143	145
	144	146
	147	149
	148	150
	151	153
	152	154
	153	155
	154	156
	157	158
	158	159
	159	160
	160	161
	162	162
	163	163
	164	164
	165	165
	166	167
	167	167
	169	167
	50	48
	51	49
	52	50
	53	51
	54	52
	58	56
	60	57
	61	60
	63	60
	65	61
	67	65
	68	66
	69	70
	70	71
	72	75
	73	76
	74	78
	76	82
	80	85
	81	86
	85	90
	89	94
	93	97
	94	98
	95	99
	96	100
	99	104
	100	105
	101	107
	103	108
	104	109
	107	112
	109	115
	110	116
	111	117
	112	118
	113	119
	114	120
	115	121
	117	123
	120	126
	122	127
	123	128
com/mojang/blaze3d/systems/RenderSystem	986	928
	61	58
	62	59
	63	60
	64	61
	65	62
	66	63
	67	64
	69	66
	70	67
	71	68
	72	69
	73	70
	74	71
	75	72
	112	97
	113	98
	115	100
	116	102
	119	105
	123	109
	127	113
	128	116
	130	114
	134	119
	135	120
	137	122
	140	125
	144	129
	145	130
	148	133
	149	134
	150	135
	152	136
	153	137
	156	140
	161	144
	162	145
	165	146
	167	147
	168	148
	169	149
	172	152
	173	153
	174	154
	176	156
	181	159
	182	162
	183	162
	184	163
	185	162
	187	166
	188	167
	192	170
	193	171
	194	172
	197	175
	198	176
	201	179
	202	180
	203	181
	206	184
	207	185
	210	188
	211	189
	212	190
	215	193
	216	194
	217	195
	220	198
	221	199
	222	200
	226	203
	227	204
	228	205
	231	208
	232	209
	233	210
	236	213
	237	214
	238	215
	241	223
	242	224
	243	225
	246	228
	247	229
	248	230
	251	233
	252	234
	253	235
	256	238
	257	239
	258	240
	261	243
	262	244
	263	245
	267	248
	268	249
	269	250
	272	253
	273	254
	274	255
	277	258
	278	259
	279	260
	282	263
	283	264
	284	265
	287	268
	288	269
	289	270
	292	273
	293	274
	294	275
	297	278
	298	279
	299	280
	303	283
	304	284
	305	285
	308	288
	309	289
	312	292
	313	293
	316	296
	317	297
	320	300
	321	301
	324	304
	325	305
	329	308
	330	309
	331	310
	335	313
	336	314
	337	315
	340	318
	341	319
	342	320
	345	323
	346	324
	347	325
	351	328
	352	329
	355	332
	356	333
	359	336
	360	337
	361	338
	364	341
	365	342
	368	345
	369	346
	370	347
	373	350
	374	351
	378	355
	379	356
	382	359
	383	360
	384	361
	387	364
	388	365
	392	369
	393	370
	394	371
	397	374
	398	375
	402	379
	403	380
	404	381
	405	382
	406	383
	407	384
	410	387
	411	388
	414	391
	415	392
	419	396
	420	397
	421	398
	424	401
	425	402
	429	406
	430	407
	431	408
	432	409
	435	412
	436	413
	437	414
	439	417
	440	418
	442	420
	445	423
	446	424
	447	424
	448	424
	450	426
	452	428
	455	431
	456	432
	457	433
	458	434
	459	435
	462	438
	463	439
	467	443
	468	444
	469	445
	472	448
	473	449
	474	449
	475	449
	477	451
	479	453
	482	456
	483	457
	487	461
	488	462
	491	465
	492	466
	493	467
	496	470
	497	471
	498	472
	501	475
	505	479
	509	483
	513	487
	514	488
	515	489
	518	492
	519	493
	522	496
	523	497
	524	498
	527	501
	528	502
	532	506
	533	507
	534	508
	536	509
	537	510
	539	511
	541	512
	543	513
	544	514
	547	517
	548	518
	549	519
	550	521
	551	522
	552	523
	553	524
	554	525
	555	526
	558	530
	559	531
	562	534
	566	538
	567	539
	570	542
	571	543
	574	546
	575	547
	576	548
	579	551
	580	552
	581	553
	584	556
	585	557
	586	558
	589	561
	590	562
	591	563
	594	566
	595	567
	596	568
	599	571
	600	572
	601	573
	604	576
	605	577
	606	578
	609	581
	610	582
	611	583
	614	586
	615	587
	616	588
	619	591
	620	592
	621	593
	624	596
	625	597
	626	598
	629	601
	630	602
	631	603
	634	606
	635	607
	636	608
	639	611
	640	612
	641	613
	644	616
	645	617
	646	618
	649	621
	650	622
	651	623
	654	626
	655	627
	656	628
	659	631
	660	632
	661	633
	664	636
	665	637
	666	638
	669	641
	670	642
	671	643
	674	646
	675	647
	678	650
	679	651
	680	652
	682	655
	683	656
	685	658
	688	661
	689	662
	690	662
	691	662
	693	664
	695	666
	698	669
	699	670
	700	670
	701	670
	703	672
	705	674
	708	677
	709	678
	713	683
	714	685
	718	689
	719	690
	720	691
	721	699
	724	693
	725	694
	727	695
	728	696
	729	697
	730	699
	733	702
	734	703
	735	703
	736	703
	738	705
	740	707
	744	711
	745	712
	749	716
	750	717
	751	717
	752	717
	754	719
	756	721
	759	724
	760	725
	761	726
	762	727
	764	729
	767	732
	768	733
	769	733
	770	733
	772	735
	774	737
	777	740
	778	741
	780	743
	783	746
	784	747
	785	747
	787	747
	791	751
	792	752
	793	753
	794	754
	795	755
	796	756
	798	758
	799	759
	801	761
	804	764
	805	765
	806	766
	807	766
	808	766
	810	768
	812	770
	815	773
	816	774
	817	774
	818	774
	820	776
	822	778
	825	781
	826	782
	827	783
	828	783
	829	783
	831	785
	833	787
	836	790
	837	791
	838	791
	839	791
	841	793
	843	795
	846	798
	847	799
	848	800
	851	803
	852	804
	853	804
	854	804
	856	806
	858	808
	861	811
	862	812
	863	813
	866	816
	867	817
	871	821
	872	822
	876	826
	880	830
	881	831
	885	835
	886	837
	887	838
	888	839
	889	840
	894	845
	895	846
	896	847
	897	847
	898	847
	900	849
	902	851
	905	854
	906	855
	910	859
	911	860
	924	873
	925	874
	926	875
	927	876
	930	879
	934	883
	935	884
	937	887
	939	888
	940	889
	943	892
	944	915
	947	893
	948	894
	950	895
	951	896
	953	897
	954	898
	956	899
	958	900
	959	901
	960	902
	963	904
	965	905
	966	907
	967	908
	970	911
	972	912
	973	915
	976	918
	978	920
	981	923
	986	928
net/minecraft/client/particle/BaseAshSmokeParticle	49	66
	10	30
	11	31
	12	32
	13	33
	15	34
	16	35
	17	36
	18	37
	19	38
	20	39
	21	40
	23	41
	24	42
	25	43
	26	44
	27	45
	29	46
	30	47
	31	48
	32	49
	33	50
	37	54
	42	59
	47	64
	48	65
	49	66
net/minecraft/client/renderer/block/model/BlockElementRotation	0	0
net/minecraft/client/gui/screens/CreateBuffetWorldScreen	111	99
	64	57
	66	58
	68	59
	69	60
	70	61
	71	62
	72	63
	73	64
	75	65
	77	66
	78	67
	79	68
	83	72
	84	73
	85	74
	88	77
	89	78
	93	83
	95	84
	97	85
	98	87
	99	88
	100	89
	101	90
	105	93
	43	39
	107	94
	44	40
	108	95
	45	41
	110	98
	47	42
	111	99
	50	43
	51	44
	52	45
	56	49
	57	50
	61	54
	62	55
	63	56
net/minecraft/client/renderer/entity/layers/WardenEmissiveLayer	53	57
	33	39
	34	47
	37	40
	38	41
	39	42
	40	43
	41	44
	42	45
	43	47
	46	50
	47	51
	48	52
	49	53
	52	56
	53	57
	25	32
	26	33
	27	34
	28	35
	29	36
com/mojang/blaze3d/platform/Monitor	86	91
	65	71
	69	75
	73	79
	77	83
	81	87
	19	22
	20	23
	21	24
	22	25
	86	91
	25	28
	26	29
	27	31
	28	32
	29	33
	30	34
	31	35
	34	39
	35	40
	36	41
	37	42
	38	43
	39	44
	40	45
	41	46
	44	49
	45	50
	47	52
	48	53
	49	54
	53	59
	57	63
	61	67
net/minecraft/client/gui/font/FontTexture	132	123
	129	119
	130	120
	132	123
	23	24
	24	25
	25	26
	26	27
	27	28
	32	32
	36	36
	37	37
	41	41
	42	42
	45	44
	47	45
	48	46
	49	47
	51	48
	52	49
	56	50
	58	51
	60	54
	62	56
	64	57
	65	58
	66	59
	67	60
	71	63
	76	70
	77	71
	78	72
	92	87
	93	88
	94	89
	95	90
	96	91
	100	95
	101	96
	102	97
	103	98
	105	101
	108	102
	109	103
	111	105
	112	106
	114	107
	115	108
	117	109
	118	110
	119	111
	122	113
	123	114
	125	115
	126	116
	127	117
com/mojang/blaze3d/audio/SoundBuffer	60	64
	20	20
	21	21
	22	22
	25	25
	26	26
	27	27
	29	30
	30	31
	31	32
	32	33
	33	34
	35	37
	36	38
	37	39
	39	42
	40	43
	41	44
	44	47
	48	51
	49	52
	50	53
	51	54
	54	58
	55	59
	58	62
	59	63
	60	64
